/* Generated by tools/gen_font.py from Noto Sans Bold (OFL 1.1). Do not edit. */
#include "gfx.h"

static const uint8_t font_small_bits[] = {
    0x70,0x70,0x70,0x70,0x70,0x70,0x70,0x70,0x70,0x00,0x70,0x70,0x70,0x76,0x00,0x76,0x00,0x76,0x00,0x66,0x00,0x66,0x00,0x00,
    0x00,0x00,0x00,0x00,0x00,0x00,0x00,0x00,0x00,0x00,0x00,0x00,0x00,0x00,0x00,0x0c,0xc0,0x0c,0xc0,0x0d,0x80,0x1d,0x80,0x7f,
    0xe0,0x7f,0xe0,0x19,0x80,0x1b,0x80,0xff,0xe0,0xff,0xe0,0x33,0x00,0x33,0x00,0x37,0x00,0x0c,0x00,0x0e,0x00,0x3f,0x80,0x7f,
    0x80,0x7c,0x00,0x7c,0x00,0x7e,0x00,0x1f,0x00,0x0f,0x80,0x0d,0xc0,0x4d,0xc0,0x7f,0x80,0x7f,0x00,0x0c,0x00,0x0c,0x00,0x38,
    0x30,0x7c,0x30,0x6e,0x60,0x6e,0x60,0x6e,0xc0,0x6e,0xdc,0x7d,0xbe,0x3f,0xb7,0x03,0x37,0x07,0x37,0x06,0x37,0x0c,0x3e,0x0c,
    0x1c,0x1f,0x00,0x3f,0x80,0x3b,0x80,0x31,0x80,0x3f,0x80,0x1f,0x00,0x3e,0x38,0x7f,0x30,0x73,0xf0,0x71,0xe0,0x71,0xe0,0x7f,
    0xf0,0x1f,0x38,0x70,0x70,0x70,0x60,0x60,0x00,0x00,0x00,0x00,0x00,0x00,0x00,0x00,0x18,0x38,0x30,0x70,0x70,0x60,0x60,0x60,
    0x60,0x60,0x60,0x70,0x70,0x30,0x38,0x18,0x60,0x70,0x30,0x38,0x38,0x18,0x18,0x18,0x18,0x18,0x18,0x18,0x38,0x30,0x70,0x60,
    0x0c,0x00,0x0c,0x00,0x4c,0x80,0x7f,0x80,0x7f,0x80,0x1e,0x00,0x3f,0x00,0x33,0x00,0x00,0x00,0x00,0x00,0x00,0x00,0x00,0x00,
    0x00,0x00,0x00,0x00,0x0c,0x00,0x0c,0x00,0x0c,0x00,0x0c,0x00,0x7f,0xc0,0x7f,0xc0,0x0c,0x00,0x0c,0x00,0x0c,0x00,0x00,0x00,
    0x00,0x00,0x70,0x70,0x60,0x60,0x00,0xf8,0xf8,0x00,0x00,0x00,0x00,0x70,0x70,0x70,0x06,0x0e,0x0c,0x0c,0x1c,0x18,0x38,0x38,
    0x30,0x70,0x70,0x60,0xe0,0x1e,0x00,0x3f,0x00,0x73,0x80,0x71,0x80,0x71,0xc0,0x61,0xc0,0x61,0xc0,0x61,0xc0,0x71,0xc0,0x71,
    0x80,0x73,0x80,0x3f,0x00,0x1e,0x00,0x07,0x00,0x1f,0x00,0x3f,0x00,0x7f,0x00,0x27,0x00,0x07,0x00,0x07,0x00,0x07,0x00,0x07,
    0x00,0x07,0x00,0x07,0x00,0x07,0x00,0x07,0x00,0x1f,0x00,0x7f,0x80,0x73,0x80,0x01,0x80,0x03,0x80,0x03,0x80,0x07,0x00,0x0f,
    0x00,0x1e,0x00,0x3c,0x00,0x78,0x00,0x7f,0xc0,0x7f,0xc0,0x3f,0x00,0x7f,0x80,0x23,0x80,0x03,0x80,0x03,0x80,0x1f,0x00,0x1f,
    0x00,0x03,0x80,0x01,0xc0,0x01,0xc0,0x43,0x80,0x7f,0x80,0x7e,0x00,0x03,0x80,0x07,0x80,0x0f,0x80,0x1f,0x80,0x1b,0x80,0x33,
    0x80,0x73,0x80,0x63,0x80,0xff,0xc0,0xff,0xc0,0x03,0x80,0x03,0x80,0x03,0x80,0x3f,0x80,0x7f,0x80,0x70,0x00,0x70,0x00,0x70,
    0x00,0x7f,0x00,0x7f,0x80,0x03,0x80,0x01,0xc0,0x01,0x80,0x43,0x80,0x7f,0x80,0x7e,0x00,0x0f,0x80,0x1f,0x80,0x38,0x00,0x70,
    0x00,0x70,0x00,0x6f,0x00,0x7f,0x80,0x73,0xc0,0x61,0xc0,0x71,0xc0,0x73,0x80,0x3f,0x80,0x1f,0x00,0xff,0xc0,0xff,0xc0,0x03,
    0x80,0x03,0x80,0x03,0x80,0x07,0x00,0x07,0x00,0x0e,0x00,0x0e,0x00,0x1c,0x00,0x1c,0x00,0x1c,0x00,0x38,0x00,0x1f,0x00,0x7f,
    0x80,0x73,0x80,0x71,0x80,0x73,0x80,0x3f,0x00,0x1f,0x00,0x7f,0x80,0x71,0x80,0x61,0xc0,0x73,0xc0,0x7f,0x80,0x3f,0x00,0x1e,
    0x00,0x7f,0x00,0x73,0x80,0x61,0x80,0x61,0xc0,0x73,0xc0,0x7f,0xc0,0x3d,0xc0,0x01,0x80,0x03,0x80,0x07,0x80,0x7f,0x00,0x7c,
    0x00,0x70,0x70,0x70,0x00,0x00,0x00,0x00,0x70,0x70,0x70,0x70,0x70,0x70,0x00,0x00,0x00,0x00,0x00,0x70,0x70,0x60,0x60,0x00,
    0x00,0x00,0xc0,0x03,0xc0,0x0f,0x00,0x3c,0x00,0x70,0x00,0x7c,0x00,0x1f,0x00,0x07,0xc0,0x00,0xc0,0x00,0x00,0x00,0x00,0x00,
    0x00,0x7f,0xc0,0x7f,0xc0,0x00,0x00,0x7f,0xc0,0x7f,0xc0,0x00,0x00,0x00,0x00,0x00,0x00,0x00,0x00,0x00,0x00,0x40,0x00,0x70,
    0x00,0x3c,0x00,0x0f,0x00,0x03,0xc0,0x07,0x80,0x3e,0x00,0x78,0x00,0x60,0x00,0x00,0x00,0x00,0x00,0x7e,0x00,0xff,0x00,0x47,
    0x00,0x07,0x00,0x07,0x00,0x0e,0x00,0x1c,0x00,0x38,0x00,0x10,0x00,0x00,0x00,0x38,0x00,0x38,0x00,0x38,0x00,0x03,0xe0,0x0f,
    0xf8,0x1e,0x3c,0x3b,0xee,0x37,0xf6,0x66,0x76,0x6e,0x76,0x6c,0x76,0x6e,0x76,0x67,0xfc,0x63,0x9c,0x30,0x00,0x3c,0x30,0x1f,
    0xf0,0x07,0xe0,0x0f,0x00,0x0f,0x00,0x0f,0x80,0x1d,0x80,0x1d,0xc0,0x19,0xc0,0x39,0xc0,0x38,0xe0,0x7f,0xe0,0x7f,0xe0,0x70,
    0x70,0xe0,0x70,0xe0,0x70,0x3f,0x80,0x3f,0xc0,0x39,0xe0,0x30,0xe0,0x31,0xe0,0x3f,0xc0,0x3f,0xc0,0x39,0xe0,0x30,0xe0,0x30,
    0xe0,0x39,0xe0,0x3f,0xc0,0x3f,0x80,0x0f,0xc0,0x1f,0xe0,0x3c,0xc0,0x38,0x00,0x70,0x00,0x70,0x00,0x70,0x00,0x70,0x00,0x70,
    0x00,0x78,0x00,0x3c,0x40,0x1f,0xc0,0x0f,0xc0,0x3f,0x80,0x3f,0xc0,0x39,0xe0,0x30,0x70,0x30,0x70,0x30,0x70,0x30,0x70,0x30,
    0x70,0x30,0x70,0x30,0x70,0x39,0xe0,0x3f,0xc0,0x3f,0x80,0x3f,0x80,0x3f,0x80,0x38,0x00,0x30,0x00,0x30,0x00,0x3f,0x80,0x3f,
    0x80,0x38,0x00,0x30,0x00,0x30,0x00,0x38,0x00,0x3f,0x80,0x3f,0x80,0x3f,0x80,0x3f,0x80,0x30,0x00,0x30,0x00,0x30,0x00,0x30,
    0x00,0x3f,0x80,0x3f,0x80,0x30,0x00,0x30,0x00,0x30,0x00,0x30,0x00,0x30,0x00,0x07,0xe0,0x1f,0xe0,0x3c,0x60,0x38,0x00,0x70,
    0x00,0x70,0x00,0x73,0xf0,0x73,0xf0,0x70,0x70,0x78,0x70,0x3c,0x70,0x1f,0xf0,0x0f,0xe0,0x30,0x70,0x30,0x70,0x30,0x70,0x30,
    0x70,0x30,0x70,0x3f,0xf0,0x3f,0xf0,0x38,0x70,0x30,0x70,0x30,0x70,0x30,0x70,0x30,0x70,0x30,0x70,0x7c,0x7c,0x38,0x38,0x38,
    0x38,0x38,0x38,0x38,0x38,0x38,0x7c,0x7c,0x0c,0x0c,0x0c,0x0c,0x0c,0x0c,0x0c,0x0c,0x0c,0x0c,0x0c,0x0c,0x1c,0x1c,0x7c,0x78,
    0x00,0x30,0xf0,0x30,0xe0,0x31,0xc0,0x33,0x80,0x37,0x80,0x3f,0x00,0x3f,0x00,0x3f,0x80,0x3b,0x80,0x31,0xc0,0x31,0xc0,0x30,
    0xe0,0x30,0xf0,0x30,0x00,0x30,0x00,0x30,0x00,0x30,0x00,0x30,0x00,0x30,0x00,0x30,0x00,0x30,0x00,0x30,0x00,0x30,0x00,0x38,
    0x00,0x3f,0xc0,0x3f,0xc0,0x3c,0x1e,0x00,0x3c,0x1e,0x00,0x3c,0x1e,0x00,0x3c,0x3e,0x00,0x3e,0x3e,0x00,0x36,0x36,0x00,0x36,
    0x76,0x00,0x37,0x66,0x00,0x33,0x66,0x00,0x33,0xe6,0x00,0x33,0xc6,0x00,0x31,0xc6,0x00,0x31,0xc6,0x00,0x38,0x38,0x3c,0x38,
    0x3e,0x38,0x3e,0x38,0x37,0x38,0x37,0x38,0x33,0x98,0x33,0x98,0x31,0xd8,0x31,0xf8,0x30,0xf8,0x30,0x78,0x30,0x78,0x0f,0xc0,
    0x1f,0xf0,0x3c,0x70,0x78,0x38,0x70,0x38,0x70,0x38,0x70,0x38,0x70,0x38,0x70,0x38,0x38,0x38,0x3c,0x70,0x1f,0xf0,0x0f,0xc0,
    0x3f,0x80,0x3f,0xc0,0x39,0xc0,0x30,0xe0,0x30,0xe0,0x31,0xc0,0x3f,0xc0,0x3f,0x80,0x38,0x00,0x30,0x00,0x30,0x00,0x30,0x00,
    0x30,0x00,0x0f,0xc0,0x1f,0xf0,0x3c,0x70,0x78,0x38,0x70,0x38,0x70,0x38,0x70,0x38,0x70,0x38,0x70,0x38,0x38,0x38,0x3c,0x70,
    0x1f,0xf0,0x0f,0xc0,0x00,0xe0,0x00,0xf0,0x00,0x78,0x3f,0x80,0x3f,0xc0,0x39,0xc0,0x30,0xe0,0x30,0xc0,0x39,0xc0,0x3f,0x80,
    0x3f,0x00,0x33,0x80,0x31,0xc0,0x31,0xc0,0x30,0xe0,0x30,0xf0,0x1f,0x00,0x3f,0x80,0x71,0x00,0x70,0x00,0x70,0x00,0x7c,0x00,
    0x3f,0x00,0x0f,0x80,0x03,0x80,0x03,0x80,0x63,0x80,0x7f,0x00,0x7e,0x00,0xff,0xc0,0xff,0xc0,0x0e,0x00,0x0e,0x00,0x0e,0x00,
    0x0e,0x00,0x0e,0x00,0x0e,0x00,0x0e,0x00,0x0e,0x00,0x0e,0x00,0x0e,0x00,0x0e,0x00,0x70,0x70,0x70,0x70,0x70,0x70,0x70,0x70,
    0x70,0x70,0x70,0x70,0x70,0x70,0x70,0x70,0x70,0x70,0x38,0x70,0x3c,0xf0,0x1f,0xe0,0x0f,0xc0,0xe0,0x70,0xe0,0xe0,0x70,0xe0,
    0x70,0xe0,0x71,0xc0,0x39,0xc0,0x39,0xc0,0x39,0x80,0x1b,0x80,0x1f,0x80,0x1f,0x00,0x0f,0x00,0x0f,0x00,0xe1,0xc1,0x80,0xe1,
    0xc3,0x80,0x61,0xe3,0x80,0x73,0xe3,0x80,0x73,0xe3,0x00,0x73,0x67,0x00,0x33,0x77,0x00,0x37,0x37,0x00,0x3f,0x36,0x00,0x3e,
    0x3e,0x00,0x1e,0x3e,0x00,0x1e,0x1e,0x00,0x1e,0x1c,0x00,0x70,0xe0,0x70,0xe0,0x39,0xc0,0x39,0xc0,0x1f,0x80,0x0f,0x00,0x0f,
    0x00,0x1f,0x00,0x1f,0x80,0x39,0xc0,0x39,0xc0,0x70,0xe0,0xe0,0x70,0xe0,0xe0,0x71,0xe0,0x71,0xc0,0x3b,0x80,0x3b,0x80,0x1f,
    0x00,0x1f,0x00,0x0e,0x00,0x0e,0x00,0x0e,0x00,0x0e,0x00,0x0e,0x00,0x0e,0x00,0x7f,0xc0,0x7f,0xc0,0x03,0x80,0x03,0x80,0x07,
    0x00,0x0e,0x00,0x0e,0x00,0x1c,0x00,0x38,0x00,0x38,0x00,0x70,0x00,0xff,0xc0,0xff,0xc0,0x7c,0x7c,0x70,0x70,0x70,0x70,0x70,
    0x70,0x70,0x70,0x70,0x70,0x70,0x70,0x7c,0x7c,0x00,0xe0,0x60,0x70,0x70,0x30,0x38,0x38,0x18,0x1c,0x0c,0x0c,0x0e,0x06,0xf8,
    0xf8,0x38,0x38,0x38,0x38,0x38,0x38,0x38,0x38,0x38,0x38,0x38,0x38,0xf8,0xf8,0x00,0x00,0x00,0x0c,0x00,0x1e,0x00,0x1e,0x00,
    0x37,0x00,0x33,0x00,0x73,0x80,0x61,0x80,0x61,0xc0,0x00,0x00,0x00,0x00,0x00,0x00,0x00,0x00,0x00,0x00,0x00,0x00,0x00,0x00,
    0x7f,0x80,0x00,0x00,0x70,0x38,0x1c,0x00,0x00,0x00,0x00,0x00,0x00,0x00,0x00,0x00,0x00,0x00,0x1f,0x00,0x3f,0x80,0x33,0x80,
    0x01,0xc0,0x3f,0xc0,0x7f,0xc0,0x71,0xc0,0x73,0xc0,0x7f,0xc0,0x3d,0xc0,0x70,0x00,0x70,0x00,0x70,0x00,0x70,0x00,0x77,0x80,
    0x7f,0xc0,0x79,0xc0,0x70,0xe0,0x70,0xe0,0x70,0xe0,0x70,0xe0,0x79,0xc0,0x7f,0xc0,0x77,0x80,0x1f,0x00,0x3f,0x00,0x79,0x00,
    0x70,0x00,0x70,0x00,0x70,0x00,0x70,0x00,0x79,0x00,0x3f,0x00,0x1f,0x00,0x01,0xc0,0x01,0xc0,0x01,0xc0,0x01,0xc0,0x1f,0xc0,
    0x3f,0xc0,0x7b,0xc0,0x71,0xc0,0x71,0xc0,0x71,0xc0,0x71,0xc0,0x7b,0xc0,0x3f,0xc0,0x1c,0xc0,0x1f,0x00,0x3f,0x80,0x7b,0xc0,
    0x71,0xc0,0x7f,0xc0,0x7f,0xc0,0x70,0x00,0x78,0x80,0x3f,0x80,0x1f,0x80,0x1f,0x3e,0x38,0x38,0x7e,0xfe,0x38,0x38,0x38,0x38,
    0x38,0x38,0x38,0x38,0x1e,0xc0,0x3f,0xc0,0x7b,0xc0,0x71,0xc0,0x71,0xc0,0x71,0xc0,0x71,0xc0,0x79,0xc0,0x3f,0xc0,0x1d,0xc0,
    0x01,0xc0,0x23,0xc0,0x7f,0x80,0x3f,0x00,0x70,0x00,0x70,0x00,0x70,0x00,0x70,0x00,0x77,0x80,0x7f,0xc0,0x79,0xc0,0x70,0xe0,
    0x70,0xe0,0x70,0xe0,0x70,0xe0,0x70,0xe0,0x70,0xe0,0x70,0xe0,0x70,0x70,0x00,0x00,0x70,0x70,0x70,0x70,0x70,0x70,0x70,0x70,
    0x70,0x70,0x1c,0x1c,0x00,0x00,0x1c,0x1c,0x1c,0x1c,0x1c,0x1c,0x1c,0x1c,0x1c,0x1c,0x1c,0x1c,0x7c,0x78,0x70,0x00,0x70,0x00,
    0x70,0x00,0x70,0x00,0x71,0xe0,0x73,0xc0,0x73,0x80,0x77,0x00,0x7e,0x00,0x7f,0x00,0x7b,0x80,0x73,0x80,0x71,0xc0,0x70,0xe0,
    0x70,0x70,0x70,0x70,0x70,0x70,0x70,0x70,0x70,0x70,0x70,0x70,0x70,0x70,0x77,0x9e,0x00,0x7f,0xff,0x00,0x79,0xe7,0x00,0x71,
    0xe7,0x00,0x71,0xc3,0x00,0x71,0xc3,0x00,0x71,0xc3,0x00,0x71,0xc3,0x00,0x71,0xc3,0x00,0x71,0xc3,0x00,0x77,0x80,0x7f,0xc0,
    0x79,0xc0,0x70,0xe0,0x70,0xe0,0x70,0xe0,0x70,0xe0,0x70,0xe0,0x70,0xe0,0x70,0xe0,0x1f,0x00,0x3f,0x80,0x79,0xc0,0x71,0xc0,
    0x71,0xc0,0x71,0xc0,0x71,0xc0,0x79,0xc0,0x3f,0x80,0x1f,0x00,0x77,0x80,0x7f,0xc0,0x79,0xc0,0x70,0xe0,0x70,0xe0,0x70,0xe0,
    0x70,0xe0,0x79,0xc0,0x7f,0xc0,0x77,0x80,0x70,0x00,0x70,0x00,0x70,0x00,0x70,0x00,0x1c,0xc0,0x3f,0xc0,0x7b,0xc0,0x71,0xc0,
    0x71,0xc0,0x71,0xc0,0x71,0xc0,0x79,0xc0,0x3f,0xc0,0x1d,0xc0,0x01,0xc0,0x01,0xc0,0x01,0xc0,0x01,0xc0,0x77,0x7f,0x7c,0x70,
    0x70,0x70,0x70,0x70,0x70,0x70,0x3e,0x00,0x7f,0x00,0x72,0x00,0x70,0x00,0x3c,0x00,0x1f,0x00,0x07,0x00,0x47,0x00,0x7f,0x00,
    0x7e,0x00,0x30,0x30,0x7e,0xfe,0x38,0x30,0x30,0x30,0x30,0x38,0x3e,0x1e,0x70,0xc0,0x70,0xc0,0x70,0xc0,0x70,0xc0,0x70,0xc0,
    0x70,0xc0,0x71,0xc0,0x79,0xc0,0x3f,0xc0,0x1e,0xc0,0xe1,0xc0,0xe1,0xc0,0x71,0x80,0x73,0x80,0x33,0x80,0x3b,0x00,0x3f,0x00,
    0x1f,0x00,0x1e,0x00,0x1e,0x00,0xe3,0x8e,0x63,0xce,0x73,0xce,0x76,0xcc,0x76,0xdc,0x36,0xfc,0x3e,0x78,0x3c,0x78,0x3c,0x78,
    0x1c,0x78,0x71,0xc0,0x73,0x80,0x3b,0x80,0x3f,0x00,0x1e,0x00,0x1e,0x00,0x3f,0x00,0x3b,0x80,0x73,0x80,0xf1,0xc0,0xe1,0xc0,
    0x71,0xc0,0x73,0x80,0x73,0x80,0x3b,0x80,0x3f,0x00,0x1f,0x00,0x1e,0x00,0x1e,0x00,0x0e,0x00,0x0c,0x00,0x1c,0x00,0x78,0x00,
    0x70,0x00,0x7f,0x00,0x7f,0x00,0x07,0x00,0x0e,0x00,0x1c,0x00,0x18,0x00,0x38,0x00,0x70,0x00,0xff,0x00,0xff,0x00,0x1c,0x1c,
    0x38,0x38,0x38,0x38,0x38,0xf0,0xf0,0x38,0x38,0x38,0x38,0x38,0x1c,0x1c,0x0c,0x00,0x0c,0x00,0x0c,0x00,0x0c,0x00,0x0c,0x00,
    0x0c,0x00,0x0c,0x00,0x0c,0x00,0x0c,0x00,0x0c,0x00,0x0c,0x00,0x0c,0x00,0x0c,0x00,0x0c,0x00,0x0c,0x00,0x0c,0x00,0x0c,0x00,
    0x0c,0x00,0x70,0x70,0x38,0x38,0x38,0x38,0x38,0x1e,0x1e,0x38,0x38,0x38,0x38,0x38,0x70,0x70,0x00,0x00,0x7c,0xc0,0x7f,0xc0,
    0x4f,0x80,0x00,0x00,0x00,0x00,0x00,0x00,0x00,0x00,0x00,0x00,0x70,0x70,0x70,0x00,0x70,0x70,0x70,0x70,0x70,0x70,0x70,0x70,
    0x70,0x06,0x00,0x06,0x00,0x1f,0x80,0x3f,0x80,0x78,0x00,0x70,0x00,0x70,0x00,0x70,0x00,0x38,0x00,0x3f,0x80,0x1f,0x80,0x06,
    0x00,0x06,0x00,0x0f,0x80,0x1f,0x80,0x3c,0x80,0x38,0x00,0x38,0x00,0x7f,0x00,0x7f,0x00,0x38,0x00,0x38,0x00,0x38,0x00,0x70,
    0x00,0x7f,0xc0,0x7f,0xc0,0x00,0x00,0x7f,0x80,0x3f,0x80,0x33,0x00,0x31,0x80,0x33,0x80,0x3f,0x80,0x7f,0x80,0x20,0x00,0x00,
    0x00,0x00,0x00,0xe1,0xc0,0x71,0xc0,0x73,0x80,0x33,0x80,0x3f,0x00,0x1f,0x00,0x1e,0x00,0x3f,0x80,0x3f,0x80,0x3f,0x80,0x3f,
    0x80,0x0e,0x00,0x0c,0x00,0x0c,0x00,0x0c,0x00,0x0c,0x00,0x0c,0x00,0x0c,0x00,0x0c,0x00,0x0c,0x00,0x00,0x00,0x00,0x00,0x00,
    0x00,0x00,0x00,0x0c,0x00,0x0c,0x00,0x0c,0x00,0x0c,0x00,0x0c,0x00,0x0c,0x00,0x0c,0x00,0x3e,0x00,0x7f,0x00,0x72,0x00,0x70,
    0x00,0x3c,0x00,0x7e,0x00,0x67,0x00,0x73,0x00,0x3e,0x00,0x0e,0x00,0x07,0x00,0x47,0x00,0x7e,0x00,0x3c,0x00,0x00,0x00,0x1b,
    0x00,0x1b,0x00,0x00,0x00,0x00,0x00,0x00,0x00,0x00,0x00,0x00,0x00,0x00,0x00,0x00,0x00,0x00,0x00,0x00,0x00,0x00,0x00,0x00,
    0x00,0x07,0xc0,0x18,0x30,0x33,0xd8,0x26,0x08,0x6c,0x0c,0x4c,0x04,0x4c,0x04,0x4c,0x04,0x66,0x0c,0x67,0xc8,0x30,0x18,0x18,
    0x30,0x07,0xc0,0x78,0x4c,0x7c,0xec,0xcc,0x7c,0x00,0x00,0x00,0x00,0x00,0x00,0x00,0x00,0x00,0x18,0xc0,0x1d,0xc0,0x3b,0x80,
    0x77,0x00,0x77,0x00,0x3b,0x80,0x19,0xc0,0x18,0xc0,0x00,0x00,0x00,0x00,0x7f,0xc0,0x7f,0xc0,0x00,0xc0,0x00,0xc0,0x00,0xc0,
    0x00,0x00,0x00,0x00,0x07,0xc0,0x18,0x30,0x37,0x98,0x26,0xc8,0x64,0x4c,0x44,0xc4,0x47,0x84,0x46,0x84,0x64,0xcc,0x64,0x48,
    0x30,0x18,0x18,0x30,0x07,0xc0,0x00,0x00,0x7f,0xc0,0x7f,0xc0,0x00,0x00,0x00,0x00,0x00,0x00,0x00,0x00,0x00,0x00,0x00,0x00,
    0x00,0x00,0x00,0x00,0x00,0x00,0x00,0x00,0x00,0x00,0x00,0x00,0x00,0x00,0x00,0x00,0x00,0x3c,0x7e,0x66,0x66,0x7e,0x3c,0x00,
    0x00,0x00,0x00,0x00,0x00,0x00,0x0c,0x00,0x0c,0x00,0x0c,0x00,0x7f,0xc0,0x7f,0xc0,0x0c,0x00,0x0c,0x00,0x0c,0x00,0x0c,0x00,
    0x7f,0xc0,0x7f,0xc0,0x78,0x7c,0x0c,0x1c,0x38,0x70,0x7c,0xfc,0x00,0x00,0x00,0x00,0x00,0x00,0x00,0x78,0x7c,0x0c,0x38,0x3c,
    0x0c,0xfc,0x78,0x00,0x00,0x00,0x00,0x00,0x00,0x00,0x3c,0x30,0x60,0x00,0x00,0x00,0x00,0x00,0x00,0x00,0x00,0x00,0x00,0x00,
    0x70,0xe0,0x70,0xe0,0x70,0xe0,0x70,0xe0,0x70,0xe0,0x70,0xe0,0x71,0xe0,0x79,0xe0,0x7f,0xe0,0x7e,0xe0,0x70,0x00,0x70,0x00,
    0x70,0x00,0x70,0x00,0x1f,0xc0,0x3f,0xc0,0x7f,0x40,0x7e,0x40,0x7e,0x40,0x7e,0x40,0x7e,0x40,0x7e,0x40,0x3e,0x40,0x02,0x40,
    0x02,0x40,0x02,0x40,0x02,0x40,0x02,0x40,0x02,0x40,0x02,0x40,0x00,0x00,0x70,0x70,0x70,0x00,0x00,0x00,0x00,0x00,0x00,0x70,
    0x38,0x38,0x70,0x00,0x18,0x38,0x78,0x18,0x18,0x18,0x18,0x18,0x00,0x00,0x00,0x00,0x00,0x00,0x00,0x38,0x6c,0x44,0xc4,0x6c,
    0x7c,0x00,0x00,0x00,0x00,0x00,0x00,0x00,0x00,0x00,0x23,0x00,0x77,0x00,0x3b,0x80,0x1d,0xc0,0x1d,0xc0,0x3b,0x80,0x73,0x80,
    0x63,0x00,0x00,0x00,0x38,0x30,0x78,0x60,0x78,0xe0,0x18,0xc0,0x19,0xc0,0x19,0x9c,0x1b,0x9c,0x1b,0x3c,0x06,0x7c,0x06,0xdc,
    0x0c,0xfe,0x0c,0x1c,0x18,0x0c,0x38,0x30,0x78,0x60,0x78,0xe0,0x18,0xc0,0x19,0xc0,0x19,0xbc,0x1b,0xbe,0x1b,0x06,0x06,0x0c,
    0x06,0x1c,0x0c,0x38,0x0c,0x7e,0x18,0x7e,0x00,0x00,0x7c,0x30,0x6c,0x30,0x0c,0x60,0x38,0x60,0x0c,0xc0,0x0d,0xdc,0x4d,0x9c,
    0x7f,0xbc,0x03,0x6c,0x07,0x6c,0x06,0xfe,0x0c,0x0c,0x0c,0x0c,0x0c,0x00,0x1e,0x00,0x0c,0x00,0x00,0x00,0x0c,0x00,0x0c,0x00,
    0x1c,0x00,0x38,0x00,0x70,0x00,0xe0,0x00,0xf3,0x00,0x7f,0x00,0x3e,0x00,0x1c,0x00,0x0e,0x00,0x07,0x00,0x00,0x00,0x0f,0x00,
    0x0f,0x00,0x0f,0x80,0x1d,0x80,0x1d,0xc0,0x19,0xc0,0x39,0xc0,0x38,0xe0,0x7f,0xe0,0x7f,0xe0,0x70,0x70,0xe0,0x70,0xe0,0x70,
    0x03,0x80,0x03,0x00,0x06,0x00,0x00,0x00,0x0f,0x00,0x0f,0x00,0x0f,0x80,0x1d,0x80,0x1d,0xc0,0x19,0xc0,0x39,0xc0,0x38,0xe0,
    0x7f,0xe0,0x7f,0xe0,0x70,0x70,0xe0,0x70,0xe0,0x70,0x0f,0x00,0x1f,0x80,0x19,0xc0,0x00,0x00,0x0f,0x00,0x0f,0x00,0x0f,0x80,
    0x1d,0x80,0x1d,0xc0,0x19,0xc0,0x39,0xc0,0x38,0xe0,0x7f,0xe0,0x7f,0xe0,0x70,0x70,0xe0,0x70,0xe0,0x70,0x0e,0xc0,0x1f,0xc0,
    0x13,0x80,0x00,0x00,0x0f,0x00,0x0f,0x00,0x0f,0x80,0x1d,0x80,0x1d,0xc0,0x19,0xc0,0x39,0xc0,0x38,0xe0,0x7f,0xe0,0x7f,0xe0,
    0x70,0x70,0xe0,0x70,0xe0,0x70,0x00,0x00,0x1d,0x80,0x19,0x80,0x00,0x00,0x0f,0x00,0x0f,0x00,0x0f,0x80,0x1d,0x80,0x1d,0xc0,
    0x19,0xc0,0x39,0xc0,0x38,0xe0,0x7f,0xe0,0x7f,0xe0,0x70,0x70,0xe0,0x70,0xe0,0x70,0x07,0x00,0x0d,0x00,0x0d,0x00,0x0f,0x00,
    0x0f,0x00,0x0f,0x80,0x1d,0x80,0x1d,0xc0,0x19,0xc0,0x39,0xc0,0x38,0xe0,0x7f,0xe0,0x7f,0xe0,0x70,0x70,0xe0,0x70,0xe0,0x70,
    0x07,0xff,0x00,0x07,0xff,0x00,0x06,0xe0,0x00,0x0e,0xe0,0x00,0x0c,0xe0,0x00,0x1c,0xff,0x00,0x1c,0xff,0x00,0x38,0xe0,0x00,
    0x3f,0xe0,0x00,0x7f,0xe0,0x00,0x70,0xe0,0x00,0x60,0xff,0x00,0xe0,0xff,0x00,0x0f,0xc0,0x1f,0xe0,0x3c,0xc0,0x38,0x00,0x70,
    0x00,0x70,0x00,0x70,0x00,0x70,0x00,0x70,0x00,0x78,0x00,0x3c,0x40,0x1f,0xc0,0x0f,0xc0,0x07,0x00,0x03,0x80,0x03,0x80,0x07,
    0x00,0x00,0x00,0x38,0x00,0x1c,0x00,0x06,0x00,0x00,0x00,0x3f,0x80,0x3f,0x80,0x38,0x00,0x30,0x00,0x30,0x00,0x3f,0x80,0x3f,
    0x80,0x38,0x00,0x30,0x00,0x30,0x00,0x38,0x00,0x3f,0x80,0x3f,0x80,0x07,0x80,0x07,0x00,0x0c,0x00,0x00,0x00,0x3f,0x80,0x3f,
    0x80,0x38,0x00,0x30,0x00,0x30,0x00,0x3f,0x80,0x3f,0x80,0x38,0x00,0x30,0x00,0x30,0x00,0x38,0x00,0x3f,0x80,0x3f,0x80,0x1e,
    0x00,0x1f,0x00,0x31,0x80,0x00,0x00,0x3f,0x80,0x3f,0x80,0x38,0x00,0x30,0x00,0x30,0x00,0x3f,0x80,0x3f,0x80,0x38,0x00,0x30,
    0x00,0x30,0x00,0x38,0x00,0x3f,0x80,0x3f,0x80,0x00,0x00,0x3b,0x00,0x1b,0x00,0x00,0x00,0x3f,0x80,0x3f,0x80,0x38,0x00,0x30,
    0x00,0x30,0x00,0x3f,0x80,0x3f,0x80,0x38,0x00,0x30,0x00,0x30,0x00,0x38,0x00,0x3f,0x80,0x3f,0x80,0xe0,0x70,0x18,0x00,0x7c,
    0x7c,0x38,0x38,0x38,0x38,0x38,0x38,0x38,0x38,0x38,0x7c,0x7c,0x0e,0x1c,0x30,0x00,0x7c,0x7c,0x38,0x38,0x38,0x38,0x38,0x38,
    0x38,0x38,0x38,0x7c,0x7c,0x1e,0x00,0x3e,0x00,0x63,0x00,0x00,0x00,0x3e,0x00,0x3e,0x00,0x1c,0x00,0x1c,0x00,0x1c,0x00,0x1c,
    0x00,0x1c,0x00,0x1c,0x00,0x1c,0x00,0x1c,0x00,0x1c,0x00,0x3e,0x00,0x3e,0x00,0x00,0x6c,0x6c,0x00,0x7c,0x7c,0x38,0x38,0x38,
    0x38,0x38,0x38,0x38,0x38,0x38,0x7c,0x7c,0x3f,0x80,0x3f,0xc0,0x39,0xe0,0x30,0x70,0x30,0x70,0x78,0x70,0xfc,0x70,0xfc,0x70,
    0x30,0x70,0x30,0x70,0x39,0xe0,0x3f,0xc0,0x3f,0x80,0x07,0x60,0x0f,0xe0,0x09,0xc0,0x00,0x00,0x38,0x38,0x3c,0x38,0x3e,0x38,
    0x3e,0x38,0x37,0x38,0x37,0x38,0x33,0x98,0x33,0x98,0x31,0xd8,0x31,0xf8,0x30,0xf8,0x30,0x78,0x30,0x78,0x0e,0x00,0x07,0x00,
    0x03,0x80,0x00,0x00,0x0f,0xc0,0x1f,0xf0,0x3c,0x70,0x78,0x38,0x70,0x38,0x70,0x38,0x70,0x38,0x70,0x38,0x70,0x38,0x38,0x38,
    0x3c,0x70,0x1f,0xf0,0x0f,0xc0,0x01,0xc0,0x03,0x80,0x03,0x00,0x00,0x00,0x0f,0xc0,0x1f,0xf0,0x3c,0x70,0x78,0x38,0x70,0x38,
    0x70,0x38,0x70,0x38,0x70,0x38,0x70,0x38,0x38,0x38,0x3c,0x70,0x1f,0xf0,0x0f,0xc0,0x07,0x80,0x0f,0xc0,0x0c,0xe0,0x00,0x00,
    0x0f,0xc0,0x1f,0xf0,0x3c,0x70,0x78,0x38,0x70,0x38,0x70,0x38,0x70,0x38,0x70,0x38,0x70,0x38,0x38,0x38,0x3c,0x70,0x1f,0xf0,
    0x0f,0xc0,0x07,0x60,0x0f,0xe0,0x09,0xc0,0x00,0x00,0x0f,0xc0,0x1f,0xf0,0x3c,0x70,0x78,0x38,0x70,0x38,0x70,0x38,0x70,0x38,
    0x70,0x38,0x70,0x38,0x38,0x38,0x3c,0x70,0x1f,0xf0,0x0f,0xc0,0x00,0x00,0x0e,0xc0,0x0c,0xc0,0x00,0x00,0x0f,0xc0,0x1f,0xf0,
    0x3c,0x70,0x78,0x38,0x70,0x38,0x70,0x38,0x70,0x38,0x70,0x38,0x70,0x38,0x38,0x38,0x3c,0x70,0x1f,0xf0,0x0f,0xc0,0x00,0x00,
    0x21,0x80,0x33,0x80,0x1f,0x00,0x1e,0x00,0x1e,0x00,0x3b,0x00,0x71,0x80,0x00,0x00,0x00,0x00,0x00,0x00,0x00,0x00,0x0f,0xf0,
    0x1f,0xf0,0x3c,0xf0,0x38,0xf8,0x71,0xf8,0x71,0xb8,0x73,0x38,0x77,0x38,0x76,0x38,0x7c,0x38,0x3c,0x70,0x1f,0xf0,0x3f,0xc0,
    0x00,0x00,0x0e,0x00,0x07,0x00,0x03,0x00,0x00,0x00,0x70,0x70,0x70,0x70,0x70,0x70,0x70,0x70,0x70,0x70,0x70,0x70,0x70,0x70,
    0x70,0x70,0x70,0x70,0x38,0x70,0x3c,0xf0,0x1f,0xe0,0x0f,0xc0,0x01,0xc0,0x03,0x80,0x07,0x00,0x00,0x00,0x70,0x70,0x70,0x70,
    0x70,0x70,0x70,0x70,0x70,0x70,0x70,0x70,0x70,0x70,0x70,0x70,0x70,0x70,0x38,0x70,0x3c,0xf0,0x1f,0xe0,0x0f,0xc0,0x07,0x80,
    0x0f,0xc0,0x1c,0xc0,0x00,0x00,0x70,0x70,0x70,0x70,0x70,0x70,0x70,0x70,0x70,0x70,0x70,0x70,0x70,0x70,0x70,0x70,0x70,0x70,
    0x38,0x70,0x3c,0xf0,0x1f,0xe0,0x0f,0xc0,0x00,0x00,0x0d,0xc0,0x0c,0xc0,0x00,0x00,0x70,0x70,0x70,0x70,0x70,0x70,0x70,0x70,
    0x70,0x70,0x70,0x70,0x70,0x70,0x70,0x70,0x70,0x70,0x38,0x70,0x3c,0xf0,0x1f,0xe0,0x0f,0xc0,0x03,0x80,0x07,0x00,0x0e,0x00,
    0x00,0x00,0xe0,0xe0,0x71,0xe0,0x71,0xc0,0x3b,0x80,0x3b,0x80,0x1f,0x00,0x1f,0x00,0x0e,0x00,0x0e,0x00,0x0e,0x00,0x0e,0x00,
    0x0e,0x00,0x0e,0x00,0x30,0x00,0x30,0x00,0x3f,0x80,0x3f,0xc0,0x39,0xc0,0x30,0xe0,0x30,0xe0,0x31,0xc0,0x3f,0xc0,0x3f,0x80,
    0x38,0x00,0x30,0x00,0x30,0x00,0x0f,0x80,0x3f,0xe0,0x39,0xe0,0x70,0xe0,0x71,0xc0,0x73,0x80,0x73,0x80,0x73,0xc0,0x71,0xe0,
    0x70,0xf0,0x70,0x70,0x70,0x70,0x77,0xf0,0x73,0xe0,0x38,0x00,0x1c,0x00,0x06,0x00,0x00,0x00,0x1f,0x00,0x3f,0x80,0x33,0x80,
    0x01,0xc0,0x3f,0xc0,0x7f,0xc0,0x71,0xc0,0x73,0xc0,0x7f,0xc0,0x3d,0xc0,0x07,0x80,0x07,0x00,0x0c,0x00,0x00,0x00,0x1f,0x00,
    0x3f,0x80,0x33,0x80,0x01,0xc0,0x3f,0xc0,0x7f,0xc0,0x71,0xc0,0x73,0xc0,0x7f,0xc0,0x3d,0xc0,0x1e,0x00,0x1f,0x00,0x31,0x80,
    0x00,0x00,0x1f,0x00,0x3f,0x80,0x33,0x80,0x01,0xc0,0x3f,0xc0,0x7f,0xc0,0x71,0xc0,0x73,0xc0,0x7f,0xc0,0x3d,0xc0,0x1d,0x80,
    0x3f,0x80,0x37,0x00,0x00,0x00,0x1f,0x00,0x3f,0x80,0x33,0x80,0x01,0xc0,0x3f,0xc0,0x7f,0xc0,0x71,0xc0,0x73,0xc0,0x7f,0xc0,
    0x3d,0xc0,0x00,0x00,0x3b,0x00,0x1b,0x00,0x00,0x00,0x1f,0x00,0x3f,0x80,0x33,0x80,0x01,0xc0,0x3f,0xc0,0x7f,0xc0,0x71,0xc0,
    0x73,0xc0,0x7f,0xc0,0x3d,0xc0,0x0e,0x00,0x1b,0x00,0x1b,0x00,0x0e,0x00,0x00,0x00,0x1f,0x00,0x3f,0x80,0x33,0x80,0x01,0xc0,
    0x3f,0xc0,0x7f,0xc0,0x71,0xc0,0x73,0xc0,0x7f,0xc0,0x3d,0xc0,0x1f,0x7c,0x00,0x3f,0xfe,0x00,0x33,0xce,0x00,0x03,0xc7,0x00,
    0x3f,0xff,0x00,0x7f,0xff,0x00,0x71,0xc0,0x00,0x73,0xe2,0x00,0x7f,0xfe,0x00,0x3c,0x7e,0x00,0x1f,0x00,0x3f,0x00,0x79,0x00,
    0x70,0x00,0x70,0x00,0x70,0x00,0x70,0x00,0x79,0x00,0x3f,0x00,0x1f,0x00,0x0c,0x00,0x0e,0x00,0x06,0x00,0x1e,0x00,0x00,0x00,
    0x38,0x00,0x1c,0x00,0x0e,0x00,0x00,0x00,0x1f,0x00,0x3f,0x80,0x7b,0xc0,0x71,0xc0,0x7f,0xc0,0x7f,0xc0,0x70,0x00,0x78,0x80,
    0x3f,0x80,0x1f,0x80,0x07,0x80,0x06,0x00,0x0c,0x00,0x00,0x00,0x1f,0x00,0x3f,0x80,0x7b,0xc0,0x71,0xc0,0x7f,0xc0,0x7f,0xc0,
    0x70,0x00,0x78,0x80,0x3f,0x80,0x1f,0x80,0x1e,0x00,0x1f,0x00,0x31,0x80,0x00,0x00,0x1f,0x00,0x3f,0x80,0x7b,0xc0,0x71,0xc0,
    0x7f,0xc0,0x7f,0xc0,0x70,0x00,0x78,0x80,0x3f,0x80,0x1f,0x80,0x00,0x00,0x3b,0x00,0x3b,0x00,0x00,0x00,0x1f,0x00,0x3f,0x80,
    0x7b,0xc0,0x71,0xc0,0x7f,0xc0,0x7f,0xc0,0x70,0x00,0x78,0x80,0x3f,0x80,0x1f,0x80,0x70,0x30,0x18,0x00,0x38,0x38,0x38,0x38,
    0x38,0x38,0x38,0x38,0x38,0x38,0x1c,0x38,0x70,0x00,0x70,0x70,0x70,0x70,0x70,0x70,0x70,0x70,0x70,0x70,0x1e,0x00,0x3f,0x00,
    0x73,0x00,0x00,0x00,0x1c,0x00,0x1c,0x00,0x1c,0x00,0x1c,0x00,0x1c,0x00,0x1c,0x00,0x1c,0x00,0x1c,0x00,0x1c,0x00,0x1c,0x00,
    0x00,0x6e,0x6e,0x00,0x38,0x38,0x38,0x38,0x38,0x38,0x38,0x38,0x38,0x38,0x09,0x80,0x1f,0x80,0x0f,0x00,0x1f,0x80,0x01,0x80,
    0x1f,0xc0,0x3f,0xc0,0x79,0xc0,0x71,0xc0,0x71,0xc0,0x71,0xc0,0x79,0xc0,0x3f,0x80,0x1f,0x00,0x1c,0xc0,0x1f,0x80,0x37,0x80,
    0x00,0x00,0x77,0x80,0x7f,0xc0,0x79,0xc0,0x70,0xe0,0x70,0xe0,0x70,0xe0,0x70,0xe0,0x70,0xe0,0x70,0xe0,0x70,0xe0,0x3c,0x00,
    0x1c,0x00,0x06,0x00,0x00,0x00,0x1f,0x00,0x3f,0x80,0x79,0xc0,0x71,0xc0,0x71,0xc0,0x71,0xc0,0x71,0xc0,0x79,0xc0,0x3f,0x80,
    0x1f,0x00,0x03,0x80,0x07,0x00,0x0c,0x00,0x00,0x00,0x1f,0x00,0x3f,0x80,0x79,0xc0,0x71,0xc0,0x71,0xc0,0x71,0xc0,0x71,0xc0,
    0x79,0xc0,0x3f,0x80,0x1f,0x00,0x0f,0x00,0x1f,0x00,0x31,0x80,0x00,0x00,0x1f,0x00,0x3f,0x80,0x79,0xc0,0x71,0xc0,0x71,0xc0,
    0x71,0xc0,0x71,0xc0,0x79,0xc0,0x3f,0x80,0x1f,0x00,0x1d,0x80,0x3f,0x80,0x37,0x00,0x00,0x00,0x1f,0x00,0x3f,0x80,0x79,0xc0,
    0x71,0xc0,0x71,0xc0,0x71,0xc0,0x71,0xc0,0x79,0xc0,0x3f,0x80,0x1f,0x00,0x00,0x00,0x1b,0x80,0x1b,0x00,0x00,0x00,0x1f,0x00,
    0x3f,0x80,0x79,0xc0,0x71,0xc0,0x71,0xc0,0x71,0xc0,0x71,0xc0,0x79,0xc0,0x3f,0x80,0x1f,0x00,0x00,0x00,0x0c,0x00,0x0c,0x00,
    0x00,0x00,0x7f,0xc0,0x7f,0xc0,0x00,0x00,0x0c,0x00,0x0c,0x00,0x00,0x00,0x00,0x00,0x00,0x00,0x1f,0x80,0x3f,0x80,0x7b,0xc0,
    0x73,0xc0,0x77,0xc0,0x7d,0xc0,0x7d,0xc0,0x79,0xc0,0x3f,0x80,0x3f,0x00,0x00,0x00,0x1c,0x00,0x0e,0x00,0x06,0x00,0x00,0x00,
    0x70,0xc0,0x70,0xc0,0x70,0xc0,0x70,0xc0,0x70,0xc0,0x70,0xc0,0x71,0xc0,0x79,0xc0,0x3f,0xc0,0x1e,0xc0,0x03,0x80,0x07,0x00,
    0x0e,0x00,0x00,0x00,0x70,0xc0,0x70,0xc0,0x70,0xc0,0x70,0xc0,0x70,0xc0,0x70,0xc0,0x71,0xc0,0x79,0xc0,0x3f,0xc0,0x1e,0xc0,
    0x0f,0x00,0x1f,0x80,0x39,0xc0,0x00,0x00,0x70,0xc0,0x70,0xc0,0x70,0xc0,0x70,0xc0,0x70,0xc0,0x70,0xc0,0x71,0xc0,0x79,0xc0,
    0x3f,0xc0,0x1e,0xc0,0x00,0x00,0x19,0x80,0x19,0x80,0x00,0x00,0x70,0xc0,0x70,0xc0,0x70,0xc0,0x70,0xc0,0x70,0xc0,0x70,0xc0,
    0x71,0xc0,0x79,0xc0,0x3f,0xc0,0x1e,0xc0,0x07,0x00,0x0e,0x00,0x0c,0x00,0x00,0x00,0xe1,0xc0,0x71,0xc0,0x73,0x80,0x73,0x80,
    0x3b,0x80,0x3f,0x00,0x1f,0x00,0x1e,0x00,0x1e,0x00,0x0e,0x00,0x0c,0x00,0x1c,0x00,0x78,0x00,0x70,0x00,0x70,0x00,0x70,0x00,
    0x70,0x00,0x70,0x00,0x77,0x80,0x7f,0xc0,0x79,0xc0,0x70,0xe0,0x70,0xe0,0x70,0xe0,0x70,0xe0,0x79,0xc0,0x7f,0xc0,0x77,0x80,
    0x70,0x00,0x70,0x00,0x70,0x00,0x70,0x00,0x00,0x00,0x33,0x00,0x33,0x00,0x00,0x00,0xe1,0xc0,0x71,0xc0,0x73,0x80,0x73,0x80,
    0x3b,0x80,0x3f,0x00,0x1f,0x00,0x1e,0x00,0x1e,0x00,0x0e,0x00,0x0c,0x00,0x1c,0x00,0x78,0x00,0x70,0x00,0x18,0xc0,0x1f,0x80,
    0x0f,0x00,0x00,0x00,0x0f,0x00,0x0f,0x00,0x0f,0x80,0x1d,0x80,0x1d,0xc0,0x19,0xc0,0x39,0xc0,0x38,0xe0,0x7f,0xe0,0x7f,0xe0,
    0x70,0x70,0xe0,0x70,0xe0,0x70,0x31,0x80,0x3f,0x00,0x1e,0x00,0x00,0x00,0x1f,0x00,0x3f,0x80,0x33,0x80,0x01,0xc0,0x3f,0xc0,
    0x7f,0xc0,0x71,0xc0,0x73,0xc0,0x7f,0xc0,0x3d,0xc0,0x3f,0x80,0x3f,0xc0,0x39,0xe0,0x30,0x70,0x30,0x70,0x78,0x70,0xfc,0x70,
    0xfc,0x70,0x30,0x70,0x30,0x70,0x39,0xe0,0x3f,0xc0,0x3f,0x80,0x01,0xc0,0x0f,0xe0,0x0f,0xe0,0x01,0xc0,0x1f,0xc0,0x3f,0xc0,
    0x7b,0xc0,0x71,0xc0,0x71,0xc0,0x71,0xc0,0x71,0xc0,0x7b,0xc0,0x3f,0xc0,0x1c,0xc0,0x3b,0x00,0x7f,0x00,0x6e,0x00,0x00,0x00,
    0x3e,0x00,0x3e,0x00,0x1c,0x00,0x1c,0x00,0x1c,0x00,0x1c,0x00,0x1c,0x00,0x1c,0x00,0x1c,0x00,0x1c,0x00,0x1c,0x00,0x3e,0x00,
    0x3e,0x00,0x72,0xfe,0xdc,0x00,0x38,0x38,0x38,0x38,0x38,0x38,0x38,0x38,0x38,0x38,0x0e,0x40,0x1f,0xc0,0x1b,0x80,0x00,0x00,
    0x70,0x70,0x70,0x70,0x70,0x70,0x70,0x70,0x70,0x70,0x70,0x70,0x70,0x70,0x70,0x70,0x70,0x70,0x38,0x70,0x3c,0xf0,0x1f,0xe0,
    0x0f,0xc0,0x1c,0xc0,0x1f,0x80,0x37,0x80,0x00,0x00,0x70,0xc0,0x70,0xc0,0x70,0xc0,0x70,0xc0,0x70,0xc0,0x70,0xc0,0x71,0xc0,
    0x79,0xc0,0x3f,0xc0,0x1e,0xc0,0x00,0x0e,0x0f,0xce,0x1f,0xfe,0x3c,0x7c,0x78,0x38,0x70,0x38,0x70,0x38,0x70,0x38,0x70,0x38,
    0x70,0x38,0x38,0x38,0x3c,0x70,0x1f,0xf0,0x0f,0xc0,0x00,0x18,0x00,0x38,0x1f,0x38,0x3f,0xf0,0x79,0xc0,0x71,0xc0,0x71,0xc0,
    0x71,0xc0,0x71,0xc0,0x79,0xc0,0x3f,0x80,0x1f,0x00,0x0f,0xc7,0x80,0x1f,0xff,0xc0,0x3c,0xf9,0xe0,0x78,0x70,0xe0,0x70,0x38,
    0xe0,0x70,0x38,0xe0,0x70,0x38,0xe0,0x70,0x38,0xe0,0x70,0x38,0xe0,0x78,0x70,0xe0,0x3c,0xf0,0xe0,0x1f,0xe0,0xe0,0x0f,0xc0,
    0xe0,0x1f,0x3c,0x00,0x3f,0xfe,0x00,0x7b,0xce,0x00,0x71,0xc6,0x00,0x71,0xc6,0x00,0x71,0xc6,0x00,0x71,0xc6,0x00,0x7b,0xc6,
    0x00,0x3f,0x86,0x00,0x1f,0x06,0x00,0x00,0x06,0x00,0x00,0x06,0x00,0x00,0x06,0x00,0x00,0x06,0x00,0x7f,0xe0,0xff,0xf0,0xee,
    0x78,0xce,0x38,0x0e,0x38,0x0e,0x70,0x0f,0xf0,0x0f,0xe0,0x0e,0x00,0x0e,0x00,0x0e,0x00,0x0e,0x00,0x0e,0x00,0x1c,0x00,0x3c,
    0x00,0x70,0x00,0x70,0x00,0x77,0x80,0x7f,0xc0,0x79,0xc0,0x70,0xe0,0x70,0xe0,0x70,0xe0,0x70,0xe0,0x79,0xc0,0x7f,0xc0,0x77,
    0x80,0x70,0x00,0x70,0x00,0x70,0x00,0x70,0x00,0x30,0x00,0x30,0x00,0x3f,0x80,0x3f,0xc0,0x39,0xc0,0x30,0xe0,0x30,0xc0,0x39,
    0xc0,0x3f,0x80,0x3f,0x00,0x33,0x80,0x31,0xc0,0x31,0xc0,0x00,0xe0,0x00,0xf0,0x3e,0x00,0x7f,0x80,0x23,0x80,0x03,0x80,0x03,
    0x80,0x0f,0x80,0x3f,0x00,0x7c,0x00,0x70,0x00,0x70,0x00,0x71,0x80,0x7f,0x80,0x3f,0x00,0x3e,0x00,0x7f,0x00,0x27,0x00,0x07,
    0x00,0x1e,0x00,0x7c,0x00,0x70,0x00,0x71,0x00,0x7f,0x00,0x3f,0x00,0x7f,0xc0,0x7f,0xc0,0x70,0x00,0x38,0x00,0x1c,0x00,0x0e,
    0x00,0x0e,0x00,0x0e,0x00,0x1c,0x00,0x38,0x00,0x70,0x00,0x7f,0xc0,0x7f,0xc0,0x38,0x00,0x6c,0x00,0x6e,0x00,0x7e,0x00,0x0e,
    0x00,0x0e,0x00,0x0e,0x00,0x0e,0x00,0x0e,0x00,0x0e,0x00,0x0e,0x00,0x0e,0x00,0x0e,0x00,0x0e,0x00,0x0e,0x00,0x0e,0x00,0x0f,
    0xc0,0x07,0x80,0x30,0x30,0x7e,0xfe,0x38,0x30,0x30,0x30,0x30,0x38,0x3e,0x1e,0x06,0x06,0x1e,0x1c,0x7f,0xe0,0xff,0xe0,0xee,
    0x00,0xce,0x00,0x0e,0x00,0x0e,0x00,0x0e,0x00,0x0e,0x00,0x0e,0x00,0x0e,0x00,0x0e,0x00,0x0e,0x00,0x0e,0x00,0x1e,0x3e,0x38,
    0x30,0x7e,0xfe,0x38,0x30,0x30,0x30,0x30,0x38,0x3e,0x1e,0xff,0xc0,0xff,0xc0,0x0e,0x00,0x0e,0x00,0x0e,0x00,0x0e,0x00,0x0e,
    0x00,0x0e,0x00,0x0e,0x00,0x0e,0x00,0x0e,0x00,0x0e,0x00,0x0e,0x00,0x0e,0x00,0x0e,0x00,0x0f,0x80,0x07,0x00,0x00,0x07,0x00,
    0x70,0x77,0x00,0x70,0x7e,0x00,0x70,0x7c,0x00,0x70,0x70,0x00,0x70,0x70,0x00,0x70,0x70,0x00,0x70,0x70,0x00,0x70,0x70,0x00,
    0x70,0x70,0x00,0x38,0x70,0x00,0x3c,0xf0,0x00,0x1f,0xe0,0x00,0x0f,0xc0,0x00,0x00,0x0c,0x00,0x0c,0x70,0xfc,0x70,0xf8,0x70,
    0xf0,0x70,0xc0,0x70,0xc0,0x70,0xc0,0x71,0xc0,0x79,0xc0,0x3f,0xc0,0x1e,0xc0,0x0f,0x00,0x0f,0x00,0x0f,0x80,0x1d,0x80,0x1d,
    0xc0,0x19,0xc0,0x39,0xc0,0x38,0xe0,0x7f,0xe0,0x7f,0xe0,0x70,0x70,0xe0,0x70,0xe0,0x70,0x00,0x00,0x00,0x00,0x07,0x00,0x06,
    0x00,0x1f,0x00,0x3f,0x80,0x33,0x80,0x01,0xc0,0x3f,0xc0,0x7f,0xc0,0x71,0xc0,0x73,0xc0,0x7f,0xc0,0x3d,0xc0,0x00,0x00,0x00,
    0x00,0x0e,0x00,0x0e,0x00,0x0f,0x00,0x03,0x00,0x03,0x00,0x06,0x00,0x00,0x00,0x0f,0x00,0x0f,0x00,0x0f,0x80,0x1d,0x80,0x1d,
    0xc0,0x19,0xc0,0x39,0xc0,0x38,0xe0,0x7f,0xe0,0x7f,0xe0,0x70,0x70,0xe0,0x70,0xe0,0x70,0x0e,0x00,0x07,0x00,0x07,0x00,0x0e,
    0x00,0x00,0x00,0x1f,0x00,0x3f,0x80,0x33,0x80,0x01,0xc0,0x3f,0xc0,0x7f,0xc0,0x71,0xc0,0x73,0xc0,0x7f,0xc0,0x3d,0xc0,0x00,
    0x30,0x0f,0x60,0x0f,0x80,0x19,0x80,0x00,0x00,0x0f,0x00,0x0f,0x00,0x0f,0x80,0x1d,0x80,0x1d,0xc0,0x19,0xc0,0x39,0xc0,0x38,
    0xe0,0x7f,0xe0,0x7f,0xe0,0x70,0x70,0xe0,0x70,0xe0,0x70,0x00,0x60,0x0e,0xc0,0x1f,0x00,0x33,0x80,0x00,0x00,0x1f,0x00,0x3f,
    0x80,0x33,0x80,0x01,0xc0,0x3f,0xc0,0x7f,0xc0,0x71,0xc0,0x73,0xc0,0x7f,0xc0,0x3d,0xc0,0x60,0x00,0x2f,0x00,0x0f,0x80,0x19,
    0x80,0x00,0x00,0x0f,0x00,0x0f,0x00,0x0f,0x80,0x1d,0x80,0x1d,0xc0,0x19,0xc0,0x39,0xc0,0x38,0xe0,0x7f,0xe0,0x7f,0xe0,0x70,
    0x70,0xe0,0x70,0xe0,0x70,0x60,0x00,0x37,0x00,0x0f,0x80,0x18,0xc0,0x00,0x00,0x0f,0x80,0x1f,0xc0,0x19,0xc0,0x00,0xe0,0x1f,
    0xe0,0x3f,0xe0,0x38,0xe0,0x39,0xe0,0x3f,0xe0,0x1e,0xe0,0x00,0x60,0x00,0x20,0x0f,0x60,0x0f,0x80,0x19,0x80,0x00,0x00,0x0f,
    0x00,0x0f,0x00,0x0f,0x80,0x1d,0x80,0x1d,0xc0,0x19,0xc0,0x39,0xc0,0x38,0xe0,0x7f,0xe0,0x7f,0xe0,0x70,0x70,0xe0,0x70,0xe0,
    0x70,0x00,0xc0,0x00,0x40,0x0e,0xc0,0x1f,0x00,0x31,0x80,0x00,0x00,0x1f,0x00,0x3f,0x80,0x33,0x80,0x01,0xc0,0x3f,0xc0,0x7f,
    0xc0,0x71,0xc0,0x73,0xc0,0x7f,0xc0,0x3d,0xc0,0x00,0x00,0x0e,0x80,0x1b,0x80,0x00,0x00,0x0f,0x00,0x19,0x80,0x00,0x00,0x0f,
    0x00,0x0f,0x00,0x0f,0x80,0x1d,0x80,0x1d,0xc0,0x19,0xc0,0x39,0xc0,0x38,0xe0,0x7f,0xe0,0x7f,0xe0,0x70,0x70,0xe0,0x70,0xe0,
    0x70,0x00,0x00,0x1d,0x80,0x37,0x00,0x0e,0x00,0x1f,0x00,0x31,0x80,0x00,0x00,0x1f,0x00,0x3f,0x80,0x33,0x80,0x01,0xc0,0x3f,
    0xc0,0x7f,0xc0,0x71,0xc0,0x73,0xc0,0x7f,0xc0,0x3d,0xc0,0x0f,0x00,0x1f,0x80,0x19,0xc0,0x00,0x00,0x0f,0x00,0x0f,0x00,0x0f,
    0x80,0x1d,0x80,0x1d,0xc0,0x19,0xc0,0x39,0xc0,0x38,0xe0,0x7f,0xe0,0x7f,0xe0,0x70,0x70,0xe0,0x70,0xe0,0x70,0x00,0x00,0x00,
    0x00,0x07,0x00,0x06,0x00,0x1e,0x00,0x1f,0x00,0x31,0x80,0x00,0x00,0x1f,0x00,0x3f,0x80,0x33,0x80,0x01,0xc0,0x3f,0xc0,0x7f,
    0xc0,0x71,0xc0,0x73,0xc0,0x7f,0xc0,0x3d,0xc0,0x00,0x00,0x00,0x00,0x0e,0x00,0x0c,0x00,0x03,0x00,0x1e,0x80,0x19,0x80,0x0f,
    0x00,0x00,0x00,0x0f,0x00,0x0f,0x00,0x0f,0x80,0x1d,0x80,0x1d,0xc0,0x19,0xc0,0x39,0xc0,0x38,0xe0,0x7f,0xe0,0x7f,0xe0,0x70,
    0x70,0xe0,0x70,0xe0,0x70,0x06,0x00,0x35,0x80,0x13,0x00,0x1f,0x00,0x00,0x00,0x1f,0x00,0x3f,0x80,0x33,0x80,0x01,0xc0,0x3f,
    0xc0,0x7f,0xc0,0x71,0xc0,0x73,0xc0,0x7f,0xc0,0x3d,0xc0,0x0c,0x00,0x1e,0x80,0x19,0x80,0x0f,0x00,0x00,0x00,0x0f,0x00,0x0f,
    0x00,0x0f,0x80,0x1d,0x80,0x1d,0xc0,0x19,0xc0,0x39,0xc0,0x38,0xe0,0x7f,0xe0,0x7f,0xe0,0x70,0x70,0xe0,0x70,0xe0,0x70,0x0c,
    0x00,0x35,0x80,0x33,0x00,0x1f,0x00,0x00,0x00,0x1f,0x00,0x3f,0x80,0x33,0x80,0x01,0xc0,0x3f,0xc0,0x7f,0xc0,0x71,0xc0,0x73,
    0xc0,0x7f,0xc0,0x3d,0xc0,0x06,0x00,0x03,0x00,0x16,0x80,0x19,0x80,0x0f,0x00,0x00,0x00,0x0f,0x00,0x0f,0x00,0x0f,0x80,0x1d,
    0x80,0x1d,0xc0,0x19,0xc0,0x39,0xc0,0x38,0xe0,0x7f,0xe0,0x7f,0xe0,0x70,0x70,0xe0,0x70,0xe0,0x70,0x0c,0x00,0x06,0x00,0x35,
    0x80,0x13,0x00,0x1e,0x00,0x00,0x00,0x1f,0x00,0x3f,0x80,0x33,0x80,0x01,0xc0,0x3f,0xc0,0x7f,0xc0,0x71,0xc0,0x73,0xc0,0x7f,
    0xc0,0x3d,0xc0,0x00,0x00,0x0e,0x80,0x1b,0x80,0x10,0x00,0x18,0x80,0x0f,0x80,0x00,0x00,0x0f,0x00,0x0f,0x00,0x0f,0x80,0x1d,
    0x80,0x1d,0xc0,0x19,0xc0,0x39,0xc0,0x38,0xe0,0x7f,0xe0,0x7f,0xe0,0x70,0x70,0xe0,0x70,0xe0,0x70,0x00,0x00,0x1d,0x80,0x37,
    0x00,0x31,0x80,0x11,0x00,0x1f,0x00,0x00,0x00,0x1f,0x00,0x3f,0x80,0x33,0x80,0x01,0xc0,0x3f,0xc0,0x7f,0xc0,0x71,0xc0,0x73,
    0xc0,0x7f,0xc0,0x3d,0xc0,0x18,0xc0,0x1f,0x80,0x0f,0x00,0x00,0x00,0x0f,0x00,0x0f,0x00,0x0f,0x80,0x1d,0x80,0x1d,0xc0,0x19,
    0xc0,0x39,0xc0,0x38,0xe0,0x7f,0xe0,0x7f,0xe0,0x70,0x70,0xe0,0x70,0xe0,0x70,0x00,0x00,0x00,0x00,0x07,0x00,0x06,0x00,0x31,
    0x80,0x3f,0x00,0x1e,0x00,0x00,0x00,0x1f,0x00,0x3f,0x80,0x33,0x80,0x01,0xc0,0x3f,0xc0,0x7f,0xc0,0x71,0xc0,0x73,0xc0,0x7f,
    0xc0,0x3d,0xc0,0x00,0x00,0x00,0x00,0x0e,0x00,0x0c,0x00,0x3f,0x80,0x3f,0x80,0x38,0x00,0x30,0x00,0x30,0x00,0x3f,0x80,0x3f,
    0x80,0x38,0x00,0x30,0x00,0x30,0x00,0x38,0x00,0x3f,0x80,0x3f,0x80,0x00,0x00,0x00,0x00,0x0e,0x00,0x0e,0x00,0x1f,0x00,0x3f,
    0x80,0x7b,0xc0,0x71,0xc0,0x7f,0xc0,0x7f,0xc0,0x70,0x00,0x78,0x80,0x3f,0x80,0x1f,0x80,0x00,0x00,0x00,0x00,0x0e,0x00,0x0e,
    0x00,0x0e,0x00,0x07,0x00,0x07,0x00,0x0e,0x00,0x00,0x00,0x3f,0x80,0x3f,0x80,0x38,0x00,0x30,0x00,0x30,0x00,0x3f,0x80,0x3f,
    0x80,0x38,0x00,0x30,0x00,0x30,0x00,0x38,0x00,0x3f,0x80,0x3f,0x80,0x0e,0x00,0x07,0x00,0x07,0x00,0x06,0x00,0x00,0x00,0x1f,
    0x00,0x3f,0x80,0x7b,0xc0,0x71,0xc0,0x7f,0xc0,0x7f,0xc0,0x70,0x00,0x78,0x80,0x3f,0x80,0x1f,0x80,0x1d,0x80,0x3f,0x80,0x37,
    0x00,0x00,0x00,0x3f,0x80,0x3f,0x80,0x38,0x00,0x30,0x00,0x30,0x00,0x3f,0x80,0x3f,0x80,0x38,0x00,0x30,0x00,0x30,0x00,0x38,
    0x00,0x3f,0x80,0x3f,0x80,0x1d,0x80,0x3f,0x80,0x27,0x00,0x00,0x00,0x1f,0x00,0x3f,0x80,0x7b,0xc0,0x71,0xc0,0x7f,0xc0,0x7f,
    0xc0,0x70,0x00,0x78,0x80,0x3f,0x80,0x1f,0x80,0x00,0x60,0x0e,0xc0,0x1f,0x00,0x33,0x00,0x00,0x00,0x3f,0x80,0x3f,0x80,0x38,
    0x00,0x30,0x00,0x30,0x00,0x3f,0x80,0x3f,0x80,0x38,0x00,0x30,0x00,0x30,0x00,0x38,0x00,0x3f,0x80,0x3f,0x80,0x00,0x60,0x0e,
    0xc0,0x1f,0x00,0x31,0x80,0x00,0x00,0x1f,0x00,0x3f,0x80,0x7b,0xc0,0x71,0xc0,0x7f,0xc0,0x7f,0xc0,0x70,0x00,0x78,0x80,0x3f,
    0x80,0x1f,0x80,0x60,0x00,0x37,0x00,0x0f,0x80,0x18,0x80,0x00,0x00,0x1f,0xc0,0x1f,0xc0,0x1c,0x00,0x18,0x00,0x18,0x00,0x1f,
    0xc0,0x1f,0xc0,0x1c,0x00,0x18,0x00,0x18,0x00,0x1c,0x00,0x1f,0xc0,0x1f,0xc0,0x60,0x00,0x37,0x00,0x0f,0x80,0x18,0xc0,0x00,
    0x00,0x0f,0x80,0x1f,0xc0,0x3d,0xe0,0x38,0xe0,0x3f,0xe0,0x3f,0xe0,0x38,0x00,0x3c,0x40,0x1f,0xc0,0x0f,0xc0,0x00,0xc0,0x00,
    0x40,0x0e,0xc0,0x1f,0x00,0x31,0x00,0x00,0x00,0x3f,0x80,0x3f,0x80,0x38,0x00,0x30,0x00,0x30,0x00,0x3f,0x80,0x3f,0x80,0x38,
    0x00,0x30,0x00,0x30,0x00,0x38,0x00,0x3f,0x80,0x3f,0x80,0x00,0xc0,0x00,0x60,0x0e,0xc0,0x1f,0x00,0x31,0x80,0x00,0x00,0x1f,
    0x00,0x3f,0x80,0x7b,0xc0,0x71,0xc0,0x7f,0xc0,0x7f,0xc0,0x70,0x00,0x78,0x80,0x3f,0x80,0x1f,0x80,0x00,0x00,0x1d,0x80,0x37,
    0x00,0x00,0x00,0x1e,0x00,0x33,0x00,0x00,0x00,0x3f,0x80,0x3f,0x80,0x38,0x00,0x30,0x00,0x30,0x00,0x3f,0x80,0x3f,0x80,0x38,
    0x00,0x30,0x00,0x30,0x00,0x38,0x00,0x3f,0x80,0x3f,0x80,0x00,0x00,0x1d,0x80,0x37,0x00,0x0e,0x00,0x1f,0x00,0x31,0x80,0x00,
    0x00,0x1f,0x00,0x3f,0x80,0x7b,0xc0,0x71,0xc0,0x7f,0xc0,0x7f,0xc0,0x70,0x00,0x78,0x80,0x3f,0x80,0x1f,0x80,0x1e,0x00,0x1f,
    0x00,0x31,0x80,0x00,0x00,0x3f,0x80,0x3f,0x80,0x38,0x00,0x30,0x00,0x30,0x00,0x3f,0x80,0x3f,0x80,0x38,0x00,0x30,0x00,0x30,
    0x00,0x38,0x00,0x3f,0x80,0x3f,0x80,0x00,0x00,0x00,0x00,0x0e,0x00,0x0e,0x00,0x1e,0x00,0x1f,0x00,0x31,0x80,0x00,0x00,0x1f,
    0x00,0x3f,0x80,0x7b,0xc0,0x71,0xc0,0x7f,0xc0,0x7f,0xc0,0x70,0x00,0x78,0x80,0x3f,0x80,0x1f,0x80,0x00,0x00,0x00,0x00,0x0e,
    0x00,0x0e,0x00,0x38,0x1c,0x1c,0x18,0x00,0x7c,0x7c,0x38,0x38,0x38,0x38,0x38,0x38,0x38,0x38,0x38,0x7c,0x7c,0x70,0x18,0x38,
    0x30,0x00,0x70,0x70,0x70,0x70,0x70,0x70,0x70,0x70,0x70,0x70,0x7c,0x7c,0x38,0x38,0x38,0x38,0x38,0x38,0x38,0x38,0x38,0x7c,
    0x7c,0x00,0x00,0x38,0x38,0x70,0x70,0x00,0x00,0x70,0x70,0x70,0x70,0x70,0x70,0x70,0x70,0x70,0x70,0x00,0x00,0x70,0x30,0x0f,
    0xc0,0x1f,0xf0,0x3c,0x70,0x78,0x38,0x70,0x38,0x70,0x38,0x70,0x38,0x70,0x38,0x70,0x38,0x38,0x38,0x3c,0x70,0x1f,0xf0,0x0f,
    0xc0,0x00,0x00,0x00,0x00,0x03,0x80,0x03,0x00,0x1f,0x00,0x3f,0x80,0x79,0xc0,0x71,0xc0,0x71,0xc0,0x71,0xc0,0x71,0xc0,0x79,
    0xc0,0x3f,0x80,0x1f,0x00,0x00,0x00,0x00,0x00,0x0e,0x00,0x0e,0x00,0x07,0x80,0x01,0x80,0x01,0x80,0x03,0x00,0x00,0x00,0x0f,
    0xc0,0x1f,0xf0,0x3c,0x70,0x78,0x38,0x70,0x38,0x70,0x38,0x70,0x38,0x70,0x38,0x70,0x38,0x38,0x38,0x3c,0x70,0x1f,0xf0,0x0f,
    0xc0,0x0e,0x00,0x07,0x00,0x07,0x00,0x06,0x00,0x00,0x00,0x1f,0x00,0x3f,0x80,0x79,0xc0,0x71,0xc0,0x71,0xc0,0x71,0xc0,0x71,
    0xc0,0x79,0xc0,0x3f,0x80,0x1f,0x00,0x00,0x38,0x07,0xb0,0x07,0xc0,0x0c,0xc0,0x00,0x00,0x0f,0xc0,0x1f,0xf0,0x3c,0x70,0x78,
    0x38,0x70,0x38,0x70,0x38,0x70,0x38,0x70,0x38,0x70,0x38,0x38,0x38,0x3c,0x70,0x1f,0xf0,0x0f,0xc0,0x00,0x60,0x0e,0xc0,0x1f,
    0x00,0x31,0x80,0x00,0x00,0x1f,0x00,0x3f,0x80,0x79,0xc0,0x71,0xc0,0x71,0xc0,0x71,0xc0,0x71,0xc0,0x79,0xc0,0x3f,0x80,0x1f,
    0x00,0x30,0x00,0x37,0x80,0x07,0xc0,0x0c,0xc0,0x00,0x00,0x0f,0xc0,0x1f,0xf0,0x3c,0x70,0x78,0x38,0x70,0x38,0x70,0x38,0x70,
    0x38,0x70,0x38,0x70,0x38,0x38,0x38,0x3c,0x70,0x1f,0xf0,0x0f,0xc0,0x60,0x00,0x37,0x00,0x0f,0x80,0x18,0xc0,0x00,0x00,0x0f,
    0x80,0x1f,0xc0,0x3c,0xe0,0x38,0xe0,0x38,0xe0,0x38,0xe0,0x38,0xe0,0x3c,0xe0,0x1f,0xc0,0x0f,0x80,0x00,0x70,0x00,0x10,0x07,
    0xa0,0x07,0xc0,0x0c,0xc0,0x00,0x00,0x0f,0xc0,0x1f,0xf0,0x3c,0x70,0x78,0x38,0x70,0x38,0x70,0x38,0x70,0x38,0x70,0x38,0x70,
    0x38,0x38,0x38,0x3c,0x70,0x1f,0xf0,0x0f,0xc0,0x00,0xc0,0x00,0x60,0x0e,0xc0,0x1f,0x00,0x31,0x80,0x00,0x00,0x1f,0x00,0x3f,
    0x80,0x79,0xc0,0x71,0xc0,0x71,0xc0,0x71,0xc0,0x71,0xc0,0x79,0xc0,0x3f,0x80,0x1f,0x00,0x00,0x00,0x07,0x40,0x0f,0xc0,0x00,
    0x00,0x07,0x80,0x0c,0xc0,0x00,0x00,0x0f,0xc0,0x1f,0xf0,0x3c,0x70,0x78,0x38,0x70,0x38,0x70,0x38,0x70,0x38,0x70,0x38,0x70,
    0x38,0x38,0x38,0x3c,0x70,0x1f,0xf0,0x0f,0xc0,0x00,0x00,0x1d,0x80,0x37,0x00,0x0e,0x00,0x1f,0x00,0x31,0x80,0x00,0x00,0x1f,
    0x00,0x3f,0x80,0x79,0xc0,0x71,0xc0,0x71,0xc0,0x71,0xc0,0x71,0xc0,0x79,0xc0,0x3f,0x80,0x1f,0x00,0x07,0x80,0x0f,0xc0,0x0c,
    0xe0,0x00,0x00,0x0f,0xc0,0x1f,0xf0,0x3c,0x70,0x78,0x38,0x70,0x38,0x70,0x38,0x70,0x38,0x70,0x38,0x70,0x38,0x38,0x38,0x3c,
    0x70,0x1f,0xf0,0x0f,0xc0,0x00,0x00,0x00,0x00,0x03,0x80,0x03,0x00,0x0f,0x00,0x1f,0x00,0x31,0x80,0x00,0x00,0x1f,0x00,0x3f,
    0x80,0x79,0xc0,0x71,0xc0,0x71,0xc0,0x71,0xc0,0x71,0xc0,0x79,0xc0,0x3f,0x80,0x1f,0x00,0x00,0x00,0x00,0x00,0x0e,0x00,0x0e,
    0x00,0x01,0xc0,0x03,0x80,0x03,0x00,0x00,0x0e,0x0f,0xce,0x1f,0xfe,0x3c,0x7c,0x78,0x38,0x70,0x38,0x70,0x38,0x70,0x38,0x70,
    0x38,0x70,0x38,0x38,0x38,0x3c,0x70,0x1f,0xf0,0x0f,0xc0,0x03,0x80,0x07,0x00,0x0c,0x18,0x00,0x38,0x1f,0x38,0x3f,0xf0,0x79,
    0xc0,0x71,0xc0,0x71,0xc0,0x71,0xc0,0x71,0xc0,0x79,0xc0,0x3f,0x80,0x1f,0x00,0x0e,0x00,0x07,0x00,0x03,0x80,0x00,0x0e,0x0f,
    0xce,0x1f,0xfe,0x3c,0x7c,0x78,0x38,0x70,0x38,0x70,0x38,0x70,0x38,0x70,0x38,0x70,0x38,0x38,0x38,0x3c,0x70,0x1f,0xf0,0x0f,
    0xc0,0x3c,0x00,0x1c,0x00,0x06,0x18,0x00,0x38,0x1f,0x38,0x3f,0xf0,0x79,0xc0,0x71,0xc0,0x71,0xc0,0x71,0xc0,0x71,0xc0,0x79,
    0xc0,0x3f,0x80,0x1f,0x00,0x03,0x80,0x01,0xc0,0x01,0x80,0x03,0x00,0x00,0x0e,0x0f,0xce,0x1f,0xfe,0x3c,0x7c,0x78,0x38,0x70,
    0x38,0x70,0x38,0x70,0x38,0x70,0x38,0x70,0x38,0x38,0x38,0x3c,0x70,0x1f,0xf0,0x0f,0xc0,0x0e,0x00,0x07,0x00,0x07,0x00,0x06,
    0x00,0x00,0x38,0x1f,0x38,0x3f,0xf0,0x79,0xc0,0x71,0xc0,0x71,0xc0,0x71,0xc0,0x71,0xc0,0x79,0xc0,0x3f,0x80,0x1f,0x00,0x07,
    0x60,0x0f,0xe0,0x09,0xc0,0x00,0x0e,0x0f,0xce,0x1f,0xfe,0x3c,0x7c,0x78,0x38,0x70,0x38,0x70,0x38,0x70,0x38,0x70,0x38,0x70,
    0x38,0x38,0x38,0x3c,0x70,0x1f,0xf0,0x0f,0xc0,0x1d,0x80,0x3f,0x80,0x37,0x18,0x00,0x38,0x1f,0x38,0x3f,0xf0,0x79,0xc0,0x71,
    0xc0,0x71,0xc0,0x71,0xc0,0x71,0xc0,0x79,0xc0,0x3f,0x80,0x1f,0x00,0x00,0x0e,0x0f,0xce,0x1f,0xfe,0x3c,0x7c,0x78,0x38,0x70,
    0x38,0x70,0x38,0x70,0x38,0x70,0x38,0x70,0x38,0x38,0x38,0x3c,0x70,0x1f,0xf0,0x0f,0xc0,0x00,0x00,0x00,0x00,0x03,0x80,0x03,
    0x00,0x00,0x18,0x00,0x38,0x1f,0x38,0x3f,0xf0,0x79,0xc0,0x71,0xc0,0x71,0xc0,0x71,0xc0,0x71,0xc0,0x79,0xc0,0x3f,0x80,0x1f,
    0x00,0x00,0x00,0x00,0x00,0x0e,0x00,0x0e,0x00,0x70,0x70,0x70,0x70,0x70,0x70,0x70,0x70,0x70,0x70,0x70,0x70,0x70,0x70,0x70,
    0x70,0x70,0x70,0x38,0x70,0x3c,0xf0,0x1f,0xe0,0x0f,0xc0,0x00,0x00,0x00,0x00,0x07,0x00,0x07,0x00,0x70,0xc0,0x70,0xc0,0x70,
    0xc0,0x70,0xc0,0x70,0xc0,0x70,0xc0,0x71,0xc0,0x79,0xc0,0x3f,0xc0,0x1e,0xc0,0x00,0x00,0x00,0x00,0x0e,0x00,0x0e,0x00,0x07,
    0x00,0x01,0x80,0x03,0x80,0x03,0x00,0x00,0x00,0x70,0x70,0x70,0x70,0x70,0x70,0x70,0x70,0x70,0x70,0x70,0x70,0x70,0x70,0x70,
    0x70,0x70,0x70,0x38,0x70,0x3c,0xf0,0x1f,0xe0,0x0f,0xc0,0x0e,0x00,0x03,0x00,0x07,0x00,0x06,0x00,0x00,0x00,0x70,0xc0,0x70,
    0xc0,0x70,0xc0,0x70,0xc0,0x70,0xc0,0x70,0xc0,0x71,0xc0,0x79,0xc0,0x3f,0xc0,0x1e,0xc0,0x01,0xc0,0x00,0x03,0x80,0x00,0x07,
    0x00,0x00,0x00,0x07,0x00,0x70,0x77,0x00,0x70,0x7e,0x00,0x70,0x7c,0x00,0x70,0x70,0x00,0x70,0x70,0x00,0x70,0x70,0x00,0x70,
    0x70,0x00,0x70,0x70,0x00,0x70,0x70,0x00,0x38,0x70,0x00,0x3c,0xf0,0x00,0x1f,0xe0,0x00,0x0f,0xc0,0x00,0x03,0x80,0x07,0x00,
    0x0e,0x0c,0x00,0x0c,0x70,0xfc,0x70,0xf8,0x70,0xf0,0x70,0xc0,0x70,0xc0,0x70,0xc0,0x71,0xc0,0x79,0xc0,0x3f,0xc0,0x1e,0xc0,
    0x0e,0x00,0x00,0x07,0x00,0x00,0x03,0x00,0x00,0x00,0x07,0x00,0x70,0x77,0x00,0x70,0x7e,0x00,0x70,0x7c,0x00,0x70,0x70,0x00,
    0x70,0x70,0x00,0x70,0x70,0x00,0x70,0x70,0x00,0x70,0x70,0x00,0x70,0x70,0x00,0x38,0x70,0x00,0x3c,0xf0,0x00,0x1f,0xe0,0x00,
    0x0f,0xc0,0x00,0x1c,0x00,0x0e,0x00,0x06,0x0c,0x00,0x0c,0x70,0xfc,0x70,0xf8,0x70,0xf0,0x70,0xc0,0x70,0xc0,0x70,0xc0,0x71,
    0xc0,0x79,0xc0,0x3f,0xc0,0x1e,0xc0,0x07,0x00,0x00,0x01,0x80,0x00,0x03,0x80,0x00,0x03,0x00,0x00,0x00,0x07,0x00,0x70,0x77,
    0x00,0x70,0x7e,0x00,0x70,0x7c,0x00,0x70,0x70,0x00,0x70,0x70,0x00,0x70,0x70,0x00,0x70,0x70,0x00,0x70,0x70,0x00,0x70,0x70,
    0x00,0x38,0x70,0x00,0x3c,0xf0,0x00,0x1f,0xe0,0x00,0x0f,0xc0,0x00,0x0f,0x00,0x03,0x00,0x07,0x00,0x06,0x0c,0x00,0x0c,0x70,
    0xfc,0x70,0xf8,0x70,0xf0,0x70,0xc0,0x70,0xc0,0x70,0xc0,0x71,0xc0,0x79,0xc0,0x3f,0xc0,0x1e,0xc0,0x0e,0x40,0x00,0x1f,0xc0,
    0x00,0x1b,0x80,0x00,0x00,0x07,0x00,0x70,0x77,0x00,0x70,0x7e,0x00,0x70,0x7c,0x00,0x70,0x70,0x00,0x70,0x70,0x00,0x70,0x70,
    0x00,0x70,0x70,0x00,0x70,0x70,0x00,0x70,0x70,0x00,0x38,0x70,0x00,0x3c,0xf0,0x00,0x1f,0xe0,0x00,0x0f,0xc0,0x00,0x1c,0xc0,
    0x1f,0x80,0x37,0x8c,0x00,0x0c,0x70,0xfc,0x70,0xf8,0x70,0xf0,0x70,0xc0,0x70,0xc0,0x70,0xc0,0x71,0xc0,0x79,0xc0,0x3f,0xc0,
    0x1e,0xc0,0x00,0x07,0x00,0x70,0x77,0x00,0x70,0x7e,0x00,0x70,0x7c,0x00,0x70,0x70,0x00,0x70,0x70,0x00,0x70,0x70,0x00,0x70,
    0x70,0x00,0x70,0x70,0x00,0x70,0x70,0x00,0x38,0x70,0x00,0x3c,0xf0,0x00,0x1f,0xe0,0x00,0x0f,0xc0,0x00,0x00,0x00,0x00,0x00,
    0x00,0x00,0x07,0x00,0x00,0x07,0x00,0x00,0x00,0x0c,0x00,0x0c,0x70,0xfc,0x70,0xf8,0x70,0xf0,0x70,0xc0,0x70,0xc0,0x70,0xc0,
    0x71,0xc0,0x79,0xc0,0x3f,0xc0,0x1e,0xc0,0x00,0x00,0x00,0x00,0x0e,0x00,0x0e,0x00,0x3c,0x00,0x1c,0x00,0x06,0x00,0x00,0x00,
    0xe0,0xe0,0x71,0xe0,0x71,0xc0,0x3b,0x80,0x3b,0x80,0x1f,0x00,0x1f,0x00,0x0e,0x00,0x0e,0x00,0x0e,0x00,0x0e,0x00,0x0e,0x00,
    0x0e,0x00,0x38,0x00,0x1c,0x00,0x0e,0x00,0x00,0x00,0xe1,0xc0,0x71,0xc0,0x73,0x80,0x73,0x80,0x3b,0x80,0x3f,0x00,0x1f,0x00,
    0x1e,0x00,0x1e,0x00,0x0e,0x00,0x0c,0x00,0x1c,0x00,0x78,0x00,0x70,0x00,0xe0,0xe0,0x71,0xe0,0x71,0xc0,0x3b,0x80,0x3b,0x80,
    0x1f,0x00,0x1f,0x00,0x0e,0x00,0x0e,0x00,0x0e,0x00,0x0e,0x00,0x0e,0x00,0x0e,0x00,0x00,0x00,0x00,0x00,0x0e,0x00,0x0e,0x00,
    0xe1,0xc0,0x71,0xc0,0x73,0x80,0x73,0x80,0x3b,0x80,0x3f,0x00,0x1f,0x00,0x1e,0x00,0x1e,0x00,0x0e,0x00,0x0c,0x00,0x1c,0x00,
    0x79,0xc0,0x71,0x80,0x0e,0x00,0x07,0x00,0x07,0x00,0x06,0x00,0x00,0x00,0xe0,0xe0,0x71,0xe0,0x71,0xc0,0x3b,0x80,0x3b,0x80,
    0x1f,0x00,0x1f,0x00,0x0e,0x00,0x0e,0x00,0x0e,0x00,0x0e,0x00,0x0e,0x00,0x0e,0x00,0x1e,0x00,0x06,0x00,0x06,0x00,0x0c,0x00,
    0x00,0x00,0xe1,0xc0,0x71,0xc0,0x73,0x80,0x73,0x80,0x3b,0x80,0x3f,0x00,0x1f,0x00,0x1e,0x00,0x1e,0x00,0x0e,0x00,0x0c,0x00,
    0x1c,0x00,0x78,0x00,0x70,0x00,0x1d,0x80,0x3f,0x80,0x37,0x00,0x00,0x00,0xe0,0xe0,0x71,0xe0,0x71,0xc0,0x3b,0x80,0x3b,0x80,
    0x1f,0x00,0x1f,0x00,0x0e,0x00,0x0e,0x00,0x0e,0x00,0x0e,0x00,0x0e,0x00,0x0e,0x00,0x3d,0x80,0x3f,0x00,0x67,0x00,0x00,0x00,
    0xe1,0xc0,0x71,0xc0,0x73,0x80,0x73,0x80,0x3b,0x80,0x3f,0x00,0x1f,0x00,0x1e,0x00,0x1e,0x00,0x0e,0x00,0x0c,0x00,0x1c,0x00,
    0x78,0x00,0x70,0x00,0x00,0x00,0x7f,0x00,0x7f,0x00,0x00,0x00,0x00,0x00,0x00,0x00,0x00,0x00,0x00,0x00,0x00,0x7f,0xff,0x80,
    0x7f,0xff,0x80,0x00,0x00,0x00,0x00,0x00,0x00,0x00,0x00,0x00,0x00,0x00,0x00,0x70,0x60,0x60,0xe0,0x00,0x00,0x00,0x00,0x00,
    0x00,0x00,0x00,0x00,0x70,0x60,0x60,0xc0,0x00,0x00,0x00,0x00,0x00,0x00,0x00,0x00,0x00,0x73,0x67,0x66,0xee,0x00,0x00,0x00,
    0x00,0x00,0x00,0x00,0x00,0x00,0x77,0x66,0x66,0xce,0x00,0x00,0x00,0x00,0x00,0x00,0x00,0x00,0x00,0x38,0x7c,0x7c,0x7c,0x7c,
    0x38,0x00,0x00,0x00,0x00,0x73,0x8c,0x73,0x9c,0x73,0x8c,0x3f,0x80,0x20,0x80,0x20,0x80,0x20,0x80,0x20,0x80,0x20,0x80,0x20,
    0x80,0x20,0x80,0x20,0x80,0x20,0x80,0x20,0x80,0x20,0x80,0x3f,0x80,0x3f,0x80,0x20,0x80,0x20,0x80,0x20,0x80,0x20,0x80,0x20,
    0x80,0x20,0x80,0x20,0x80,0x20,0x80,0x20,0x80,0x20,0x80,0x20,0x80,0x3f,0x80,0x3f,0x80,0x20,0x80,0x20,0x80,0x20,0x80,0x20,
    0x80,0x20,0x80,0x20,0x80,0x20,0x80,0x20,0x80,0x20,0x80,0x20,0x80,0x20,0x80,0x3f,0x80,0x3f,0x80,0x20,0x80,0x20,0x80,0x20,
    0x80,0x20,0x80,0x20,0x80,0x20,0x80,0x20,0x80,0x20,0x80,0x20,0x80,0x20,0x80,0x20,0x80,0x3f,0x80,0x3f,0x80,0x20,0x80,0x20,
    0x80,0x20,0x80,0x20,0x80,0x20,0x80,0x20,0x80,0x20,0x80,0x20,0x80,0x20,0x80,0x20,0x80,0x20,0x80,0x3f,0x80,0x3f,0x80,0x20,
    0x80,0x20,0x80,0x20,0x80,0x20,0x80,0x20,0x80,0x20,0x80,0x20,0x80,0x20,0x80,0x20,0x80,0x20,0x80,0x20,0x80,0x3f,0x80,0x3f,
    0x80,0x20,0x80,0x20,0x80,0x20,0x80,0x20,0x80,0x20,0x80,0x20,0x80,0x20,0x80,0x20,0x80,0x20,0x80,0x20,0x80,0x20,0x80,0x3f,
    0x80,0x3f,0x80,0x20,0x80,0x20,0x80,0x20,0x80,0x20,0x80,0x20,0x80,0x20,0x80,0x20,0x80,0x20,0x80,0x20,0x80,0x20,0x80,0x20,
    0x80,0x3f,0x80,0x3f,0x80,0x20,0x80,0x20,0x80,0x20,0x80,0x20,0x80,0x20,0x80,0x20,0x80,0x20,0x80,0x20,0x80,0x20,0x80,0x20,
    0x80,0x20,0x80,0x3f,0x80,0x3f,0x80,0x20,0x80,0x20,0x80,0x20,0x80,0x20,0x80,0x20,0x80,0x20,0x80,0x20,0x80,0x20,0x80,0x20,
    0x80,0x20,0x80,0x20,0x80,0x3f,0x80,
};
static const gfx_glyph_t font_small_glyphs[] = {
    {0x0020, 5, 0, 0, 0, 0, 0},
    {0x0021, 5, 5, 13, 0, 7, 0},
    {0x0022, 8, 9, 13, 0, 7, 13},
    {0x0023, 12, 12, 13, 0, 7, 39},
    {0x0024, 10, 10, 15, 0, 6, 65},
    {0x0025, 16, 16, 13, 0, 7, 95},
    {0x0026, 14, 14, 13, 0, 7, 121},
    {0x0027, 5, 5, 13, 0, 7, 147},
    {0x0028, 6, 6, 16, 0, 7, 160},
    {0x0029, 6, 6, 16, 0, 7, 176},
    {0x002a, 10, 10, 14, 0, 6, 192},
    {0x002b, 10, 10, 11, 0, 9, 220},
    {0x002c, 5, 5, 4, 0, 18, 242},
    {0x002d, 6, 6, 7, 0, 13, 246},
    {0x002e, 5, 5, 3, 0, 17, 253},
    {0x002f, 7, 8, 13, 0, 7, 256},
    {0x0030, 10, 10, 13, 0, 7, 269},
    {0x0031, 10, 10, 13, 0, 7, 295},
    {0x0032, 10, 10, 13, 0, 7, 321},
    {0x0033, 10, 10, 13, 0, 7, 347},
    {0x0034, 10, 10, 13, 0, 7, 373},
    {0x0035, 10, 10, 13, 0, 7, 399},
    {0x0036, 10, 10, 13, 0, 7, 425},
    {0x0037, 10, 10, 13, 0, 7, 451},
    {0x0038, 10, 10, 13, 0, 7, 477},
    {0x0039, 10, 10, 13, 0, 7, 503},
    {0x003a, 5, 5, 10, 0, 10, 529},
    {0x003b, 5, 5, 12, 0, 10, 539},
    {0x003c, 10, 10, 12, 0, 8, 551},
    {0x003d, 10, 10, 10, 0, 10, 575},
    {0x003e, 10, 10, 12, 0, 8, 595},
    {0x003f, 9, 9, 13, 0, 7, 619},
    {0x0040, 16, 16, 15, 0, 7, 645},
    {0x0041, 12, 13, 13, 0, 7, 675},
    {0x0042, 12, 12, 13, 0, 7, 701},
    {0x0043, 11, 11, 13, 0, 7, 727},
    {0x0044, 13, 13, 13, 0, 7, 753},
    {0x0045, 10, 10, 13, 0, 7, 779},
    {0x0046, 10, 10, 13, 0, 7, 805},
    {0x0047, 13, 13, 13, 0, 7, 831},
    {0x0048, 14, 14, 13, 0, 7, 857},
    {0x0049, 7, 7, 13, 0, 7, 883},
    {0x004a, 6, 8, 17, -2, 7, 896},
    {0x004b, 12, 12, 13, 0, 7, 913},
    {0x004c, 10, 10, 13, 0, 7, 939},
    {0x004d, 17, 17, 13, 0, 7, 965},
    {0x004e, 15, 15, 13, 0, 7, 1004},
    {0x004f, 14, 14, 13, 0, 7, 1030},
    {0x0050, 11, 11, 13, 0, 7, 1056},
    {0x0051, 14, 14, 16, 0, 7, 1082},
    {0x0052, 12, 12, 13, 0, 7, 1114},
    {0x0053, 10, 10, 13, 0, 7, 1140},
    {0x0054, 10, 11, 13, 0, 7, 1166},
    {0x0055, 14, 14, 13, 0, 7, 1192},
    {0x0056, 12, 12, 13, 0, 7, 1218},
    {0x0057, 17, 18, 13, 0, 7, 1244},
    {0x0058, 12, 12, 13, 0, 7, 1283},
    {0x0059, 11, 12, 13, 0, 7, 1309},
    {0x005a, 10, 10, 13, 0, 7, 1335},
    {0x005b, 6, 6, 17, 0, 7, 1361},
    {0x005c, 7, 8, 13, 0, 7, 1378},
    {0x005d, 6, 6, 17, 0, 7, 1391},
    {0x005e, 10, 10, 14, 0, 6, 1408},
    {0x005f, 7, 9, 4, -1, 20, 1436},
    {0x0060, 7, 7, 14, 0, 6, 1444},
    {0x0061, 11, 11, 10, 0, 10, 1458},
    {0x0062, 11, 11, 14, 0, 6, 1478},
    {0x0063, 9, 9, 10, 0, 10, 1506},
    {0x0064, 11, 11, 14, 0, 6, 1526},
    {0x0065, 11, 11, 10, 0, 10, 1554},
    {0x0066, 7, 8, 14, 0, 6, 1574},
    {0x0067, 11, 11, 14, 0, 10, 1588},
    {0x0068, 12, 12, 14, 0, 6, 1616},
    {0x0069, 5, 5, 14, 0, 6, 1644},
    {0x006a, 5, 7, 18, -2, 6, 1658},
    {0x006b, 11, 12, 14, 0, 6, 1676},
    {0x006c, 5, 5, 14, 0, 6, 1704},
    {0x006d, 18, 18, 10, 0, 10, 1718},
    {0x006e, 12, 12, 10, 0, 10, 1748},
    {0x006f, 11, 11, 10, 0, 10, 1768},
    {0x0070, 11, 11, 14, 0, 10, 1788},
    {0x0071, 11, 11, 14, 0, 10, 1816},
    {0x0072, 8, 8, 10, 0, 10, 1844},
    {0x0073, 9, 9, 10, 0, 10, 1854},
    {0x0074, 8, 8, 12, 0, 8, 1874},
    {0x0075, 12, 12, 10, 0, 10, 1886},
    {0x0076, 10, 11, 10, 0, 10, 1906},
    {0x0077, 15, 16, 10, 0, 10, 1926},
    {0x0078, 10, 11, 10, 0, 10, 1946},
    {0x0079, 10, 11, 14, 0, 10, 1966},
    {0x007a, 9, 9, 10, 0, 10, 1994},
    {0x007b, 7, 7, 16, 0, 7, 2014},
    {0x007c, 10, 10, 18, 0, 6, 2030},
    {0x007d, 7, 7, 16, 0, 7, 2066},
    {0x007e, 10, 10, 9, 0, 11, 2082},
    {0x00a0, 5, 0, 0, 0, 0, 2100},
    {0x00a1, 5, 5, 13, 0, 10, 2100},
    {0x00a2, 10, 10, 13, 0, 7, 2113},
    {0x00a3, 10, 10, 13, 0, 7, 2139},
    {0x00a4, 10, 10, 11, 0, 9, 2165},
    {0x00a5, 10, 11, 13, 0, 7, 2187},
    {0x00a6, 10, 10, 18, 0, 6, 2213},
    {0x00a7, 9, 9, 14, 0, 6, 2249},
    {0x00a8, 11, 11, 14, 0, 6, 2277},
    {0x00a9, 15, 15, 13, 0, 7, 2305},
    {0x00aa, 7, 7, 13, 0, 7, 2331},
    {0x00ab, 11, 11, 10, 0, 10, 2344},
    {0x00ac, 10, 10, 8, 0, 12, 2364},
    {0x00ad, 0, 0, 0, 0, 0, 2380},
    {0x00ae, 15, 15, 13, 0, 7, 2380},
    {0x00af, 9, 11, 17, -1, 3, 2406},
    {0x00b0, 8, 8, 14, 0, 6, 2440},
    {0x00b1, 10, 10, 11, 0, 9, 2454},
    {0x00b2, 7, 7, 15, 0, 5, 2476},
    {0x00b3, 7, 7, 15, 0, 5, 2491},
    {0x00b4, 7, 7, 14, 0, 6, 2506},
    {0x00b5, 12, 12, 14, 0, 10, 2520},
    {0x00b6, 12, 12, 17, 0, 6, 2548},
    {0x00b7, 5, 5, 8, 0, 12, 2582},
    {0x00b8, 4, 5, 6, -1, 19, 2590},
    {0x00b9, 7, 7, 15, 0, 5, 2596},
    {0x00ba, 7, 7, 13, 0, 7, 2611},
    {0x00bb, 11, 11, 10, 0, 10, 2624},
    {0x00bc, 15, 15, 13, 0, 7, 2644},
    {0x00bd, 16, 16, 13, 0, 7, 2670},
    {0x00be, 15, 16, 14, 0, 6, 2696},
    {0x00bf, 9, 9, 13, 0, 10, 2724},
    {0x00c0, 12, 13, 17, 0, 3, 2750},
    {0x00c1, 12, 13, 17, 0, 3, 2784},
    {0x00c2, 12, 13, 17, 0, 3, 2818},
    {0x00c3, 12, 13, 17, 0, 3, 2852},
    {0x00c4, 12, 13, 17, 0, 3, 2886},
    {0x00c5, 12, 13, 16, 0, 4, 2920},
    {0x00c6, 17, 17, 13, 0, 7, 2952},
    {0x00c7, 11, 11, 18, 0, 7, 2991},
    {0x00c8, 10, 10, 17, 0, 3, 3027},
    {0x00c9, 10, 10, 17, 0, 3, 3061},
    {0x00ca, 10, 10, 17, 0, 3, 3095},
    {0x00cb, 10, 10, 17, 0, 3, 3129},
    {0x00cc, 7, 7, 17, 0, 3, 3163},
    {0x00cd, 7, 7, 17, 0, 3, 3180},
    {0x00ce, 7, 9, 17, -1, 3, 3197},
    {0x00cf, 7, 7, 17, 0, 3, 3231},
    {0x00d0, 13, 13, 13, 0, 7, 3248},
    {0x00d1, 15, 15, 17, 0, 3, 3274},
    {0x00d2, 14, 14, 17, 0, 3, 3308},
    {0x00d3, 14, 14, 17, 0, 3, 3342},
    {0x00d4, 14, 14, 17, 0, 3, 3376},
    {0x00d5, 14, 14, 17, 0, 3, 3410},
    {0x00d6, 14, 14, 17, 0, 3, 3444},
    {0x00d7, 10, 10, 11, 0, 9, 3478},
    {0x00d8, 14, 14, 15, 0, 6, 3500},
    {0x00d9, 14, 14, 17, 0, 3, 3530},
    {0x00da, 14, 14, 17, 0, 3, 3564},
    {0x00db, 14, 14, 17, 0, 3, 3598},
    {0x00dc, 14, 14, 17, 0, 3, 3632},
    {0x00dd, 11, 12, 17, 0, 3, 3666},
    {0x00de, 11, 11, 13, 0, 7, 3700},
    {0x00df, 13, 13, 14, 0, 6, 3726},
    {0x00e0, 11, 11, 14, 0, 6, 3754},
    {0x00e1, 11, 11, 14, 0, 6, 3782},
    {0x00e2, 11, 11, 14, 0, 6, 3810},
    {0x00e3, 11, 11, 14, 0, 6, 3838},
    {0x00e4, 11, 11, 14, 0, 6, 3866},
    {0x00e5, 11, 11, 15, 0, 5, 3894},
    {0x00e6, 16, 17, 10, 0, 10, 3924},
    {0x00e7, 9, 9, 15, 0, 10, 3954},
    {0x00e8, 11, 11, 14, 0, 6, 3984},
    {0x00e9, 11, 11, 14, 0, 6, 4012},
    {0x00ea, 11, 11, 14, 0, 6, 4040},
    {0x00eb, 11, 11, 14, 0, 6, 4068},
    {0x00ec, 5, 6, 14, -1, 6, 4096},
    {0x00ed, 5, 7, 14, 0, 6, 4110},
    {0x00ee, 5, 9, 14, -2, 6, 4124},
    {0x00ef, 5, 7, 14, -1, 6, 4152},
    {0x00f0, 11, 11, 14, 0, 6, 4166},
    {0x00f1, 12, 12, 14, 0, 6, 4194},
    {0x00f2, 11, 11, 14, 0, 6, 4222},
    {0x00f3, 11, 11, 14, 0, 6, 4250},
    {0x00f4, 11, 11, 14, 0, 6, 4278},
    {0x00f5, 11, 11, 14, 0, 6, 4306},
    {0x00f6, 11, 11, 14, 0, 6, 4334},
    {0x00f7, 10, 10, 11, 0, 9, 4362},
    {0x00f8, 11, 11, 12, 0, 9, 4384},
    {0x00f9, 12, 12, 14, 0, 6, 4408},
    {0x00fa, 12, 12, 14, 0, 6, 4436},
    {0x00fb, 12, 12, 14, 0, 6, 4464},
    {0x00fc, 12, 12, 14, 0, 6, 4492},
    {0x00fd, 10, 11, 18, 0, 6, 4520},
    {0x00fe, 11, 11, 18, 0, 6, 4556},
    {0x00ff, 10, 11, 18, 0, 6, 4592},
    {0x0102, 12, 13, 17, 0, 3, 4628},
    {0x0103, 11, 11, 14, 0, 6, 4662},
    {0x0110, 13, 13, 13, 0, 7, 4690},
    {0x0111, 12, 12, 14, 0, 6, 4716},
    {0x0128, 7, 9, 17, -1, 3, 4744},
    {0x0129, 5, 8, 14, -1, 6, 4778},
    {0x0168, 14, 14, 17, 0, 3, 4792},
    {0x0169, 12, 12, 14, 0, 6, 4826},
    {0x01a0, 15, 16, 14, 0, 6, 4854},
    {0x01a1, 12, 14, 12, 0, 8, 4882},
    {0x01a2, 20, 20, 13, 0, 7, 4906},
    {0x01a3, 17, 17, 14, 0, 10, 4945},
    {0x01a4, 14, 14, 13, 0, 7, 4987},
    {0x01a5, 11, 11, 18, 0, 6, 5013},
    {0x01a6, 12, 12, 15, 0, 7, 5049},
    {0x01a7, 10, 10, 13, 0, 7, 5079},
    {0x01a8, 9, 9, 10, 0, 10, 5105},
    {0x01a9, 11, 11, 13, 0, 7, 5125},
    {0x01aa, 8, 10, 18, -1, 6, 5151},
    {0x01ab, 8, 8, 16, 0, 8, 5187},
    {0x01ac, 11, 11, 13, 0, 7, 5203},
    {0x01ad, 8, 8, 14, 0, 6, 5229},
    {0x01ae, 10, 11, 17, 0, 7, 5243},
    {0x01af, 16, 17, 14, 0, 6, 5277},
    {0x01b0, 14, 15, 12, 0, 8, 5319},
    {0x1ea0, 12, 13, 17, 0, 7, 5343},
    {0x1ea1, 11, 11, 14, 0, 10, 5377},
    {0x1ea2, 12, 13, 18, 0, 2, 5405},
    {0x1ea3, 11, 11, 15, 0, 5, 5441},
    {0x1ea4, 12, 13, 18, 0, 2, 5471},
    {0x1ea5, 11, 12, 15, 0, 5, 5507},
    {0x1ea6, 12, 13, 18, 0, 2, 5537},
    {0x1ea7, 11, 12, 15, -1, 5, 5573},
    {0x1ea8, 12, 13, 19, 0, 1, 5603},
    {0x1ea9, 11, 11, 16, 0, 4, 5641},
    {0x1eaa, 12, 13, 20, 0, 0, 5673},
    {0x1eab, 11, 11, 17, 0, 3, 5713},
    {0x1eac, 12, 13, 21, 0, 3, 5747},
    {0x1ead, 11, 11, 18, 0, 6, 5789},
    {0x1eae, 12, 13, 18, 0, 2, 5825},
    {0x1eaf, 11, 11, 15, 0, 5, 5861},
    {0x1eb0, 12, 13, 18, 0, 2, 5891},
    {0x1eb1, 11, 11, 15, 0, 5, 5927},
    {0x1eb2, 12, 13, 19, 0, 1, 5957},
    {0x1eb3, 11, 11, 16, 0, 4, 5995},
    {0x1eb4, 12, 13, 20, 0, 0, 6027},
    {0x1eb5, 11, 11, 17, 0, 3, 6067},
    {0x1eb6, 12, 13, 21, 0, 3, 6101},
    {0x1eb7, 11, 11, 18, 0, 6, 6143},
    {0x1eb8, 10, 10, 17, 0, 7, 6179},
    {0x1eb9, 11, 11, 14, 0, 10, 6213},
    {0x1eba, 10, 10, 18, 0, 2, 6241},
    {0x1ebb, 11, 11, 15, 0, 5, 6277},
    {0x1ebc, 10, 10, 17, 0, 3, 6307},
    {0x1ebd, 11, 11, 14, 0, 6, 6341},
    {0x1ebe, 10, 12, 18, 0, 2, 6369},
    {0x1ebf, 11, 12, 15, 0, 5, 6405},
    {0x1ec0, 10, 11, 18, -1, 2, 6435},
    {0x1ec1, 11, 12, 15, -1, 5, 6471},
    {0x1ec2, 10, 11, 19, 0, 1, 6501},
    {0x1ec3, 11, 11, 16, 0, 4, 6539},
    {0x1ec4, 10, 10, 20, 0, 0, 6571},
    {0x1ec5, 11, 11, 17, 0, 3, 6611},
    {0x1ec6, 10, 10, 21, 0, 3, 6645},
    {0x1ec7, 11, 11, 18, 0, 6, 6687},
    {0x1ec8, 7, 7, 18, 0, 2, 6723},
    {0x1ec9, 5, 6, 15, 0, 5, 6741},
    {0x1eca, 7, 7, 17, 0, 7, 6756},
    {0x1ecb, 5, 5, 18, 0, 6, 6773},
    {0x1ecc, 14, 14, 17, 0, 7, 6791},
    {0x1ecd, 11, 11, 14, 0, 10, 6825},
    {0x1ece, 14, 14, 18, 0, 2, 6853},
    {0x1ecf, 11, 11, 15, 0, 5, 6889},
    {0x1ed0, 14, 14, 18, 0, 2, 6919},
    {0x1ed1, 11, 12, 15, 0, 5, 6955},
    {0x1ed2, 14, 14, 18, 0, 2, 6985},
    {0x1ed3, 11, 12, 15, -1, 5, 7021},
    {0x1ed4, 14, 14, 19, 0, 1, 7051},
    {0x1ed5, 11, 11, 16, 0, 4, 7089},
    {0x1ed6, 14, 14, 20, 0, 0, 7121},
    {0x1ed7, 11, 11, 17, 0, 3, 7161},
    {0x1ed8, 14, 14, 21, 0, 3, 7195},
    {0x1ed9, 11, 11, 18, 0, 6, 7237},
    {0x1eda, 15, 16, 17, 0, 3, 7273},
    {0x1edb, 12, 14, 14, 0, 6, 7307},
    {0x1edc, 15, 16, 17, 0, 3, 7335},
    {0x1edd, 12, 14, 14, 0, 6, 7369},
    {0x1ede, 15, 16, 18, 0, 2, 7397},
    {0x1edf, 12, 14, 15, 0, 5, 7433},
    {0x1ee0, 15, 16, 17, 0, 3, 7463},
    {0x1ee1, 12, 14, 14, 0, 6, 7497},
    {0x1ee2, 15, 16, 18, 0, 6, 7525},
    {0x1ee3, 12, 14, 16, 0, 8, 7561},
    {0x1ee4, 14, 14, 17, 0, 7, 7593},
    {0x1ee5, 12, 12, 14, 0, 10, 7627},
    {0x1ee6, 14, 14, 18, 0, 2, 7655},
    {0x1ee7, 12, 12, 15, 0, 5, 7691},
    {0x1ee8, 16, 17, 17, 0, 3, 7721},
    {0x1ee9, 14, 15, 14, 0, 6, 7772},
    {0x1eea, 16, 17, 17, 0, 3, 7800},
    {0x1eeb, 14, 15, 14, 0, 6, 7851},
    {0x1eec, 16, 17, 18, 0, 2, 7879},
    {0x1eed, 14, 15, 15, 0, 5, 7933},
    {0x1eee, 16, 17, 17, 0, 3, 7963},
    {0x1eef, 14, 15, 14, 0, 6, 8014},
    {0x1ef0, 16, 17, 18, 0, 6, 8042},
    {0x1ef1, 14, 15, 16, 0, 8, 8096},
    {0x1ef2, 11, 12, 17, 0, 3, 8128},
    {0x1ef3, 10, 11, 18, 0, 6, 8162},
    {0x1ef4, 11, 12, 17, 0, 7, 8198},
    {0x1ef5, 10, 11, 14, 0, 10, 8232},
    {0x1ef6, 11, 12, 18, 0, 2, 8260},
    {0x1ef7, 10, 11, 19, 0, 5, 8296},
    {0x1ef8, 11, 12, 17, 0, 3, 8334},
    {0x1ef9, 10, 11, 18, 0, 6, 8368},
    {0x2013, 9, 9, 7, 0, 13, 8404},
    {0x2014, 18, 18, 7, 0, 13, 8418},
    {0x2018, 4, 4, 13, 0, 7, 8439},
    {0x2019, 4, 4, 13, 0, 7, 8452},
    {0x201c, 8, 8, 13, 0, 7, 8465},
    {0x201d, 8, 8, 13, 0, 7, 8478},
    {0x2022, 7, 7, 10, 0, 10, 8491},
    {0x2026, 15, 15, 3, 0, 17, 8501},
    {0x2190, 11, 11, 13, 0, 7, 8507},
    {0x2191, 11, 11, 13, 0, 7, 8533},
    {0x2192, 11, 11, 13, 0, 7, 8559},
    {0x2193, 11, 11, 13, 0, 7, 8585},
    {0x2196, 11, 11, 13, 0, 7, 8611},
    {0x2197, 11, 11, 13, 0, 7, 8637},
    {0x2198, 11, 11, 13, 0, 7, 8663},
    {0x2199, 11, 11, 13, 0, 7, 8689},
    {0x21a9, 11, 11, 13, 0, 7, 8715},
    {0x21aa, 11, 11, 13, 0, 7, 8741},
};
const gfx_font_t font_small = {26, 20, 324, font_small_glyphs, font_small_bits};

static const uint8_t font_medium_bits[] = {
    0x7c,0x3c,0x3c,0x3c,0x3c,0x3c,0x3c,0x3c,0x3c,0x3c,0x38,0x38,0x38,0x00,0x00,0x38,0x3c,0x3c,0x38,0x39,0xe0,0x39,0xe0,0x39,
    0xc0,0x39,0xc0,0x39,0xc0,0x39,0xc0,0x39,0xc0,0x00,0x00,0x00,0x00,0x00,0x00,0x00,0x00,0x00,0x00,0x00,0x00,0x00,0x00,0x00,
    0x00,0x00,0x00,0x00,0x00,0x00,0x00,0x00,0x00,0x03,0x9c,0x00,0x03,0x9c,0x00,0x03,0x1c,0x00,0x07,0x1c,0x00,0x07,0x38,0x00,
    0x7f,0xff,0x00,0x7f,0xff,0x00,0x7f,0xff,0x00,0x0f,0x38,0x00,0x0e,0x30,0x00,0x0e,0x70,0x00,0x7f,0xfe,0x00,0x7f,0xfe,0x00,
    0x7f,0xfe,0x00,0x1c,0x70,0x00,0x1c,0xe0,0x00,0x1c,0xe0,0x00,0x1c,0xe0,0x00,0x1c,0xe0,0x00,0x01,0x00,0x01,0x00,0x0f,0xf0,
    0x3f,0xf8,0x3f,0xf8,0x7f,0xb8,0x79,0x00,0x7d,0x00,0x7f,0x00,0x3f,0xc0,0x1f,0xf0,0x07,0xf8,0x01,0xfc,0x01,0x7c,0x01,0x3c,
    0x73,0x7c,0x7f,0xf8,0x7f,0xf8,0x3f,0xe0,0x03,0x00,0x01,0x00,0x01,0x00,0x1e,0x01,0xc0,0x3f,0x83,0xc0,0x7f,0x83,0x80,0x7b,
    0x87,0x80,0x73,0xc7,0x00,0x73,0xce,0x00,0x73,0xce,0x00,0x7b,0x9c,0xf8,0x7f,0x9d,0xfc,0x3f,0xbb,0xfc,0x1f,0x3b,0xdc,0x00,
    0x73,0x9e,0x00,0xf3,0x9e,0x00,0xe3,0x9e,0x01,0xe3,0x9e,0x01,0xc3,0xdc,0x03,0x83,0xfc,0x03,0x81,0xf8,0x07,0x00,0xf0,0x07,
    0xe0,0x00,0x0f,0xf0,0x00,0x1f,0xf8,0x00,0x1e,0x78,0x00,0x1c,0x38,0x00,0x1c,0x78,0x00,0x1e,0xf8,0x00,0x0f,0xf0,0x00,0x0f,
    0xe0,0x00,0x1f,0xc3,0xe0,0x3f,0xe3,0xc0,0x3d,0xf3,0xc0,0x78,0xff,0x80,0x78,0x7f,0x80,0x7c,0x3f,0x00,0x7e,0x7f,0x00,0x3f,
    0xff,0x80,0x1f,0xff,0xc0,0x0f,0xe3,0xe0,0x38,0x38,0x38,0x38,0x38,0x38,0x38,0x00,0x00,0x00,0x00,0x00,0x00,0x00,0x00,0x00,
    0x00,0x00,0x00,0x0f,0x00,0x0e,0x00,0x1e,0x00,0x1c,0x00,0x3c,0x00,0x38,0x00,0x38,0x00,0x78,0x00,0x78,0x00,0x78,0x00,0x78,
    0x00,0x78,0x00,0x78,0x00,0x78,0x00,0x78,0x00,0x78,0x00,0x38,0x00,0x38,0x00,0x3c,0x00,0x1c,0x00,0x1e,0x00,0x0e,0x00,0x0f,
    0x00,0x70,0x00,0x38,0x00,0x3c,0x00,0x1c,0x00,0x1e,0x00,0x1e,0x00,0x0e,0x00,0x0e,0x00,0x0f,0x00,0x0f,0x00,0x0f,0x00,0x0f,
    0x00,0x0f,0x00,0x0f,0x00,0x0f,0x00,0x0e,0x00,0x0e,0x00,0x1e,0x00,0x1e,0x00,0x1c,0x00,0x3c,0x00,0x38,0x00,0x70,0x00,0x07,
    0x80,0x07,0x80,0x03,0x80,0x03,0x00,0x7b,0xf8,0x7f,0xf8,0x7f,0xf8,0x07,0x80,0x0f,0xc0,0x1f,0xe0,0x1c,0xf0,0x1c,0xe0,0x00,
    0x00,0x00,0x00,0x00,0x00,0x00,0x00,0x00,0x00,0x00,0x00,0x00,0x00,0x00,0x00,0x00,0x00,0x03,0x80,0x03,0x80,0x03,0x80,0x03,
    0x80,0x03,0x80,0x7f,0xfc,0x7f,0xfc,0x7f,0xfc,0x03,0x80,0x03,0x80,0x03,0x80,0x03,0x80,0x03,0x80,0x00,0x00,0x00,0x00,0x00,
    0x00,0x3c,0x3c,0x38,0x78,0x78,0x70,0x70,0x00,0x7f,0x7f,0x7f,0x00,0x00,0x00,0x00,0x00,0x00,0x38,0x3c,0x3c,0x38,0x01,0xc0,
    0x03,0xc0,0x03,0xc0,0x03,0x80,0x07,0x80,0x07,0x80,0x07,0x00,0x0f,0x00,0x0f,0x00,0x0e,0x00,0x1e,0x00,0x1c,0x00,0x3c,0x00,
    0x3c,0x00,0x38,0x00,0x78,0x00,0x78,0x00,0x70,0x00,0xf0,0x00,0x07,0xc0,0x1f,0xf0,0x3f,0xf0,0x3e,0xf8,0x7c,0x78,0x78,0x3c,
    0x78,0x3c,0x78,0x3c,0x78,0x3c,0x78,0x3c,0x78,0x3c,0x78,0x3c,0x78,0x3c,0x78,0x3c,0x3c,0x78,0x3e,0xf8,0x3f,0xf0,0x1f,0xf0,
    0x07,0xc0,0x01,0xe0,0x03,0xe0,0x0f,0xe0,0x1f,0xe0,0x3f,0xe0,0x3d,0xe0,0x19,0xe0,0x01,0xe0,0x01,0xe0,0x01,0xe0,0x01,0xe0,
    0x01,0xe0,0x01,0xe0,0x01,0xe0,0x01,0xe0,0x01,0xe0,0x01,0xe0,0x01,0xe0,0x01,0xe0,0x0f,0xc0,0x3f,0xf0,0x7f,0xf8,0x3c,0xf8,
    0x30,0x78,0x00,0x7c,0x00,0x78,0x00,0x78,0x00,0xf8,0x00,0xf0,0x01,0xe0,0x03,0xc0,0x07,0x80,0x0f,0x00,0x1e,0x00,0x3e,0x00,
    0x7f,0xfc,0x7f,0xfc,0x7f,0xfc,0x0f,0xe0,0x3f,0xf0,0x7f,0xf8,0x38,0xf8,0x00,0x78,0x00,0x78,0x00,0xf8,0x0f,0xe0,0x0f,0xc0,
    0x0f,0xf0,0x01,0xf8,0x00,0x7c,0x00,0x3c,0x00,0x3c,0x00,0x7c,0x70,0xf8,0x7f,0xf8,0x7f,0xf0,0x3f,0xc0,0x00,0xf0,0x01,0xf0,
    0x01,0xf0,0x03,0xf0,0x07,0xf0,0x07,0xf0,0x0e,0xf0,0x1e,0xf0,0x1c,0xf0,0x38,0xf0,0x78,0xf0,0x70,0xf0,0xff,0xfe,0xff,0xfe,
    0xff,0xfe,0x00,0xf0,0x00,0xf0,0x00,0xf0,0x00,0xf0,0x3f,0xf0,0x3f,0xf0,0x3f,0xf0,0x3c,0x00,0x3c,0x00,0x3c,0x00,0x3c,0x00,
    0x3f,0xe0,0x3f,0xf0,0x3f,0xf8,0x00,0xf8,0x00,0x7c,0x00,0x3c,0x00,0x3c,0x00,0x78,0x70,0xf8,0x7f,0xf8,0x7f,0xf0,0x3f,0xc0,
    0x03,0xf8,0x07,0xf8,0x1f,0xf8,0x1f,0x00,0x3c,0x00,0x38,0x00,0x7b,0xe0,0x7f,0xf0,0x7f,0xf8,0x7e,0x7c,0x78,0x3c,0x78,0x3c,
    0x78,0x3c,0x78,0x3c,0x7c,0x3c,0x3e,0xf8,0x3f,0xf8,0x1f,0xf0,0x07,0xe0,0x7f,0xfc,0x7f,0xfc,0x7f,0xfc,0x00,0x7c,0x00,0x78,
    0x00,0x78,0x00,0xf0,0x00,0xf0,0x01,0xf0,0x01,0xe0,0x01,0xe0,0x03,0xc0,0x03,0xc0,0x07,0x80,0x07,0x80,0x0f,0x80,0x0f,0x00,
    0x1f,0x00,0x1e,0x00,0x0f,0xc0,0x1f,0xf0,0x3f,0xf8,0x3c,0xf8,0x78,0x78,0x38,0x38,0x3c,0x78,0x1f,0xf0,0x0f,0xe0,0x0f,0xe0,
    0x3f,0xf0,0x3c,0x78,0x78,0x3c,0x78,0x3c,0x78,0x3c,0x7c,0x7c,0x3f,0xf8,0x3f,0xf0,0x0f,0xe0,0x0f,0xc0,0x1f,0xe0,0x3f,0xf0,
    0x7c,0xf8,0x78,0x78,0x78,0x3c,0x78,0x3c,0x78,0x3c,0x7c,0x7c,0x7f,0xfc,0x3f,0xfc,0x1f,0xbc,0x00,0x3c,0x00,0x78,0x00,0xf8,
    0x03,0xf0,0x3f,0xe0,0x3f,0xc0,0x3f,0x00,0x38,0x3c,0x3c,0x38,0x00,0x00,0x00,0x00,0x00,0x00,0x00,0x38,0x3c,0x3c,0x38,0x38,
    0x3c,0x3c,0x38,0x00,0x00,0x00,0x00,0x00,0x00,0x00,0x3c,0x3c,0x38,0x78,0x78,0x70,0x70,0x00,0x00,0x00,0x0c,0x00,0x3c,0x00,
    0xfc,0x03,0xf0,0x0f,0xc0,0x3f,0x00,0x7c,0x00,0x7e,0x00,0x3f,0x80,0x07,0xf0,0x01,0xfc,0x00,0x7c,0x00,0x1c,0x00,0x00,0x00,
    0x00,0x00,0x00,0x00,0x00,0x7f,0xfc,0x7f,0xfc,0x7f,0xfc,0x00,0x00,0x00,0x00,0x7f,0xfc,0x7f,0xfc,0x7f,0xfc,0x00,0x00,0x00,
    0x00,0x00,0x00,0x00,0x00,0x00,0x00,0x00,0x00,0x60,0x00,0x78,0x00,0x7e,0x00,0x3f,0x80,0x07,0xe0,0x01,0xf8,0x00,0x7c,0x00,
    0xfc,0x03,0xf0,0x1f,0xc0,0x7f,0x00,0x7c,0x00,0x60,0x00,0x00,0x00,0x00,0x00,0x00,0x00,0x1f,0x80,0xff,0xe0,0xff,0xe0,0x71,
    0xf0,0x00,0xf0,0x00,0xf0,0x01,0xe0,0x03,0xe0,0x07,0xc0,0x0f,0x80,0x0f,0x00,0x1e,0x00,0x0e,0x00,0x00,0x00,0x00,0x00,0x0e,
    0x00,0x1f,0x00,0x1f,0x00,0x0e,0x00,0x00,0x7f,0x00,0x03,0xff,0xc0,0x07,0xc1,0xe0,0x0f,0x00,0x70,0x1e,0x7f,0x38,0x1c,0xff,
    0xbc,0x39,0xe3,0x9c,0x39,0xc3,0x9c,0x73,0x83,0x9c,0x73,0x83,0x9c,0x73,0x87,0x9c,0x73,0x87,0x9c,0x71,0xcf,0xb8,0x39,0xff,
    0xf8,0x38,0xf9,0xe0,0x3c,0x00,0x00,0x1e,0x00,0x00,0x0f,0x01,0xc0,0x07,0xff,0xc0,0x01,0xff,0x80,0x00,0x00,0x00,0x03,0xf0,
    0x00,0x03,0xf0,0x00,0x03,0xf0,0x00,0x07,0xf8,0x00,0x07,0xf8,0x00,0x07,0x38,0x00,0x0f,0x3c,0x00,0x0f,0x3c,0x00,0x0e,0x1c,
    0x00,0x1e,0x1e,0x00,0x1e,0x1e,0x00,0x1f,0xfe,0x00,0x3f,0xff,0x00,0x3f,0xff,0x00,0x7c,0x0f,0x00,0x78,0x07,0x80,0x78,0x07,
    0x80,0xf8,0x07,0x80,0xf0,0x07,0xc0,0x3f,0xf8,0x00,0x3f,0xfc,0x00,0x3f,0xfe,0x00,0x3e,0x3f,0x00,0x3c,0x1f,0x00,0x3c,0x1f,
    0x00,0x3c,0x1e,0x00,0x3f,0xfe,0x00,0x3f,0xf8,0x00,0x3f,0xfe,0x00,0x3e,0x3f,0x00,0x3c,0x0f,0x00,0x3c,0x0f,0x00,0x3c,0x0f,
    0x00,0x3c,0x0f,0x00,0x3e,0x3f,0x00,0x3f,0xfe,0x00,0x3f,0xfc,0x00,0x3f,0xf8,0x00,0x01,0xfc,0x00,0x07,0xff,0x00,0x0f,0xfe,
    0x00,0x1f,0x8e,0x00,0x1e,0x00,0x00,0x3c,0x00,0x00,0x3c,0x00,0x00,0x3c,0x00,0x00,0x3c,0x00,0x00,0x7c,0x00,0x00,0x3c,0x00,
    0x00,0x3c,0x00,0x00,0x3c,0x00,0x00,0x3c,0x00,0x00,0x3e,0x00,0x00,0x1f,0x8e,0x00,0x0f,0xfe,0x00,0x07,0xfe,0x00,0x03,0xfc,
    0x00,0x3f,0xf0,0x00,0x3f,0xfc,0x00,0x3f,0xfe,0x00,0x3e,0x3f,0x00,0x3c,0x0f,0x80,0x3c,0x07,0x80,0x3c,0x07,0x80,0x3c,0x07,
    0xc0,0x3c,0x03,0xc0,0x3c,0x03,0xc0,0x3c,0x03,0xc0,0x3c,0x07,0xc0,0x3c,0x07,0x80,0x3c,0x07,0x80,0x3c,0x0f,0x80,0x3e,0x3f,
    0x00,0x3f,0xfe,0x00,0x3f,0xfc,0x00,0x3f,0xf0,0x00,0x3f,0xf8,0x3f,0xf8,0x3f,0xf8,0x3e,0x00,0x3c,0x00,0x3c,0x00,0x3c,0x00,
    0x3f,0xf8,0x3f,0xf8,0x3f,0xf8,0x3e,0x00,0x3c,0x00,0x3c,0x00,0x3c,0x00,0x3c,0x00,0x3e,0x00,0x3f,0xf8,0x3f,0xf8,0x3f,0xf8,
    0x3f,0xf8,0x3f,0xf8,0x3f,0xf8,0x3c,0x00,0x3c,0x00,0x3c,0x00,0x3c,0x00,0x3c,0x00,0x3f,0xf8,0x3f,0xf8,0x3f,0xf8,0x3c,0x00,
    0x3c,0x00,0x3c,0x00,0x3c,0x00,0x3c,0x00,0x3c,0x00,0x3c,0x00,0x3c,0x00,0x01,0xfe,0x00,0x07,0xff,0x80,0x0f,0xff,0x00,0x1f,
    0xc7,0x00,0x1f,0x00,0x00,0x3e,0x00,0x00,0x3c,0x00,0x00,0x3c,0x00,0x00,0x7c,0x7f,0x80,0x7c,0x7f,0x80,0x3c,0x7f,0x80,0x3c,
    0x07,0x80,0x3c,0x07,0x80,0x3c,0x07,0x80,0x3e,0x07,0x80,0x1f,0x8f,0x80,0x0f,0xff,0x80,0x07,0xff,0x80,0x01,0xfe,0x00,0x3c,
    0x03,0xc0,0x3c,0x03,0xc0,0x3c,0x03,0xc0,0x3c,0x03,0xc0,0x3c,0x03,0xc0,0x3c,0x03,0xc0,0x3c,0x03,0xc0,0x3f,0xff,0xc0,0x3f,
    0xff,0xc0,0x3f,0xff,0xc0,0x3e,0x07,0xc0,0x3c,0x03,0xc0,0x3c,0x03,0xc0,0x3c,0x03,0xc0,0x3c,0x03,0xc0,0x3c,0x03,0xc0,0x3c,
    0x03,0xc0,0x3c,0x03,0xc0,0x3c,0x03,0xc0,0x7f,0x80,0x7f,0x80,0x7f,0x80,0x1e,0x00,0x1e,0x00,0x1e,0x00,0x1e,0x00,0x1e,0x00,
    0x1e,0x00,0x1e,0x00,0x1e,0x00,0x1e,0x00,0x1e,0x00,0x1e,0x00,0x1e,0x00,0x1e,0x00,0x7f,0x80,0x7f,0x80,0x7f,0x80,0x0f,0x00,
    0x0f,0x00,0x0f,0x00,0x0f,0x00,0x0f,0x00,0x0f,0x00,0x0f,0x00,0x0f,0x00,0x0f,0x00,0x0f,0x00,0x0f,0x00,0x0f,0x00,0x0f,0x00,
    0x0f,0x00,0x0f,0x00,0x0f,0x00,0x0f,0x00,0x0f,0x00,0x0f,0x00,0x0f,0x00,0x0f,0x00,0x1f,0x00,0xfe,0x00,0xfe,0x00,0xf8,0x00,
    0x3c,0x0f,0x80,0x3c,0x0f,0x00,0x3c,0x1e,0x00,0x3c,0x3e,0x00,0x3c,0x7c,0x00,0x3c,0x78,0x00,0x3c,0xf0,0x00,0x3d,0xf0,0x00,
    0x3f,0xe0,0x00,0x3f,0xe0,0x00,0x3f,0xf0,0x00,0x3e,0xf8,0x00,0x3c,0x78,0x00,0x3c,0x7c,0x00,0x3c,0x3e,0x00,0x3c,0x1e,0x00,
    0x3c,0x1f,0x00,0x3c,0x0f,0x00,0x3c,0x0f,0x80,0x3c,0x00,0x3c,0x00,0x3c,0x00,0x3c,0x00,0x3c,0x00,0x3c,0x00,0x3c,0x00,0x3c,
    0x00,0x3c,0x00,0x3c,0x00,0x3c,0x00,0x3c,0x00,0x3c,0x00,0x3c,0x00,0x3c,0x00,0x3e,0x00,0x3f,0xfc,0x3f,0xfc,0x3f,0xfc,0x3f,
    0x00,0x7c,0x00,0x3f,0x00,0xfc,0x00,0x3f,0x80,0xfc,0x00,0x3f,0x80,0xfc,0x00,0x3f,0x81,0xfc,0x00,0x3f,0x81,0xfc,0x00,0x3f,
    0xc1,0xdc,0x00,0x3d,0xc3,0xfc,0x00,0x3d,0xc3,0xbc,0x00,0x3d,0xe3,0xbc,0x00,0x3c,0xe7,0xbc,0x00,0x3c,0xe7,0x3c,0x00,0x3c,
    0xf7,0x3c,0x00,0x3c,0xff,0x3c,0x00,0x3c,0x7e,0x3c,0x00,0x3c,0x7e,0x3c,0x00,0x3c,0x7e,0x3c,0x00,0x3c,0x3c,0x3c,0x00,0x3c,
    0x3c,0x3c,0x00,0x3f,0x01,0xe0,0x3f,0x01,0xe0,0x3f,0x81,0xe0,0x3f,0x81,0xe0,0x3f,0xc1,0xe0,0x3f,0xc1,0xe0,0x3d,0xe1,0xe0,
    0x3d,0xf1,0xe0,0x3c,0xf1,0xe0,0x3c,0xf9,0xe0,0x3c,0x79,0xe0,0x3c,0x3d,0xe0,0x3c,0x3d,0xe0,0x3c,0x1f,0xe0,0x3c,0x1f,0xe0,
    0x3c,0x0f,0xe0,0x3c,0x0f,0xe0,0x3c,0x07,0xe0,0x3c,0x07,0xe0,0x01,0xfc,0x00,0x07,0xff,0x00,0x0f,0xff,0x80,0x1f,0x8f,0xc0,
    0x3e,0x03,0xc0,0x3e,0x03,0xe0,0x3c,0x01,0xe0,0x3c,0x01,0xe0,0x3c,0x01,0xe0,0x7c,0x01,0xe0,0x3c,0x01,0xe0,0x3c,0x01,0xe0,
    0x3c,0x01,0xe0,0x3e,0x03,0xe0,0x3e,0x03,0xc0,0x1f,0x8f,0xc0,0x0f,0xff,0x80,0x07,0xff,0x00,0x01,0xfc,0x00,0x3f,0xf0,0x3f,
    0xf8,0x3f,0xfc,0x3e,0x7e,0x3c,0x1e,0x3c,0x1e,0x3c,0x1e,0x3c,0x1e,0x3e,0x7e,0x3f,0xfc,0x3f,0xf8,0x3f,0xf0,0x3c,0x00,0x3c,
    0x00,0x3c,0x00,0x3c,0x00,0x3c,0x00,0x3c,0x00,0x3c,0x00,0x01,0xfc,0x00,0x07,0xff,0x00,0x0f,0xff,0x80,0x1f,0x8f,0xc0,0x3e,
    0x03,0xc0,0x3e,0x03,0xe0,0x3c,0x01,0xe0,0x3c,0x01,0xe0,0x3c,0x01,0xe0,0x7c,0x01,0xe0,0x3c,0x01,0xe0,0x3c,0x01,0xe0,0x3c,
    0x01,0xe0,0x3e,0x03,0xe0,0x3e,0x03,0xc0,0x1f,0x8f,0xc0,0x0f,0xff,0x80,0x07,0xff,0x00,0x01,0xfe,0x00,0x00,0x1f,0x00,0x00,
    0x0f,0x80,0x00,0x0f,0x80,0x00,0x07,0xc0,0x00,0x03,0xc0,0x3f,0xf0,0x00,0x3f,0xfc,0x00,0x3f,0xfc,0x00,0x3e,0x7e,0x00,0x3c,
    0x1e,0x00,0x3c,0x1e,0x00,0x3c,0x1e,0x00,0x3c,0x3e,0x00,0x3f,0xfc,0x00,0x3f,0xf8,0x00,0x3f,0xf0,0x00,0x3e,0xf8,0x00,0x3c,
    0x78,0x00,0x3c,0x3c,0x00,0x3c,0x3c,0x00,0x3c,0x1e,0x00,0x3c,0x1f,0x00,0x3c,0x0f,0x00,0x3c,0x0f,0x80,0x07,0xe0,0x1f,0xf8,
    0x3f,0xf8,0x3e,0x70,0x78,0x00,0x78,0x00,0x7c,0x00,0x3f,0x00,0x1f,0xc0,0x0f,0xe0,0x07,0xf0,0x01,0xf8,0x00,0x78,0x00,0x78,
    0x40,0x78,0x78,0xf8,0x7f,0xf0,0x7f,0xf0,0x1f,0xc0,0xff,0xfe,0xff,0xfe,0xff,0xfe,0x07,0xc0,0x07,0xc0,0x07,0xc0,0x07,0xc0,
    0x07,0xc0,0x07,0xc0,0x07,0xc0,0x07,0xc0,0x07,0xc0,0x07,0xc0,0x07,0xc0,0x07,0xc0,0x07,0xc0,0x07,0xc0,0x07,0xc0,0x07,0xc0,
    0x3c,0x07,0xc0,0x3c,0x07,0xc0,0x3c,0x07,0xc0,0x3c,0x07,0xc0,0x3c,0x07,0xc0,0x3c,0x07,0xc0,0x3c,0x07,0xc0,0x3c,0x07,0xc0,
    0x3c,0x07,0xc0,0x3c,0x07,0xc0,0x3c,0x07,0xc0,0x3c,0x07,0xc0,0x3c,0x07,0x80,0x3c,0x07,0x80,0x1e,0x07,0x80,0x1f,0x9f,0x80,
    0x0f,0xff,0x00,0x07,0xfe,0x00,0x03,0xf8,0x00,0xf0,0x07,0x80,0xf8,0x0f,0x00,0x78,0x0f,0x00,0x78,0x0f,0x00,0x78,0x1e,0x00,
    0x3c,0x1e,0x00,0x3c,0x1e,0x00,0x3c,0x1c,0x00,0x1e,0x3c,0x00,0x1e,0x3c,0x00,0x1e,0x38,0x00,0x0f,0x78,0x00,0x0f,0x78,0x00,
    0x0f,0x70,0x00,0x07,0xf0,0x00,0x07,0xf0,0x00,0x07,0xe0,0x00,0x03,0xe0,0x00,0x03,0xe0,0x00,0xf0,0x1e,0x07,0x80,0xf0,0x3e,
    0x07,0x80,0x78,0x3e,0x07,0x80,0x78,0x3e,0x0f,0x00,0x78,0x3f,0x0f,0x00,0x78,0x7f,0x0f,0x00,0x38,0x77,0x0f,0x00,0x3c,0x77,
    0x1e,0x00,0x3c,0xf7,0x9e,0x00,0x3c,0xf7,0x9e,0x00,0x1c,0xe3,0x9e,0x00,0x1e,0xe3,0x9c,0x00,0x1e,0xe3,0xfc,0x00,0x1f,0xe3,
    0xfc,0x00,0x0f,0xc1,0xfc,0x00,0x0f,0xc1,0xf8,0x00,0x0f,0xc1,0xf8,0x00,0x0f,0xc1,0xf8,0x00,0x07,0x80,0xf8,0x00,0x78,0x0f,
    0x80,0x7c,0x0f,0x00,0x3c,0x1e,0x00,0x1e,0x1e,0x00,0x1e,0x3c,0x00,0x0f,0x7c,0x00,0x0f,0xf8,0x00,0x07,0xf0,0x00,0x03,0xf0,
    0x00,0x03,0xe0,0x00,0x07,0xf0,0x00,0x07,0xf0,0x00,0x0f,0x78,0x00,0x1f,0x7c,0x00,0x1e,0x3c,0x00,0x3c,0x1e,0x00,0x3c,0x1f,
    0x00,0x78,0x0f,0x00,0xf8,0x0f,0x80,0xf8,0x0f,0x00,0x78,0x1e,0x00,0x7c,0x1e,0x00,0x3c,0x3c,0x00,0x3e,0x3c,0x00,0x1e,0x78,
    0x00,0x1f,0x78,0x00,0x0f,0xf0,0x00,0x0f,0xf0,0x00,0x07,0xe0,0x00,0x07,0xe0,0x00,0x03,0xc0,0x00,0x03,0xc0,0x00,0x03,0xc0,
    0x00,0x03,0xc0,0x00,0x03,0xc0,0x00,0x03,0xc0,0x00,0x03,0xc0,0x00,0x03,0xc0,0x00,0x7f,0xfc,0x7f,0xfc,0x7f,0xfc,0x00,0x7c,
    0x00,0x78,0x00,0xf0,0x01,0xf0,0x01,0xe0,0x03,0xc0,0x07,0xc0,0x07,0x80,0x0f,0x00,0x1f,0x00,0x1e,0x00,0x3c,0x00,0x7c,0x00,
    0x7f,0xfe,0x7f,0xfe,0x7f,0xfe,0x3f,0x00,0x3f,0x00,0x3f,0x00,0x38,0x00,0x38,0x00,0x38,0x00,0x38,0x00,0x38,0x00,0x38,0x00,
    0x38,0x00,0x38,0x00,0x38,0x00,0x38,0x00,0x38,0x00,0x38,0x00,0x38,0x00,0x38,0x00,0x38,0x00,0x38,0x00,0x38,0x00,0x38,0x00,
    0x3f,0x00,0x3f,0x00,0x3f,0x00,0x00,0x00,0xf0,0x00,0x70,0x00,0x78,0x00,0x78,0x00,0x38,0x00,0x3c,0x00,0x3c,0x00,0x1c,0x00,
    0x1e,0x00,0x0e,0x00,0x0f,0x00,0x0f,0x00,0x07,0x00,0x07,0x80,0x07,0x80,0x03,0x80,0x03,0xc0,0x03,0xc0,0x01,0xc0,0x7e,0x00,
    0x7e,0x00,0x7e,0x00,0x1e,0x00,0x1e,0x00,0x1e,0x00,0x1e,0x00,0x1e,0x00,0x1e,0x00,0x1e,0x00,0x1e,0x00,0x1e,0x00,0x1e,0x00,
    0x1e,0x00,0x1e,0x00,0x1e,0x00,0x1e,0x00,0x1e,0x00,0x1e,0x00,0x1e,0x00,0x1e,0x00,0x7e,0x00,0x7e,0x00,0x7e,0x00,0x00,0x00,
    0x03,0x00,0x03,0x80,0x07,0x80,0x07,0xc0,0x0f,0xc0,0x0f,0xe0,0x1c,0xe0,0x1c,0xf0,0x1c,0x70,0x38,0x78,0x38,0x38,0x70,0x3c,
    0x70,0x1c,0x00,0x00,0x00,0x00,0x00,0x00,0x00,0x00,0x00,0x00,0x00,0x00,0x00,0x00,0x00,0x00,0x00,0x00,0x7f,0xf0,0x7f,0xf0,
    0x78,0x00,0x3c,0x00,0x1e,0x00,0x0f,0x00,0x07,0x00,0x00,0x00,0x00,0x00,0x00,0x00,0x00,0x00,0x00,0x00,0x00,0x00,0x00,0x00,
    0x00,0x00,0x00,0x00,0x00,0x00,0x00,0x00,0x00,0x00,0x00,0x00,0x00,0x00,0x00,0x00,0x00,0x00,0x0f,0xe0,0x1f,0xf0,0x1f,0xf8,
    0x1c,0x7c,0x00,0x3c,0x00,0x3c,0x1f,0xfc,0x3f,0xfc,0x7c,0x3c,0x78,0x3c,0x78,0x7c,0x7c,0xfc,0x7f,0xfc,0x3f,0x9c,0x1f,0x1c,
    0x3c,0x00,0x3c,0x00,0x3c,0x00,0x3c,0x00,0x3c,0x00,0x3c,0x00,0x3c,0xf0,0x3f,0xf8,0x3f,0xfc,0x3f,0x3e,0x3e,0x1e,0x3c,0x1e,
    0x3c,0x1e,0x3c,0x1e,0x3c,0x1e,0x3c,0x1e,0x3e,0x1e,0x3f,0x3e,0x3f,0xfc,0x3f,0xf8,0x38,0xf0,0x07,0xf0,0x1f,0xf0,0x1f,0xf0,
    0x3e,0x70,0x3c,0x00,0x78,0x00,0x78,0x00,0x78,0x00,0x78,0x00,0x78,0x00,0x7c,0x00,0x3e,0x30,0x3f,0xf0,0x1f,0xf0,0x07,0xe0,
    0x00,0x3e,0x00,0x3e,0x00,0x3e,0x00,0x3e,0x00,0x3e,0x00,0x1e,0x0f,0x9e,0x1f,0xfe,0x3f,0xfe,0x3e,0x7e,0x7c,0x3e,0x78,0x1e,
    0x78,0x1e,0x78,0x1e,0x78,0x1e,0x78,0x1e,0x7c,0x3e,0x3e,0x7e,0x3f,0xfe,0x1f,0xde,0x0f,0x9e,0x07,0xe0,0x1f,0xf0,0x1f,0xf8,
    0x3e,0x7c,0x3c,0x3c,0x78,0x3c,0x7f,0xfc,0x7f,0xfc,0x7f,0xfc,0x78,0x00,0x3c,0x00,0x3e,0x18,0x1f,0xfc,0x0f,0xf8,0x07,0xf0,
    0x07,0xe0,0x0f,0xe0,0x1f,0xe0,0x1e,0x40,0x1e,0x00,0x1e,0x00,0x3f,0xc0,0xff,0xc0,0xff,0xc0,0x3e,0x00,0x1e,0x00,0x1e,0x00,
    0x1e,0x00,0x1e,0x00,0x1e,0x00,0x1e,0x00,0x1e,0x00,0x1e,0x00,0x1e,0x00,0x1e,0x00,0x1e,0x00,0x0f,0x9e,0x1f,0xde,0x3f,0xfe,
    0x3e,0x7e,0x7c,0x3e,0x78,0x1e,0x78,0x1e,0x78,0x1e,0x78,0x1e,0x78,0x1e,0x7c,0x3e,0x3e,0x7e,0x3f,0xfe,0x1f,0xfe,0x0f,0xbe,
    0x00,0x3c,0x00,0x3c,0x38,0x7c,0x3f,0xf8,0x3f,0xf8,0x1f,0xe0,0x3c,0x00,0x00,0x3c,0x00,0x00,0x3c,0x00,0x00,0x3c,0x00,0x00,
    0x3c,0x00,0x00,0x3c,0x00,0x00,0x3c,0xf8,0x00,0x3f,0xfc,0x00,0x3f,0xfe,0x00,0x3f,0x3e,0x00,0x3e,0x1e,0x00,0x3c,0x1e,0x00,
    0x3c,0x1e,0x00,0x3c,0x1e,0x00,0x3c,0x1e,0x00,0x3c,0x1e,0x00,0x3c,0x1e,0x00,0x3c,0x1e,0x00,0x3c,0x1e,0x00,0x3c,0x1e,0x00,
    0x3c,0x1e,0x00,0x3c,0x3c,0x3c,0x38,0x00,0x00,0x3c,0x3c,0x3c,0x3c,0x3c,0x3c,0x3c,0x3c,0x3c,0x3c,0x3c,0x3c,0x3c,0x3c,0x3c,
    0x0f,0x00,0x0f,0x00,0x0f,0x00,0x0e,0x00,0x00,0x00,0x00,0x00,0x0f,0x00,0x0f,0x00,0x0f,0x00,0x0f,0x00,0x0f,0x00,0x0f,0x00,
    0x0f,0x00,0x0f,0x00,0x0f,0x00,0x0f,0x00,0x0f,0x00,0x0f,0x00,0x0f,0x00,0x0f,0x00,0x0f,0x00,0x0f,0x00,0x0f,0x00,0x1f,0x00,
    0xfe,0x00,0xfe,0x00,0xfc,0x00,0x3c,0x00,0x00,0x3c,0x00,0x00,0x3c,0x00,0x00,0x3c,0x00,0x00,0x3c,0x00,0x00,0x3c,0x00,0x00,
    0x3c,0x1e,0x00,0x3c,0x3e,0x00,0x3c,0x7c,0x00,0x3c,0xf8,0x00,0x3d,0xf0,0x00,0x3d,0xe0,0x00,0x3f,0xc0,0x00,0x3f,0xe0,0x00,
    0x3f,0xf0,0x00,0x3e,0xf0,0x00,0x3c,0x78,0x00,0x3c,0x7c,0x00,0x3c,0x3c,0x00,0x3c,0x1e,0x00,0x3c,0x1f,0x00,0x3c,0x3c,0x3c,
    0x3c,0x3c,0x3c,0x3c,0x3c,0x3c,0x3c,0x3c,0x3c,0x3c,0x3c,0x3c,0x3c,0x3c,0x3c,0x3c,0x3c,0x3c,0x39,0xf8,0xf8,0x00,0x3b,0xfd,
    0xfe,0x00,0x3f,0xff,0xfe,0x00,0x3f,0x7f,0xbe,0x00,0x3e,0x3e,0x1f,0x00,0x3c,0x1e,0x0f,0x00,0x3c,0x1e,0x0f,0x00,0x3c,0x1e,
    0x0f,0x00,0x3c,0x1e,0x0f,0x00,0x3c,0x1e,0x0f,0x00,0x3c,0x1e,0x0f,0x00,0x3c,0x1e,0x0f,0x00,0x3c,0x1e,0x0f,0x00,0x3c,0x1e,
    0x0f,0x00,0x3c,0x1e,0x0f,0x00,0x38,0xf8,0x00,0x3b,0xfc,0x00,0x3f,0xfe,0x00,0x3f,0x3e,0x00,0x3e,0x1e,0x00,0x3c,0x1e,0x00,
    0x3c,0x1e,0x00,0x3c,0x1e,0x00,0x3c,0x1e,0x00,0x3c,0x1e,0x00,0x3c,0x1e,0x00,0x3c,0x1e,0x00,0x3c,0x1e,0x00,0x3c,0x1e,0x00,
    0x3c,0x1e,0x00,0x07,0xe0,0x1f,0xf8,0x1f,0xf8,0x3e,0x7c,0x3c,0x3c,0x78,0x1e,0x78,0x1e,0x78,0x1e,0x78,0x1e,0x78,0x1e,0x3c,
    0x3e,0x3e,0x7c,0x1f,0xfc,0x0f,0xf8,0x07,0xe0,0x38,0xf0,0x3f,0xf8,0x3f,0xfc,0x3f,0x3e,0x3e,0x1e,0x3c,0x1e,0x3c,0x1e,0x3c,
    0x1e,0x3c,0x1e,0x3c,0x1e,0x3e,0x1e,0x3f,0x3e,0x3f,0xfc,0x3f,0xf8,0x3d,0xf0,0x3c,0x00,0x3c,0x00,0x3c,0x00,0x3c,0x00,0x3c,
    0x00,0x3c,0x00,0x0f,0x9e,0x1f,0xde,0x3f,0xfe,0x3e,0x7e,0x7c,0x3e,0x78,0x1e,0x78,0x1e,0x78,0x1e,0x78,0x1e,0x78,0x1e,0x7c,
    0x3e,0x3e,0x7e,0x3f,0xfe,0x1f,0xfe,0x0f,0x9e,0x00,0x3e,0x00,0x3e,0x00,0x3e,0x00,0x3e,0x00,0x3e,0x00,0x3e,0x38,0xe0,0x3b,
    0xe0,0x3f,0xe0,0x3f,0x80,0x3e,0x00,0x3c,0x00,0x3c,0x00,0x3c,0x00,0x3c,0x00,0x3c,0x00,0x3c,0x00,0x3c,0x00,0x3c,0x00,0x3c,
    0x00,0x3c,0x00,0x0f,0xc0,0x3f,0xf0,0x7f,0xe0,0x7c,0xe0,0x78,0x00,0x7e,0x00,0x3f,0x80,0x1f,0xe0,0x07,0xe0,0x01,0xf0,0x00,
    0xf0,0x71,0xf0,0x7f,0xf0,0x7f,0xe0,0x3f,0x80,0x0c,0x00,0x1c,0x00,0x1c,0x00,0x3f,0xc0,0x7f,0xc0,0x7f,0xc0,0x3e,0x00,0x3c,
    0x00,0x3c,0x00,0x3c,0x00,0x3c,0x00,0x3c,0x00,0x3c,0x00,0x3c,0x00,0x3e,0x40,0x1f,0xe0,0x1f,0xe0,0x0f,0xc0,0x3c,0x1e,0x00,
    0x3c,0x1e,0x00,0x3c,0x1e,0x00,0x3c,0x1e,0x00,0x3c,0x1e,0x00,0x3c,0x1e,0x00,0x3c,0x1e,0x00,0x3c,0x1e,0x00,0x3c,0x1e,0x00,
    0x3c,0x1e,0x00,0x3c,0x3e,0x00,0x3e,0x7e,0x00,0x3f,0xfe,0x00,0x1f,0xee,0x00,0x0f,0xce,0x00,0xf0,0x1e,0xf8,0x3c,0x78,0x3c,
    0x78,0x3c,0x3c,0x78,0x3c,0x78,0x3c,0x78,0x1e,0xf0,0x1e,0xf0,0x1e,0xe0,0x0f,0xe0,0x0f,0xe0,0x0f,0xc0,0x07,0xc0,0x07,0xc0,
    0xf0,0x78,0x3c,0x78,0x7c,0x3c,0x78,0xfc,0x78,0x78,0xfc,0x78,0x78,0xfc,0x78,0x3c,0xee,0x78,0x3d,0xce,0xf0,0x3d,0xce,0xf0,
    0x3d,0xce,0xf0,0x1d,0xce,0xe0,0x1f,0xc7,0xe0,0x1f,0x87,0xe0,0x0f,0x87,0xe0,0x0f,0x87,0xc0,0x0f,0x83,0xc0,0x78,0x3c,0x7c,
    0x7c,0x3c,0x78,0x3e,0xf8,0x1f,0xf0,0x0f,0xe0,0x0f,0xe0,0x07,0xc0,0x0f,0xe0,0x0f,0xe0,0x1e,0xf0,0x3e,0xf8,0x3c,0x78,0x78,
    0x3c,0xf8,0x3e,0xf0,0x3e,0x78,0x3c,0x78,0x3c,0x78,0x7c,0x3c,0x78,0x3c,0x78,0x3c,0xf0,0x1e,0xf0,0x1e,0xf0,0x0f,0xe0,0x0f,
    0xe0,0x0f,0xe0,0x07,0xc0,0x07,0xc0,0x07,0xc0,0x07,0x80,0x07,0x80,0x1f,0x00,0x7f,0x00,0x7e,0x00,0x78,0x00,0x7f,0xf0,0x7f,
    0xf0,0x7f,0xf0,0x01,0xe0,0x03,0xe0,0x03,0xc0,0x07,0x80,0x0f,0x00,0x1f,0x00,0x1e,0x00,0x3c,0x00,0x7c,0x00,0x7f,0xf0,0x7f,
    0xf0,0x7f,0xf0,0x07,0x80,0x0f,0x80,0x0f,0x80,0x0f,0x00,0x0e,0x00,0x0e,0x00,0x0e,0x00,0x0e,0x00,0x0e,0x00,0x1e,0x00,0x3e,
    0x00,0xfc,0x00,0xf8,0x00,0xfc,0x00,0x3e,0x00,0x1e,0x00,0x0e,0x00,0x0e,0x00,0x0e,0x00,0x0e,0x00,0x0f,0x00,0x0f,0x80,0x0f,
    0x80,0x07,0x80,0x03,0x80,0x03,0x80,0x03,0x80,0x03,0x80,0x03,0x80,0x03,0x80,0x03,0x80,0x03,0x80,0x03,0x80,0x03,0x80,0x03,
    0x80,0x03,0x80,0x03,0x80,0x03,0x80,0x03,0x80,0x03,0x80,0x03,0x80,0x03,0x80,0x03,0x80,0x03,0x80,0x03,0x80,0x03,0x80,0x03,
    0x80,0x03,0x80,0x03,0x80,0x03,0x80,0x03,0x80,0x78,0x00,0x7c,0x00,0x7c,0x00,0x3e,0x00,0x1e,0x00,0x1e,0x00,0x1e,0x00,0x1e,
    0x00,0x1e,0x00,0x1e,0x00,0x1f,0x00,0x0f,0xc0,0x07,0xc0,0x0f,0xc0,0x1f,0x00,0x1e,0x00,0x1e,0x00,0x1e,0x00,0x1e,0x00,0x1e,
    0x00,0x3e,0x00,0x7e,0x00,0x7c,0x00,0x78,0x00,0x00,0x00,0x3e,0x04,0x7f,0xcc,0x7f,0xfc,0x63,0xfc,0x40,0xf0,0x00,0x00,0x00,
    0x00,0x00,0x00,0x00,0x00,0x00,0x00,0x00,0x00,0x00,0x00,0x38,0x3c,0x7c,0x3c,0x38,0x00,0x00,0x38,0x38,0x38,0x38,0x3c,0x3c,
    0x3c,0x3c,0x3c,0x3c,0x3c,0x7c,0x7c,0x01,0x80,0x01,0x80,0x07,0xf0,0x0f,0xf8,0x1f,0xf8,0x3e,0x10,0x3c,0x00,0x3c,0x00,0x3c,
    0x00,0x3c,0x00,0x3c,0x00,0x3c,0x00,0x3e,0x18,0x1f,0xf8,0x0f,0xf8,0x07,0xf0,0x01,0xc0,0x01,0x80,0x01,0x80,0x03,0xf0,0x0f,
    0xfc,0x0f,0xf8,0x1f,0x18,0x1e,0x00,0x1e,0x00,0x1e,0x00,0x7f,0xf0,0x7f,0xf0,0x7f,0xf0,0x1e,0x00,0x1e,0x00,0x1e,0x00,0x1e,
    0x00,0x1e,0x00,0x3c,0x00,0x7f,0xfc,0x7f,0xfc,0x7f,0xfc,0x10,0x10,0x3f,0xb8,0x3f,0xf8,0x3f,0xf0,0x1e,0xf0,0x38,0x70,0x38,
    0x30,0x38,0x30,0x1c,0x70,0x1f,0xf0,0x3f,0xf8,0x3f,0xf8,0x10,0x10,0x00,0x00,0x00,0x00,0x00,0x00,0xf0,0x3e,0x78,0x3c,0x78,
    0x3c,0x3c,0x78,0x3c,0x78,0x1e,0xf0,0x1e,0xf0,0x0f,0xe0,0x0f,0xe0,0x0f,0xc0,0x3f,0xf0,0x3f,0xf0,0x03,0x80,0x07,0x80,0x3f,
    0xf0,0x3f,0xf0,0x03,0x80,0x03,0x80,0x03,0x80,0x03,0x80,0x03,0x80,0x03,0x80,0x03,0x80,0x03,0x80,0x03,0x80,0x03,0x80,0x03,
    0x80,0x03,0x80,0x03,0x80,0x03,0x80,0x00,0x00,0x00,0x00,0x00,0x00,0x00,0x00,0x00,0x00,0x03,0x80,0x03,0x80,0x03,0x80,0x03,
    0x80,0x03,0x80,0x03,0x80,0x03,0x80,0x03,0x80,0x03,0x80,0x03,0x80,0x03,0x80,0x0f,0xc0,0x3f,0xe0,0x3f,0xe0,0x38,0x60,0x38,
    0x00,0x3c,0x00,0x3f,0x00,0x1f,0xc0,0x3f,0xe0,0x38,0xe0,0x78,0xe0,0x38,0xe0,0x3e,0xe0,0x1f,0xe0,0x0f,0xc0,0x03,0xe0,0x00,
    0xe0,0x00,0xe0,0x71,0xe0,0x7f,0xc0,0x3f,0x80,0x00,0x00,0x0e,0x70,0x0e,0x70,0x0e,0x70,0x00,0x00,0x00,0x00,0x00,0x00,0x00,
    0x00,0x00,0x00,0x00,0x00,0x00,0x00,0x00,0x00,0x00,0x00,0x00,0x00,0x00,0x00,0x00,0x00,0x00,0x00,0x00,0x00,0x00,0x00,0x00,
    0x00,0x00,0x00,0x00,0xf8,0x00,0x03,0xff,0x00,0x07,0x07,0x80,0x0c,0x01,0xc0,0x18,0x7c,0xe0,0x31,0xfc,0x60,0x31,0xc4,0x30,
    0x33,0x80,0x30,0x63,0x00,0x30,0x63,0x00,0x30,0x63,0x00,0x30,0x63,0x00,0x30,0x63,0x80,0x30,0x31,0x80,0x30,0x31,0xfc,0x60,
    0x18,0x7c,0xe0,0x1c,0x01,0xc0,0x0f,0x03,0x80,0x07,0xff,0x00,0x01,0xfc,0x00,0x3e,0x00,0x7f,0x00,0x03,0x80,0x3f,0x80,0x7f,
    0x80,0x73,0x80,0x63,0x80,0x7f,0x80,0x3d,0x80,0x00,0x00,0x00,0x00,0x00,0x00,0x00,0x00,0x00,0x00,0x00,0x00,0x00,0x00,0x00,
    0x00,0x00,0x00,0x00,0x00,0x06,0x08,0x0f,0x1e,0x0f,0x3c,0x1e,0x78,0x3c,0xf8,0x78,0xf0,0x7c,0xf0,0x3c,0x78,0x1e,0x7c,0x0f,
    0x3c,0x07,0x1e,0x04,0x08,0x00,0x00,0x00,0x00,0x7f,0xfc,0x7f,0xfc,0x7f,0xfc,0x00,0x1c,0x00,0x1c,0x00,0x1c,0x00,0x1c,0x00,
    0x1c,0x00,0x00,0x00,0x00,0x00,0x00,0x00,0xf8,0x00,0x03,0xff,0x00,0x07,0x07,0x80,0x0c,0x01,0xc0,0x19,0xf8,0xe0,0x31,0xfc,
    0x60,0x31,0x8e,0x30,0x31,0x8e,0x30,0x61,0x8e,0x30,0x61,0x8c,0x30,0x61,0xfc,0x30,0x61,0xf8,0x30,0x61,0x9c,0x30,0x31,0x8c,
    0x30,0x31,0x8e,0x60,0x19,0x86,0xe0,0x1c,0x01,0xc0,0x0f,0x03,0x80,0x07,0xff,0x00,0x01,0xfc,0x00,0x00,0x00,0x7f,0xfc,0x7f,
    0xfc,0x7f,0xfc,0x00,0x00,0x00,0x00,0x00,0x00,0x00,0x00,0x00,0x00,0x00,0x00,0x00,0x00,0x00,0x00,0x00,0x00,0x00,0x00,0x00,
    0x00,0x00,0x00,0x00,0x00,0x00,0x00,0x00,0x00,0x00,0x00,0x00,0x00,0x00,0x00,0x00,0x00,0x00,0x00,0x00,0x00,0x1f,0x00,0x3f,
    0x80,0x7f,0xc0,0x71,0xc0,0x71,0xc0,0x71,0xc0,0x7f,0xc0,0x3f,0x80,0x1f,0x00,0x00,0x00,0x00,0x00,0x00,0x00,0x00,0x00,0x00,
    0x00,0x00,0x00,0x00,0x00,0x00,0x00,0x00,0x00,0x00,0x00,0x03,0x80,0x03,0x80,0x03,0x80,0x03,0x80,0x03,0x80,0x7f,0xfc,0x7f,
    0xfc,0x7f,0xfc,0x03,0x80,0x03,0x80,0x03,0x80,0x03,0x80,0x03,0x80,0x00,0x00,0x7f,0xfc,0x7f,0xfc,0x7f,0xfc,0x1c,0x00,0x7f,
    0x00,0x7f,0x00,0x27,0x80,0x07,0x80,0x07,0x00,0x0e,0x00,0x1e,0x00,0x38,0x00,0x7f,0x80,0x7f,0x80,0x7f,0x80,0x00,0x00,0x00,
    0x00,0x00,0x00,0x00,0x00,0x00,0x00,0x00,0x00,0x00,0x00,0x00,0x00,0x00,0x00,0x00,0x00,0x00,0x00,0x1c,0x00,0x7f,0x00,0x7f,
    0x00,0x27,0x00,0x07,0x00,0x3e,0x00,0x3e,0x00,0x1f,0x00,0x03,0x80,0x7f,0x80,0x7f,0x00,0x3e,0x00,0x00,0x00,0x00,0x00,0x00,
    0x00,0x00,0x00,0x00,0x00,0x00,0x00,0x00,0x00,0x00,0x00,0x00,0x00,0x00,0x00,0x00,0x00,0x0f,0x00,0x1f,0x00,0x1e,0x00,0x3c,
    0x00,0x70,0x00,0x00,0x00,0x00,0x00,0x00,0x00,0x00,0x00,0x00,0x00,0x00,0x00,0x00,0x00,0x00,0x00,0x00,0x00,0x00,0x00,0x00,
    0x00,0x00,0x00,0x00,0x00,0x00,0x00,0x00,0x00,0x00,0x00,0x3c,0x1e,0x00,0x3c,0x1e,0x00,0x3c,0x1e,0x00,0x3c,0x1e,0x00,0x3c,
    0x1e,0x00,0x3c,0x1e,0x00,0x3c,0x1e,0x00,0x3c,0x1e,0x00,0x3c,0x1e,0x00,0x3c,0x1e,0x00,0x3c,0x1e,0x00,0x3e,0x7e,0x00,0x3f,
    0xfe,0x00,0x3f,0xee,0x00,0x3f,0xce,0x00,0x3c,0x00,0x00,0x3c,0x00,0x00,0x3c,0x00,0x00,0x3c,0x00,0x00,0x3c,0x00,0x00,0x3c,
    0x00,0x00,0x0f,0xfe,0x00,0x1f,0xfe,0x00,0x3f,0xfe,0x00,0x3f,0xe6,0x00,0x3f,0xe6,0x00,0x7f,0xe6,0x00,0x7f,0xe6,0x00,0x7f,
    0xe6,0x00,0x7f,0xe6,0x00,0x3f,0xe6,0x00,0x3f,0xe6,0x00,0x3f,0xe6,0x00,0x1f,0xe6,0x00,0x07,0xe6,0x00,0x00,0x66,0x00,0x00,
    0x66,0x00,0x00,0x66,0x00,0x00,0x66,0x00,0x00,0x66,0x00,0x00,0x66,0x00,0x00,0x66,0x00,0x00,0x66,0x00,0x00,0x66,0x00,0x00,
    0x66,0x00,0x00,0x00,0x00,0x38,0x3c,0x3c,0x38,0x00,0x00,0x00,0x00,0x00,0x00,0x00,0x30,0x38,0x7c,0x1c,0x1c,0xfc,0x78,0x0e,
    0x00,0x1e,0x00,0x3e,0x00,0x3e,0x00,0x0e,0x00,0x0e,0x00,0x0e,0x00,0x0e,0x00,0x0e,0x00,0x0e,0x00,0x0e,0x00,0x00,0x00,0x00,
    0x00,0x00,0x00,0x00,0x00,0x00,0x00,0x00,0x00,0x00,0x00,0x00,0x00,0x00,0x00,0x00,0x00,0x00,0x00,0x1e,0x00,0x3f,0x00,0x73,
    0x80,0x61,0x80,0x61,0x80,0x61,0x80,0x73,0x80,0x3f,0x00,0x1e,0x00,0x00,0x00,0x00,0x00,0x00,0x00,0x00,0x00,0x00,0x00,0x00,
    0x00,0x00,0x00,0x00,0x00,0x00,0x00,0x00,0x00,0x10,0x60,0x78,0xf0,0x3c,0xf0,0x1e,0x78,0x1f,0x3c,0x0f,0x1e,0x0f,0x3e,0x1e,
    0x3c,0x3e,0x78,0x3c,0xf0,0x78,0xe0,0x10,0x20,0x00,0x00,0x0e,0x03,0x80,0x3e,0x07,0x80,0x7e,0x07,0x00,0x6e,0x0f,0x00,0x0e,
    0x0e,0x00,0x0e,0x1c,0x00,0x0e,0x1c,0x00,0x0e,0x38,0xf0,0x0e,0x38,0xf0,0x0e,0x71,0xf0,0x0e,0x71,0xf0,0x0e,0xe3,0xf0,0x00,
    0xe7,0x70,0x01,0xc6,0x70,0x03,0xce,0x70,0x03,0x8f,0xf8,0x07,0x8f,0xf8,0x07,0x00,0x70,0x0e,0x00,0x70,0x0e,0x03,0x80,0x3e,
    0x07,0x80,0x7e,0x07,0x00,0x6e,0x0f,0x00,0x0e,0x0e,0x00,0x0e,0x1c,0x00,0x0e,0x1c,0x00,0x0e,0x39,0xf0,0x0e,0x3b,0xf8,0x0e,
    0x73,0xf8,0x0e,0x73,0x38,0x0e,0xe0,0x38,0x00,0xe0,0x78,0x01,0xc0,0xf0,0x03,0xc1,0xe0,0x03,0x83,0xc0,0x07,0x83,0xfc,0x07,
    0x03,0xfc,0x0e,0x03,0xfc,0x00,0x00,0x00,0x3f,0x01,0xc0,0x7f,0x83,0xc0,0x23,0x83,0x80,0x03,0x87,0x00,0x1f,0x07,0x00,0x1f,
    0x0e,0x00,0x03,0x8e,0x00,0x03,0x9c,0x70,0x63,0x9c,0xf0,0x7f,0xb8,0xf0,0x7f,0x39,0xf0,0x00,0x73,0xf0,0x00,0xf3,0x70,0x00,
    0xe6,0x70,0x01,0xee,0x70,0x01,0xcf,0xfc,0x03,0x8f,0xfc,0x03,0x80,0x70,0x07,0x00,0x70,0x03,0x80,0x07,0x80,0x07,0x80,0x03,
    0x80,0x00,0x00,0x00,0x00,0x03,0x80,0x07,0x80,0x07,0x80,0x0f,0x00,0x1e,0x00,0x3c,0x00,0x78,0x00,0x78,0x00,0x78,0x00,0x7c,
    0xf0,0x7f,0xf0,0x3f,0xf0,0x1f,0xc0,0x0f,0x00,0x00,0x07,0x80,0x00,0x03,0xc0,0x00,0x01,0xe0,0x00,0x00,0xe0,0x00,0x00,0x00,
    0x00,0x03,0xf0,0x00,0x03,0xf0,0x00,0x03,0xf0,0x00,0x07,0xf8,0x00,0x07,0xf8,0x00,0x07,0x38,0x00,0x0f,0x3c,0x00,0x0f,0x3c,
    0x00,0x0e,0x1c,0x00,0x1e,0x1e,0x00,0x1e,0x1e,0x00,0x1f,0xfe,0x00,0x3f,0xff,0x00,0x3f,0xff,0x00,0x7c,0x0f,0x00,0x78,0x07,
    0x80,0x78,0x07,0x80,0xf8,0x07,0x80,0xf0,0x07,0xc0,0x00,0x3c,0x00,0x00,0x78,0x00,0x00,0xf0,0x00,0x01,0xe0,0x00,0x01,0xc0,
    0x00,0x00,0x00,0x00,0x03,0xf0,0x00,0x03,0xf0,0x00,0x03,0xf0,0x00,0x07,0xf8,0x00,0x07,0xf8,0x00,0x07,0x38,0x00,0x0f,0x3c,
    0x00,0x0f,0x3c,0x00,0x0e,0x1c,0x00,0x1e,0x1e,0x00,0x1e,0x1e,0x00,0x1f,0xfe,0x00,0x3f,0xff,0x00,0x3f,0xff,0x00,0x7c,0x0f,
    0x00,0x78,0x07,0x80,0x78,0x07,0x80,0xf8,0x07,0x80,0xf0,0x07,0xc0,0x01,0xe0,0x00,0x03,0xf0,0x00,0x07,0xf8,0x00,0x0f,0x3c,
    0x00,0x0e,0x1c,0x00,0x00,0x00,0x00,0x03,0xf0,0x00,0x03,0xf0,0x00,0x03,0xf0,0x00,0x07,0xf8,0x00,0x07,0xf8,0x00,0x07,0x38,
    0x00,0x0f,0x3c,0x00,0x0f,0x3c,0x00,0x0e,0x1c,0x00,0x1e,0x1e,0x00,0x1e,0x1e,0x00,0x1f,0xfe,0x00,0x3f,0xff,0x00,0x3f,0xff,
    0x00,0x7c,0x0f,0x00,0x78,0x07,0x80,0x78,0x07,0x80,0xf8,0x07,0x80,0xf0,0x07,0xc0,0x00,0x00,0x00,0x07,0xcc,0x00,0x0f,0xfc,
    0x00,0x0f,0xf8,0x00,0x0c,0x70,0x00,0x00,0x00,0x00,0x03,0xf0,0x00,0x03,0xf0,0x00,0x03,0xf0,0x00,0x07,0xf8,0x00,0x07,0xf8,
    0x00,0x07,0x38,0x00,0x0f,0x3c,0x00,0x0f,0x3c,0x00,0x0e,0x1c,0x00,0x1e,0x1e,0x00,0x1e,0x1e,0x00,0x1f,0xfe,0x00,0x3f,0xff,
    0x00,0x3f,0xff,0x00,0x7c,0x0f,0x00,0x78,0x07,0x80,0x78,0x07,0x80,0xf8,0x07,0x80,0xf0,0x07,0xc0,0x00,0x00,0x00,0x07,0x38,
    0x00,0x07,0x38,0x00,0x07,0x38,0x00,0x00,0x00,0x00,0x00,0x00,0x00,0x03,0xf0,0x00,0x03,0xf0,0x00,0x03,0xf0,0x00,0x07,0xf8,
    0x00,0x07,0xf8,0x00,0x07,0x38,0x00,0x0f,0x3c,0x00,0x0f,0x3c,0x00,0x0e,0x1c,0x00,0x1e,0x1e,0x00,0x1e,0x1e,0x00,0x1f,0xfe,
    0x00,0x3f,0xff,0x00,0x3f,0xff,0x00,0x7c,0x0f,0x00,0x78,0x07,0x80,0x78,0x07,0x80,0xf8,0x07,0x80,0xf0,0x07,0xc0,0x01,0xe0,
    0x00,0x03,0xf0,0x00,0x03,0x30,0x00,0x03,0x30,0x00,0x03,0xf0,0x00,0x03,0xf0,0x00,0x03,0xf0,0x00,0x07,0xf8,0x00,0x07,0xf8,
    0x00,0x07,0x38,0x00,0x0f,0x3c,0x00,0x0f,0x3c,0x00,0x0e,0x1c,0x00,0x1e,0x1e,0x00,0x1e,0x1e,0x00,0x1f,0xfe,0x00,0x3f,0xff,
    0x00,0x3f,0xff,0x00,0x7c,0x0f,0x00,0x78,0x07,0x80,0x78,0x07,0x80,0xf8,0x07,0x80,0xf0,0x07,0xc0,0x00,0xff,0xfe,0x00,0x00,
    0xff,0xfe,0x00,0x01,0xff,0xfe,0x00,0x01,0xef,0x00,0x00,0x03,0xcf,0x00,0x00,0x03,0xcf,0x00,0x00,0x07,0x8f,0x00,0x00,0x07,
    0x8f,0xfe,0x00,0x07,0x0f,0xfe,0x00,0x0f,0x0f,0xfe,0x00,0x0f,0x0f,0x00,0x00,0x1f,0xff,0x00,0x00,0x1f,0xff,0x00,0x00,0x3f,
    0xff,0x00,0x00,0x3c,0x0f,0x00,0x00,0x78,0x0f,0x00,0x00,0x78,0x0f,0xfe,0x00,0x78,0x0f,0xfe,0x00,0xf0,0x0f,0xfe,0x00,0x01,
    0xfc,0x00,0x07,0xff,0x00,0x0f,0xfe,0x00,0x1f,0x8e,0x00,0x1e,0x00,0x00,0x3c,0x00,0x00,0x3c,0x00,0x00,0x3c,0x00,0x00,0x3c,
    0x00,0x00,0x7c,0x00,0x00,0x3c,0x00,0x00,0x3c,0x00,0x00,0x3c,0x00,0x00,0x3c,0x00,0x00,0x3e,0x00,0x00,0x1f,0x8e,0x00,0x0f,
    0xfe,0x00,0x07,0xfe,0x00,0x03,0xfc,0x00,0x00,0xe0,0x00,0x00,0xf0,0x00,0x00,0x78,0x00,0x00,0x78,0x00,0x01,0xf0,0x00,0x01,
    0xe0,0x00,0x1e,0x00,0x1f,0x00,0x07,0x80,0x03,0x80,0x01,0xc0,0x00,0x00,0x3f,0xf8,0x3f,0xf8,0x3f,0xf8,0x3e,0x00,0x3c,0x00,
    0x3c,0x00,0x3c,0x00,0x3f,0xf8,0x3f,0xf8,0x3f,0xf8,0x3e,0x00,0x3c,0x00,0x3c,0x00,0x3c,0x00,0x3c,0x00,0x3e,0x00,0x3f,0xf8,
    0x3f,0xf8,0x3f,0xf8,0x00,0x70,0x00,0xf0,0x01,0xe0,0x03,0xc0,0x03,0x80,0x00,0x00,0x3f,0xf8,0x3f,0xf8,0x3f,0xf8,0x3e,0x00,
    0x3c,0x00,0x3c,0x00,0x3c,0x00,0x3f,0xf8,0x3f,0xf8,0x3f,0xf8,0x3e,0x00,0x3c,0x00,0x3c,0x00,0x3c,0x00,0x3c,0x00,0x3e,0x00,
    0x3f,0xf8,0x3f,0xf8,0x3f,0xf8,0x03,0xc0,0x07,0xe0,0x0f,0xf0,0x1e,0x70,0x3c,0x38,0x00,0x00,0x3f,0xf8,0x3f,0xf8,0x3f,0xf8,
    0x3e,0x00,0x3c,0x00,0x3c,0x00,0x3c,0x00,0x3f,0xf8,0x3f,0xf8,0x3f,0xf8,0x3e,0x00,0x3c,0x00,0x3c,0x00,0x3c,0x00,0x3c,0x00,
    0x3e,0x00,0x3f,0xf8,0x3f,0xf8,0x3f,0xf8,0x00,0x00,0x0e,0x70,0x1e,0x70,0x0e,0x70,0x00,0x00,0x00,0x00,0x3f,0xf8,0x3f,0xf8,
    0x3f,0xf8,0x3e,0x00,0x3c,0x00,0x3c,0x00,0x3c,0x00,0x3f,0xf8,0x3f,0xf8,0x3f,0xf8,0x3e,0x00,0x3c,0x00,0x3c,0x00,0x3c,0x00,
    0x3c,0x00,0x3e,0x00,0x3f,0xf8,0x3f,0xf8,0x3f,0xf8,0xf0,0x00,0x78,0x00,0x3c,0x00,0x1e,0x00,0x0e,0x00,0x00,0x00,0x7f,0x80,
    0x7f,0x80,0x7f,0x80,0x1e,0x00,0x1e,0x00,0x1e,0x00,0x1e,0x00,0x1e,0x00,0x1e,0x00,0x1e,0x00,0x1e,0x00,0x1e,0x00,0x1e,0x00,
    0x1e,0x00,0x1e,0x00,0x1e,0x00,0x7f,0x80,0x7f,0x80,0x7f,0x80,0x03,0xc0,0x07,0x80,0x0f,0x00,0x0e,0x00,0x1c,0x00,0x00,0x00,
    0x7f,0x80,0x7f,0x80,0x7f,0x80,0x1e,0x00,0x1e,0x00,0x1e,0x00,0x1e,0x00,0x1e,0x00,0x1e,0x00,0x1e,0x00,0x1e,0x00,0x1e,0x00,
    0x1e,0x00,0x1e,0x00,0x1e,0x00,0x1e,0x00,0x7f,0x80,0x7f,0x80,0x7f,0x80,0x0f,0x00,0x1f,0x80,0x3f,0xc0,0x39,0xe0,0x70,0xe0,
    0x00,0x00,0x3f,0xc0,0x3f,0xc0,0x3f,0xc0,0x0f,0x00,0x0f,0x00,0x0f,0x00,0x0f,0x00,0x0f,0x00,0x0f,0x00,0x0f,0x00,0x0f,0x00,
    0x0f,0x00,0x0f,0x00,0x0f,0x00,0x0f,0x00,0x0f,0x00,0x3f,0xc0,0x3f,0xc0,0x3f,0xc0,0x00,0x00,0x73,0x80,0x73,0x80,0x73,0x80,
    0x00,0x00,0x00,0x00,0x7f,0x80,0x7f,0x80,0x7f,0x80,0x1e,0x00,0x1e,0x00,0x1e,0x00,0x1e,0x00,0x1e,0x00,0x1e,0x00,0x1e,0x00,
    0x1e,0x00,0x1e,0x00,0x1e,0x00,0x1e,0x00,0x1e,0x00,0x1e,0x00,0x7f,0x80,0x7f,0x80,0x7f,0x80,0x3f,0xf0,0x00,0x3f,0xfc,0x00,
    0x3f,0xfe,0x00,0x3e,0x3f,0x00,0x3c,0x0f,0x80,0x3c,0x07,0x80,0x3c,0x07,0x80,0x3e,0x07,0xc0,0x7f,0x83,0xc0,0x7f,0x83,0xc0,
    0x7f,0x83,0xc0,0x3c,0x07,0xc0,0x3c,0x07,0x80,0x3c,0x07,0x80,0x3c,0x0f,0x80,0x3e,0x3f,0x00,0x3f,0xfe,0x00,0x3f,0xfc,0x00,
    0x3f,0xf0,0x00,0x00,0x00,0x00,0x01,0xf7,0x00,0x03,0xff,0x00,0x07,0xfe,0x00,0x07,0x3c,0x00,0x00,0x00,0x00,0x3f,0x01,0xe0,
    0x3f,0x01,0xe0,0x3f,0x81,0xe0,0x3f,0x81,0xe0,0x3f,0xc1,0xe0,0x3f,0xc1,0xe0,0x3d,0xe1,0xe0,0x3d,0xf1,0xe0,0x3c,0xf1,0xe0,
    0x3c,0xf9,0xe0,0x3c,0x79,0xe0,0x3c,0x3d,0xe0,0x3c,0x3d,0xe0,0x3c,0x1f,0xe0,0x3c,0x1f,0xe0,0x3c,0x0f,0xe0,0x3c,0x0f,0xe0,
    0x3c,0x07,0xe0,0x3c,0x07,0xe0,0x03,0xc0,0x00,0x03,0xc0,0x00,0x01,0xe0,0x00,0x00,0xf0,0x00,0x00,0x78,0x00,0x00,0x00,0x00,
    0x01,0xfc,0x00,0x07,0xff,0x00,0x0f,0xff,0x80,0x1f,0x8f,0xc0,0x3e,0x03,0xc0,0x3e,0x03,0xe0,0x3c,0x01,0xe0,0x3c,0x01,0xe0,
    0x3c,0x01,0xe0,0x7c,0x01,0xe0,0x3c,0x01,0xe0,0x3c,0x01,0xe0,0x3c,0x01,0xe0,0x3e,0x03,0xe0,0x3e,0x03,0xc0,0x1f,0x8f,0xc0,
    0x0f,0xff,0x80,0x07,0xff,0x00,0x01,0xfc,0x00,0x00,0x1e,0x00,0x00,0x3e,0x00,0x00,0x3c,0x00,0x00,0x78,0x00,0x00,0xe0,0x00,
    0x00,0x00,0x00,0x01,0xfc,0x00,0x07,0xff,0x00,0x0f,0xff,0x80,0x1f,0x8f,0xc0,0x3e,0x03,0xc0,0x3e,0x03,0xe0,0x3c,0x01,0xe0,
    0x3c,0x01,0xe0,0x3c,0x01,0xe0,0x7c,0x01,0xe0,0x3c,0x01,0xe0,0x3c,0x01,0xe0,0x3c,0x01,0xe0,0x3e,0x03,0xe0,0x3e,0x03,0xc0,
    0x1f,0x8f,0xc0,0x0f,0xff,0x80,0x07,0xff,0x00,0x01,0xfc,0x00,0x00,0xf0,0x00,0x01,0xf8,0x00,0x01,0xfc,0x00,0x03,0x9e,0x00,
    0x07,0x0f,0x00,0x00,0x00,0x00,0x01,0xfc,0x00,0x07,0xff,0x00,0x0f,0xff,0x80,0x1f,0x8f,0xc0,0x3e,0x03,0xc0,0x3e,0x03,0xe0,
    0x3c,0x01,0xe0,0x3c,0x01,0xe0,0x3c,0x01,0xe0,0x7c,0x01,0xe0,0x3c,0x01,0xe0,0x3c,0x01,0xe0,0x3c,0x01,0xe0,0x3e,0x03,0xe0,
    0x3e,0x03,0xc0,0x1f,0x8f,0xc0,0x0f,0xff,0x80,0x07,0xff,0x00,0x01,0xfc,0x00,0x00,0x00,0x00,0x03,0xe7,0x00,0x03,0xfe,0x00,
    0x07,0xfe,0x00,0x06,0x3c,0x00,0x00,0x00,0x00,0x01,0xfc,0x00,0x07,0xff,0x00,0x0f,0xff,0x80,0x1f,0x8f,0xc0,0x3e,0x03,0xc0,
    0x3e,0x03,0xe0,0x3c,0x01,0xe0,0x3c,0x01,0xe0,0x3c,0x01,0xe0,0x7c,0x01,0xe0,0x3c,0x01,0xe0,0x3c,0x01,0xe0,0x3c,0x01,0xe0,
    0x3e,0x03,0xe0,0x3e,0x03,0xc0,0x1f,0x8f,0xc0,0x0f,0xff,0x80,0x07,0xff,0x00,0x01,0xfc,0x00,0x00,0x00,0x00,0x03,0x9c,0x00,
    0x03,0xde,0x00,0x03,0x8c,0x00,0x00,0x00,0x00,0x00,0x00,0x00,0x01,0xfc,0x00,0x07,0xff,0x00,0x0f,0xff,0x80,0x1f,0x8f,0xc0,
    0x3e,0x03,0xc0,0x3e,0x03,0xe0,0x3c,0x01,0xe0,0x3c,0x01,0xe0,0x3c,0x01,0xe0,0x7c,0x01,0xe0,0x3c,0x01,0xe0,0x3c,0x01,0xe0,
    0x3c,0x01,0xe0,0x3e,0x03,0xe0,0x3e,0x03,0xc0,0x1f,0x8f,0xc0,0x0f,0xff,0x80,0x07,0xff,0x00,0x01,0xfc,0x00,0x10,0x10,0x38,
    0x38,0x3c,0x78,0x1e,0xf0,0x0f,0xe0,0x07,0xc0,0x07,0xc0,0x0f,0xe0,0x1e,0xf0,0x3c,0x78,0x38,0x30,0x00,0x00,0x00,0x00,0x00,
    0x00,0x00,0x00,0x00,0x00,0x00,0x01,0xfd,0xc0,0x07,0xff,0x80,0x0f,0xff,0x80,0x1f,0x8f,0xc0,0x3e,0x0f,0xc0,0x3e,0x0f,0xe0,
    0x3c,0x1f,0xe0,0x3c,0x39,0xe0,0x3c,0x39,0xe0,0x7c,0x71,0xe0,0x3c,0xe1,0xe0,0x3c,0xe1,0xe0,0x3d,0xc1,0xe0,0x3f,0x83,0xe0,
    0x3f,0x83,0xc0,0x1f,0x8f,0xc0,0x0f,0xff,0x80,0x0f,0xff,0x00,0x1d,0xfc,0x00,0x08,0x00,0x00,0x07,0x80,0x00,0x07,0xc0,0x00,
    0x01,0xe0,0x00,0x00,0xe0,0x00,0x00,0x70,0x00,0x00,0x00,0x00,0x3c,0x07,0xc0,0x3c,0x07,0xc0,0x3c,0x07,0xc0,0x3c,0x07,0xc0,
    0x3c,0x07,0xc0,0x3c,0x07,0xc0,0x3c,0x07,0xc0,0x3c,0x07,0xc0,0x3c,0x07,0xc0,0x3c,0x07,0xc0,0x3c,0x07,0xc0,0x3c,0x07,0xc0,
    0x3c,0x07,0x80,0x3c,0x07,0x80,0x1e,0x07,0x80,0x1f,0x9f,0x80,0x0f,0xff,0x00,0x07,0xfe,0x00,0x03,0xf8,0x00,0x00,0x1c,0x00,
    0x00,0x3c,0x00,0x00,0x78,0x00,0x00,0xf0,0x00,0x00,0xe0,0x00,0x00,0x00,0x00,0x3c,0x07,0xc0,0x3c,0x07,0xc0,0x3c,0x07,0xc0,
    0x3c,0x07,0xc0,0x3c,0x07,0xc0,0x3c,0x07,0xc0,0x3c,0x07,0xc0,0x3c,0x07,0xc0,0x3c,0x07,0xc0,0x3c,0x07,0xc0,0x3c,0x07,0xc0,
    0x3c,0x07,0xc0,0x3c,0x07,0x80,0x3c,0x07,0x80,0x1e,0x07,0x80,0x1f,0x9f,0x80,0x0f,0xff,0x00,0x07,0xfe,0x00,0x03,0xf8,0x00,
    0x00,0xf0,0x00,0x01,0xf8,0x00,0x03,0xfc,0x00,0x07,0x9c,0x00,0x0f,0x0e,0x00,0x00,0x00,0x00,0x3c,0x07,0xc0,0x3c,0x07,0xc0,
    0x3c,0x07,0xc0,0x3c,0x07,0xc0,0x3c,0x07,0xc0,0x3c,0x07,0xc0,0x3c,0x07,0xc0,0x3c,0x07,0xc0,0x3c,0x07,0xc0,0x3c,0x07,0xc0,
    0x3c,0x07,0xc0,0x3c,0x07,0xc0,0x3c,0x07,0x80,0x3c,0x07,0x80,0x1e,0x07,0x80,0x1f,0x9f,0x80,0x0f,0xff,0x00,0x07,0xfe,0x00,
    0x03,0xf8,0x00,0x00,0x00,0x00,0x03,0x9c,0x00,0x07,0x9c,0x00,0x03,0x9c,0x00,0x00,0x00,0x00,0x00,0x00,0x00,0x3c,0x07,0xc0,
    0x3c,0x07,0xc0,0x3c,0x07,0xc0,0x3c,0x07,0xc0,0x3c,0x07,0xc0,0x3c,0x07,0xc0,0x3c,0x07,0xc0,0x3c,0x07,0xc0,0x3c,0x07,0xc0,
    0x3c,0x07,0xc0,0x3c,0x07,0xc0,0x3c,0x07,0xc0,0x3c,0x07,0x80,0x3c,0x07,0x80,0x1e,0x07,0x80,0x1f,0x9f,0x80,0x0f,0xff,0x00,
    0x07,0xfe,0x00,0x03,0xf8,0x00,0x00,0x78,0x00,0x00,0xf0,0x00,0x01,0xe0,0x00,0x01,0xc0,0x00,0x03,0x80,0x00,0x00,0x00,0x00,
    0xf8,0x0f,0x00,0x78,0x1e,0x00,0x7c,0x1e,0x00,0x3c,0x3c,0x00,0x3e,0x3c,0x00,0x1e,0x78,0x00,0x1f,0x78,0x00,0x0f,0xf0,0x00,
    0x0f,0xf0,0x00,0x07,0xe0,0x00,0x07,0xe0,0x00,0x03,0xc0,0x00,0x03,0xc0,0x00,0x03,0xc0,0x00,0x03,0xc0,0x00,0x03,0xc0,0x00,
    0x03,0xc0,0x00,0x03,0xc0,0x00,0x03,0xc0,0x00,0x3c,0x00,0x3c,0x00,0x3e,0x00,0x3f,0xf0,0x3f,0xfc,0x3f,0xfc,0x3c,0x3e,0x3c,
    0x1e,0x3c,0x1e,0x3c,0x1e,0x3c,0x1e,0x3e,0x7e,0x3f,0xfc,0x3f,0xf8,0x3f,0xf0,0x3c,0x00,0x3c,0x00,0x3c,0x00,0x3c,0x00,0x03,
    0xf8,0x00,0x0f,0xfc,0x00,0x1f,0xfe,0x00,0x3f,0x3f,0x00,0x3c,0x0f,0x00,0x3c,0x0f,0x00,0x3c,0x1e,0x00,0x3c,0x3c,0x00,0x3c,
    0x78,0x00,0x3c,0xf0,0x00,0x3c,0xf8,0x00,0x3c,0x7c,0x00,0x3c,0x7f,0x00,0x3c,0x1f,0x80,0x3c,0x0f,0x80,0x3c,0x07,0xc0,0x3c,
    0x07,0xc0,0x3c,0xc7,0xc0,0x3c,0xff,0x80,0x3c,0xff,0x00,0x3c,0xfe,0x00,0x1e,0x00,0x1f,0x00,0x07,0x80,0x03,0x80,0x01,0xc0,
    0x00,0x00,0x0f,0xe0,0x1f,0xf0,0x1f,0xf8,0x1c,0x7c,0x00,0x3c,0x00,0x3c,0x1f,0xfc,0x3f,0xfc,0x7c,0x3c,0x78,0x3c,0x78,0x7c,
    0x7c,0xfc,0x7f,0xfc,0x3f,0x9c,0x1f,0x1c,0x00,0x70,0x00,0xf0,0x01,0xe0,0x03,0xc0,0x03,0x80,0x00,0x00,0x0f,0xe0,0x1f,0xf0,
    0x1f,0xf8,0x1c,0x7c,0x00,0x3c,0x00,0x3c,0x1f,0xfc,0x3f,0xfc,0x7c,0x3c,0x78,0x3c,0x78,0x7c,0x7c,0xfc,0x7f,0xfc,0x3f,0x9c,
    0x1f,0x1c,0x03,0xc0,0x07,0xe0,0x0f,0xf0,0x1e,0x70,0x3c,0x38,0x00,0x00,0x0f,0xe0,0x1f,0xf0,0x1f,0xf8,0x1c,0x7c,0x00,0x3c,
    0x00,0x3c,0x1f,0xfc,0x3f,0xfc,0x7c,0x3c,0x78,0x3c,0x78,0x7c,0x7c,0xfc,0x7f,0xfc,0x3f,0x9c,0x1f,0x1c,0x00,0x00,0x0f,0xb8,
    0x1f,0xf8,0x1f,0xf0,0x19,0xe0,0x00,0x00,0x0f,0xe0,0x1f,0xf0,0x1f,0xf8,0x1c,0x7c,0x00,0x3c,0x00,0x3c,0x1f,0xfc,0x3f,0xfc,
    0x7c,0x3c,0x78,0x3c,0x78,0x7c,0x7c,0xfc,0x7f,0xfc,0x3f,0x9c,0x1f,0x1c,0x00,0x00,0x0e,0x70,0x1e,0x70,0x0e,0x70,0x00,0x00,
    0x00,0x00,0x0f,0xe0,0x1f,0xf0,0x1f,0xf8,0x1c,0x7c,0x00,0x3c,0x00,0x3c,0x1f,0xfc,0x3f,0xfc,0x7c,0x3c,0x78,0x3c,0x78,0x7c,
    0x7c,0xfc,0x7f,0xfc,0x3f,0x9c,0x1f,0x1c,0x03,0xc0,0x07,0xe0,0x06,0x60,0x06,0x60,0x07,0xe0,0x03,0xc0,0x00,0x00,0x0f,0xe0,
    0x1f,0xf0,0x1f,0xf8,0x1c,0x7c,0x00,0x3c,0x00,0x3c,0x1f,0xfc,0x3f,0xfc,0x7c,0x3c,0x78,0x3c,0x78,0x7c,0x7c,0xfc,0x7f,0xfc,
    0x3f,0x9c,0x1f,0x1c,0x0f,0xc3,0xe0,0x1f,0xff,0xf8,0x1f,0xff,0xfc,0x1c,0x7f,0x7c,0x00,0x7c,0x1c,0x00,0x3c,0x1e,0x0f,0xff,
    0xfe,0x3f,0xff,0xfe,0x7c,0x7f,0xfe,0x78,0x3c,0x00,0x78,0x7c,0x00,0x7c,0xff,0x1c,0x7f,0xff,0xfc,0x3f,0xc7,0xfc,0x1f,0x83,
    0xf8,0x07,0xf0,0x1f,0xf0,0x1f,0xf0,0x3e,0x70,0x3c,0x00,0x78,0x00,0x78,0x00,0x78,0x00,0x78,0x00,0x78,0x00,0x7c,0x00,0x3e,
    0x30,0x3f,0xf0,0x1f,0xf0,0x07,0xe0,0x03,0x80,0x03,0xc0,0x01,0xe0,0x01,0xe0,0x07,0xc0,0x07,0x80,0x1e,0x00,0x1f,0x00,0x0f,
    0x00,0x03,0x80,0x01,0xc0,0x00,0x00,0x07,0xe0,0x1f,0xf0,0x1f,0xf8,0x3e,0x7c,0x3c,0x3c,0x78,0x3c,0x7f,0xfc,0x7f,0xfc,0x7f,
    0xfc,0x78,0x00,0x3c,0x00,0x3e,0x18,0x1f,0xfc,0x0f,0xf8,0x07,0xf0,0x00,0x70,0x00,0xf0,0x01,0xe0,0x03,0xc0,0x07,0x80,0x00,
    0x00,0x07,0xe0,0x1f,0xf0,0x1f,0xf8,0x3e,0x7c,0x3c,0x3c,0x78,0x3c,0x7f,0xfc,0x7f,0xfc,0x7f,0xfc,0x78,0x00,0x3c,0x00,0x3e,
    0x18,0x1f,0xfc,0x0f,0xf8,0x07,0xf0,0x03,0xc0,0x07,0xe0,0x0f,0xe0,0x1e,0x70,0x3c,0x38,0x00,0x00,0x07,0xe0,0x1f,0xf0,0x1f,
    0xf8,0x3e,0x7c,0x3c,0x3c,0x78,0x3c,0x7f,0xfc,0x7f,0xfc,0x7f,0xfc,0x78,0x00,0x3c,0x00,0x3e,0x18,0x1f,0xfc,0x0f,0xf8,0x07,
    0xf0,0x00,0x00,0x0e,0x70,0x1e,0xf0,0x0c,0x70,0x00,0x00,0x00,0x00,0x07,0xe0,0x1f,0xf0,0x1f,0xf8,0x3e,0x7c,0x3c,0x3c,0x78,
    0x3c,0x7f,0xfc,0x7f,0xfc,0x7f,0xfc,0x78,0x00,0x3c,0x00,0x3e,0x18,0x1f,0xfc,0x0f,0xf8,0x07,0xf0,0xf0,0x00,0x78,0x00,0x3c,
    0x00,0x1e,0x00,0x0e,0x00,0x00,0x00,0x1e,0x00,0x1e,0x00,0x1e,0x00,0x1e,0x00,0x1e,0x00,0x1e,0x00,0x1e,0x00,0x1e,0x00,0x1e,
    0x00,0x1e,0x00,0x1e,0x00,0x1e,0x00,0x1e,0x00,0x1e,0x00,0x1e,0x00,0x07,0x80,0x0f,0x00,0x1e,0x00,0x3c,0x00,0x38,0x00,0x00,
    0x00,0x3c,0x00,0x3c,0x00,0x3c,0x00,0x3c,0x00,0x3c,0x00,0x3c,0x00,0x3c,0x00,0x3c,0x00,0x3c,0x00,0x3c,0x00,0x3c,0x00,0x3c,
    0x00,0x3c,0x00,0x3c,0x00,0x3c,0x00,0x0f,0x00,0x1f,0x80,0x3f,0xc0,0x79,0xe0,0x70,0xe0,0x00,0x00,0x0f,0x00,0x0f,0x00,0x0f,
    0x00,0x0f,0x00,0x0f,0x00,0x0f,0x00,0x0f,0x00,0x0f,0x00,0x0f,0x00,0x0f,0x00,0x0f,0x00,0x0f,0x00,0x0f,0x00,0x0f,0x00,0x0f,
    0x00,0x00,0x00,0x73,0x80,0x73,0x80,0x73,0x80,0x00,0x00,0x00,0x00,0x1e,0x00,0x1e,0x00,0x1e,0x00,0x1e,0x00,0x1e,0x00,0x1e,
    0x00,0x1e,0x00,0x1e,0x00,0x1e,0x00,0x1e,0x00,0x1e,0x00,0x1e,0x00,0x1e,0x00,0x1e,0x00,0x1e,0x00,0x00,0x10,0x07,0x38,0x07,
    0xf8,0x03,0xf0,0x07,0xf0,0x0f,0xf8,0x06,0x78,0x00,0x3c,0x0f,0xfc,0x1f,0xfe,0x3f,0xfe,0x3c,0x3e,0x7c,0x1e,0x78,0x1e,0x78,
    0x1e,0x78,0x1e,0x7c,0x3e,0x3e,0x7c,0x3f,0xf8,0x1f,0xf8,0x07,0xe0,0x00,0x00,0x00,0x07,0xdc,0x00,0x0f,0xfc,0x00,0x1f,0xf8,
    0x00,0x1c,0xf0,0x00,0x00,0x00,0x00,0x38,0xf8,0x00,0x3b,0xfc,0x00,0x3f,0xfe,0x00,0x3f,0x3e,0x00,0x3e,0x1e,0x00,0x3c,0x1e,
    0x00,0x3c,0x1e,0x00,0x3c,0x1e,0x00,0x3c,0x1e,0x00,0x3c,0x1e,0x00,0x3c,0x1e,0x00,0x3c,0x1e,0x00,0x3c,0x1e,0x00,0x3c,0x1e,
    0x00,0x3c,0x1e,0x00,0x1e,0x00,0x0f,0x00,0x07,0x80,0x03,0xc0,0x01,0xc0,0x00,0x00,0x07,0xe0,0x1f,0xf8,0x1f,0xf8,0x3e,0x7c,
    0x3c,0x3c,0x78,0x1e,0x78,0x1e,0x78,0x1e,0x78,0x1e,0x78,0x1e,0x3c,0x3e,0x3e,0x7c,0x1f,0xfc,0x0f,0xf8,0x07,0xe0,0x00,0x78,
    0x00,0xf0,0x01,0xe0,0x01,0xc0,0x03,0x80,0x00,0x00,0x07,0xe0,0x1f,0xf8,0x1f,0xf8,0x3e,0x7c,0x3c,0x3c,0x78,0x1e,0x78,0x1e,
    0x78,0x1e,0x78,0x1e,0x78,0x1e,0x3c,0x3e,0x3e,0x7c,0x1f,0xfc,0x0f,0xf8,0x07,0xe0,0x03,0xc0,0x07,0xe0,0x0f,0xf0,0x1e,0x78,
    0x1c,0x38,0x00,0x00,0x07,0xe0,0x1f,0xf8,0x1f,0xf8,0x3e,0x7c,0x3c,0x3c,0x78,0x1e,0x78,0x1e,0x78,0x1e,0x78,0x1e,0x78,0x1e,
    0x3c,0x3e,0x3e,0x7c,0x1f,0xfc,0x0f,0xf8,0x07,0xe0,0x00,0x00,0x0f,0x98,0x1f,0xf8,0x1f,0xf8,0x18,0xf0,0x00,0x00,0x07,0xe0,
    0x1f,0xf8,0x1f,0xf8,0x3e,0x7c,0x3c,0x3c,0x78,0x1e,0x78,0x1e,0x78,0x1e,0x78,0x1e,0x78,0x1e,0x3c,0x3e,0x3e,0x7c,0x1f,0xfc,
    0x0f,0xf8,0x07,0xe0,0x00,0x00,0x0e,0x70,0x0e,0x70,0x0e,0x70,0x00,0x00,0x00,0x00,0x07,0xe0,0x1f,0xf8,0x1f,0xf8,0x3e,0x7c,
    0x3c,0x3c,0x78,0x1e,0x78,0x1e,0x78,0x1e,0x78,0x1e,0x78,0x1e,0x3c,0x3e,0x3e,0x7c,0x1f,0xfc,0x0f,0xf8,0x07,0xe0,0x03,0x80,
    0x03,0x80,0x03,0x80,0x03,0x80,0x00,0x00,0x7f,0xfc,0x7f,0xfc,0x7f,0xfc,0x00,0x00,0x03,0x80,0x03,0x80,0x03,0x80,0x03,0x80,
    0x00,0x00,0x00,0x00,0x00,0x00,0x00,0x00,0x07,0xf8,0x1f,0xfc,0x1f,0xf8,0x3e,0x7c,0x3c,0x7e,0x78,0xfe,0x79,0xfe,0x79,0xde,
    0x7b,0x9e,0x7f,0x1e,0x3f,0x3e,0x3e,0x7c,0x1f,0xfc,0x1f,0xf8,0x3f,0xe0,0x00,0x00,0x0f,0x00,0x00,0x0f,0x80,0x00,0x07,0x80,
    0x00,0x03,0xc0,0x00,0x00,0xe0,0x00,0x00,0x00,0x00,0x3c,0x1e,0x00,0x3c,0x1e,0x00,0x3c,0x1e,0x00,0x3c,0x1e,0x00,0x3c,0x1e,
    0x00,0x3c,0x1e,0x00,0x3c,0x1e,0x00,0x3c,0x1e,0x00,0x3c,0x1e,0x00,0x3c,0x1e,0x00,0x3c,0x3e,0x00,0x3e,0x7e,0x00,0x3f,0xfe,
    0x00,0x1f,0xee,0x00,0x0f,0xce,0x00,0x00,0x78,0x00,0x00,0xf8,0x00,0x00,0xf0,0x00,0x01,0xe0,0x00,0x03,0xc0,0x00,0x00,0x00,
    0x00,0x3c,0x1e,0x00,0x3c,0x1e,0x00,0x3c,0x1e,0x00,0x3c,0x1e,0x00,0x3c,0x1e,0x00,0x3c,0x1e,0x00,0x3c,0x1e,0x00,0x3c,0x1e,
    0x00,0x3c,0x1e,0x00,0x3c,0x1e,0x00,0x3c,0x3e,0x00,0x3e,0x7e,0x00,0x3f,0xfe,0x00,0x1f,0xee,0x00,0x0f,0xce,0x00,0x01,0xe0,
    0x00,0x03,0xf0,0x00,0x07,0xf0,0x00,0x0f,0x78,0x00,0x1c,0x1c,0x00,0x00,0x00,0x00,0x3c,0x1e,0x00,0x3c,0x1e,0x00,0x3c,0x1e,
    0x00,0x3c,0x1e,0x00,0x3c,0x1e,0x00,0x3c,0x1e,0x00,0x3c,0x1e,0x00,0x3c,0x1e,0x00,0x3c,0x1e,0x00,0x3c,0x1e,0x00,0x3c,0x3e,
    0x00,0x3e,0x7e,0x00,0x3f,0xfe,0x00,0x1f,0xee,0x00,0x0f,0xce,0x00,0x00,0x00,0x00,0x0f,0x38,0x00,0x0f,0x78,0x00,0x06,0x30,
    0x00,0x00,0x00,0x00,0x00,0x00,0x00,0x3c,0x1e,0x00,0x3c,0x1e,0x00,0x3c,0x1e,0x00,0x3c,0x1e,0x00,0x3c,0x1e,0x00,0x3c,0x1e,
    0x00,0x3c,0x1e,0x00,0x3c,0x1e,0x00,0x3c,0x1e,0x00,0x3c,0x1e,0x00,0x3c,0x3e,0x00,0x3e,0x7e,0x00,0x3f,0xfe,0x00,0x1f,0xee,
    0x00,0x0f,0xce,0x00,0x00,0xf0,0x01,0xf0,0x01,0xe0,0x03,0xc0,0x07,0x00,0x00,0x00,0xf0,0x3e,0x78,0x3c,0x78,0x3c,0x78,0x7c,
    0x3c,0x78,0x3c,0x78,0x3c,0xf0,0x1e,0xf0,0x1e,0xf0,0x0f,0xe0,0x0f,0xe0,0x0f,0xe0,0x07,0xc0,0x07,0xc0,0x07,0xc0,0x07,0x80,
    0x07,0x80,0x1f,0x00,0x7f,0x00,0x7e,0x00,0x78,0x00,0x3c,0x00,0x3c,0x00,0x3c,0x00,0x3c,0x00,0x3c,0x00,0x3c,0x00,0x3c,0xf0,
    0x3f,0xf8,0x3f,0xfc,0x3f,0x3e,0x3e,0x1e,0x3c,0x1e,0x3c,0x1e,0x3c,0x1e,0x3c,0x1e,0x3c,0x1e,0x3e,0x1e,0x3f,0x3e,0x3f,0xfc,
    0x3f,0xf8,0x3d,0xf0,0x3c,0x00,0x3c,0x00,0x3c,0x00,0x3c,0x00,0x3c,0x00,0x3c,0x00,0x00,0x00,0x1c,0xf0,0x1e,0xf0,0x1c,0x60,
    0x00,0x00,0x00,0x00,0xf0,0x3e,0x78,0x3c,0x78,0x3c,0x78,0x7c,0x3c,0x78,0x3c,0x78,0x3c,0xf0,0x1e,0xf0,0x1e,0xf0,0x0f,0xe0,
    0x0f,0xe0,0x0f,0xe0,0x07,0xc0,0x07,0xc0,0x07,0xc0,0x07,0x80,0x07,0x80,0x1f,0x00,0x7f,0x00,0x7e,0x00,0x78,0x00,0x0c,0x0c,
    0x00,0x0e,0x1c,0x00,0x0f,0xfc,0x00,0x07,0xf8,0x00,0x03,0xf0,0x00,0x00,0x00,0x00,0x03,0xf0,0x00,0x03,0xf0,0x00,0x03,0xf0,
    0x00,0x07,0xf8,0x00,0x07,0xf8,0x00,0x07,0x38,0x00,0x0f,0x3c,0x00,0x0f,0x3c,0x00,0x0e,0x1c,0x00,0x1e,0x1e,0x00,0x1e,0x1e,
    0x00,0x1f,0xfe,0x00,0x3f,0xff,0x00,0x3f,0xff,0x00,0x7c,0x0f,0x00,0x78,0x07,0x80,0x78,0x07,0x80,0xf8,0x07,0x80,0xf0,0x07,
    0xc0,0x18,0x18,0x1c,0x78,0x1f,0xf0,0x0f,0xf0,0x07,0xc0,0x00,0x00,0x0f,0xe0,0x1f,0xf0,0x1f,0xf8,0x1c,0x7c,0x00,0x3c,0x00,
    0x3c,0x1f,0xfc,0x3f,0xfc,0x7c,0x3c,0x78,0x3c,0x78,0x7c,0x7c,0xfc,0x7f,0xfc,0x3f,0x9c,0x1f,0x1c,0x3f,0xf0,0x00,0x3f,0xfc,
    0x00,0x3f,0xfe,0x00,0x3e,0x3f,0x00,0x3c,0x0f,0x80,0x3c,0x07,0x80,0x3c,0x07,0x80,0x3e,0x07,0xc0,0x7f,0x83,0xc0,0x7f,0x83,
    0xc0,0x7f,0x83,0xc0,0x3c,0x07,0xc0,0x3c,0x07,0x80,0x3c,0x07,0x80,0x3c,0x0f,0x80,0x3e,0x3f,0x00,0x3f,0xfe,0x00,0x3f,0xfc,
    0x00,0x3f,0xf0,0x00,0x00,0x3e,0x00,0x00,0x3e,0x00,0x01,0xff,0x00,0x03,0xff,0x00,0x03,0xff,0x00,0x00,0x3e,0x00,0x00,0x1e,
    0x00,0x0f,0x9e,0x00,0x1f,0xfe,0x00,0x3f,0xfe,0x00,0x3c,0x3e,0x00,0x7c,0x3e,0x00,0x78,0x1e,0x00,0x78,0x1e,0x00,0x78,0x1e,
    0x00,0x78,0x1e,0x00,0x7c,0x3e,0x00,0x3e,0x7e,0x00,0x3f,0xfe,0x00,0x1f,0xde,0x00,0x0f,0x9e,0x00,0x00,0x00,0x3e,0x60,0x7f,
    0xe0,0x7f,0xe0,0x63,0xc0,0x00,0x00,0x3f,0xc0,0x3f,0xc0,0x3f,0xc0,0x0f,0x00,0x0f,0x00,0x0f,0x00,0x0f,0x00,0x0f,0x00,0x0f,
    0x00,0x0f,0x00,0x0f,0x00,0x0f,0x00,0x0f,0x00,0x0f,0x00,0x0f,0x00,0x0f,0x00,0x3f,0xc0,0x3f,0xc0,0x3f,0xc0,0x00,0x00,0x3e,
    0x60,0x7f,0xe0,0x7f,0xc0,0x63,0x80,0x00,0x00,0x0f,0x00,0x0f,0x00,0x0f,0x00,0x0f,0x00,0x0f,0x00,0x0f,0x00,0x0f,0x00,0x0f,
    0x00,0x0f,0x00,0x0f,0x00,0x0f,0x00,0x0f,0x00,0x0f,0x00,0x0f,0x00,0x0f,0x00,0x00,0x00,0x00,0x03,0xee,0x00,0x07,0xfe,0x00,
    0x07,0xfc,0x00,0x06,0x78,0x00,0x00,0x00,0x00,0x3c,0x07,0xc0,0x3c,0x07,0xc0,0x3c,0x07,0xc0,0x3c,0x07,0xc0,0x3c,0x07,0xc0,
    0x3c,0x07,0xc0,0x3c,0x07,0xc0,0x3c,0x07,0xc0,0x3c,0x07,0xc0,0x3c,0x07,0xc0,0x3c,0x07,0xc0,0x3c,0x07,0xc0,0x3c,0x07,0x80,
    0x3c,0x07,0x80,0x1e,0x07,0x80,0x1f,0x9f,0x80,0x0f,0xff,0x00,0x07,0xfe,0x00,0x03,0xf8,0x00,0x00,0x00,0x00,0x07,0xdc,0x00,
    0x0f,0xfc,0x00,0x1f,0xf8,0x00,0x1c,0xf0,0x00,0x00,0x00,0x00,0x3c,0x1e,0x00,0x3c,0x1e,0x00,0x3c,0x1e,0x00,0x3c,0x1e,0x00,
    0x3c,0x1e,0x00,0x3c,0x1e,0x00,0x3c,0x1e,0x00,0x3c,0x1e,0x00,0x3c,0x1e,0x00,0x3c,0x1e,0x00,0x3c,0x3e,0x00,0x3e,0x7e,0x00,
    0x3f,0xfe,0x00,0x1f,0xee,0x00,0x0f,0xce,0x00,0x00,0x00,0x3c,0x00,0x00,0x3c,0x01,0xfc,0x3c,0x07,0xff,0x38,0x0f,0xff,0xf8,
    0x1f,0x8f,0xf0,0x3e,0x03,0xe0,0x3e,0x03,0xe0,0x3c,0x01,0xe0,0x3c,0x01,0xe0,0x3c,0x01,0xe0,0x7c,0x01,0xe0,0x3c,0x01,0xe0,
    0x3c,0x01,0xe0,0x3c,0x01,0xe0,0x3e,0x03,0xe0,0x3e,0x03,0xc0,0x1f,0x8f,0xc0,0x0f,0xff,0x80,0x07,0xff,0x00,0x01,0xfc,0x00,
    0x00,0x01,0xe0,0x00,0x01,0xe0,0x07,0xe3,0xc0,0x1f,0xff,0xc0,0x1f,0xff,0x80,0x3e,0x7f,0x00,0x3c,0x3c,0x00,0x78,0x1e,0x00,
    0x78,0x1e,0x00,0x78,0x1e,0x00,0x78,0x1e,0x00,0x78,0x1e,0x00,0x3c,0x3e,0x00,0x3e,0x7c,0x00,0x1f,0xfc,0x00,0x0f,0xf8,0x00,
    0x07,0xe0,0x00,0x01,0xfc,0x1f,0x00,0x07,0xfe,0x7f,0xc0,0x0f,0xff,0xff,0xc0,0x1f,0x9f,0xe3,0xe0,0x3e,0x07,0xc1,0xe0,0x3c,
    0x03,0xc1,0xe0,0x3c,0x03,0xc1,0xe0,0x3c,0x03,0xe1,0xe0,0x3c,0x03,0xe1,0xe0,0x7c,0x03,0xe1,0xe0,0x3c,0x03,0xe1,0xe0,0x3c,
    0x03,0xe1,0xe0,0x3c,0x03,0xc1,0xe0,0x3c,0x03,0xc1,0xe0,0x3e,0x07,0xc1,0xe0,0x1f,0x9f,0x81,0xe0,0x0f,0xff,0x81,0xe0,0x07,
    0xfe,0x01,0xe0,0x01,0xfc,0x01,0xe0,0x07,0xe1,0xf0,0x1f,0xf7,0xf8,0x3f,0xff,0xfc,0x3e,0x7e,0x7c,0x3c,0x3c,0x3c,0x78,0x3c,
    0x3c,0x78,0x3c,0x3c,0x78,0x3c,0x3c,0x78,0x3c,0x3c,0x78,0x3c,0x3c,0x3c,0x3c,0x3c,0x3e,0x7c,0x3c,0x1f,0xf8,0x3c,0x1f,0xf0,
    0x3c,0x07,0xe0,0x3c,0x00,0x00,0x3c,0x00,0x00,0x3c,0x00,0x00,0x3c,0x00,0x00,0x3c,0x00,0x00,0x3c,0x00,0x00,0x3c,0x3f,0xfe,
    0x00,0x7f,0xff,0x80,0xff,0xff,0x80,0xf7,0xc7,0xc0,0xe7,0xc3,0xc0,0xe7,0xc3,0xc0,0x07,0xc3,0xc0,0x07,0xc3,0xc0,0x07,0xcf,
    0xc0,0x07,0xff,0x80,0x07,0xff,0x00,0x07,0xfe,0x00,0x07,0xc0,0x00,0x07,0xc0,0x00,0x07,0xc0,0x00,0x07,0xc0,0x00,0x07,0xc0,
    0x00,0x07,0xc0,0x00,0x07,0xc0,0x00,0x0f,0x00,0x1f,0x80,0x3f,0x80,0x3e,0x00,0x3c,0x00,0x3c,0x00,0x3c,0xf0,0x3f,0xf8,0x3f,
    0xfc,0x3f,0x3e,0x3e,0x1e,0x3c,0x1e,0x3c,0x1e,0x3c,0x1e,0x3c,0x1e,0x3c,0x1e,0x3e,0x1e,0x3f,0x3e,0x3f,0xfc,0x3f,0xf8,0x3d,
    0xf0,0x3c,0x00,0x3c,0x00,0x3c,0x00,0x3c,0x00,0x3c,0x00,0x3c,0x00,0x3c,0x00,0x00,0x3c,0x00,0x00,0x3e,0x00,0x00,0x3f,0xf0,
    0x00,0x3f,0xfc,0x00,0x3f,0xfe,0x00,0x3c,0x3e,0x00,0x3c,0x1e,0x00,0x3c,0x1e,0x00,0x3c,0x1e,0x00,0x3c,0x3e,0x00,0x3f,0xfc,
    0x00,0x3f,0xf8,0x00,0x3f,0xf0,0x00,0x3e,0xf8,0x00,0x3c,0x78,0x00,0x3c,0x3c,0x00,0x3c,0x3e,0x00,0x3c,0x1e,0x00,0x00,0x0f,
    0x00,0x00,0x0f,0x80,0x00,0x07,0x80,0x0f,0xc0,0x3f,0xf0,0x3f,0xf8,0x38,0xf8,0x00,0x78,0x00,0x78,0x00,0x78,0x01,0xf8,0x07,
    0xf0,0x1f,0xe0,0x3f,0x80,0x7e,0x00,0x7c,0x00,0x78,0x00,0x78,0x00,0x7c,0x38,0x3f,0xf8,0x1f,0xf8,0x0f,0xf0,0x1f,0xc0,0x7f,
    0xe0,0x3f,0xf0,0x39,0xf0,0x00,0xf0,0x01,0xf0,0x0f,0xe0,0x1f,0xc0,0x3f,0x00,0x7c,0x00,0x78,0x00,0x7c,0x70,0x7f,0xf0,0x3f,
    0xf0,0x1f,0xc0,0x7f,0xfc,0x7f,0xfc,0x7f,0xfc,0x3c,0x00,0x3e,0x00,0x1f,0x00,0x0f,0x80,0x07,0xc0,0x03,0xe0,0x01,0xe0,0x03,
    0xc0,0x07,0x80,0x0f,0x00,0x1e,0x00,0x3c,0x00,0x7c,0x00,0x7f,0xfe,0x7f,0xfe,0x7f,0xfe,0x3e,0x00,0x7f,0x00,0x77,0x80,0x67,
    0x80,0x7f,0x80,0x3f,0x80,0x07,0x80,0x07,0x80,0x07,0x80,0x07,0x80,0x07,0x80,0x07,0x80,0x07,0x80,0x07,0x80,0x07,0x80,0x07,
    0x80,0x07,0x80,0x07,0x80,0x07,0x80,0x07,0x80,0x07,0x80,0x07,0x80,0x07,0x80,0x07,0xc8,0x03,0xf8,0x03,0xf8,0x01,0xf8,0x0c,
    0x00,0x1c,0x00,0x1c,0x00,0x1c,0x00,0x3f,0xc0,0x7f,0xc0,0x7f,0xc0,0x3e,0x00,0x3c,0x00,0x3c,0x00,0x3c,0x00,0x3c,0x00,0x3c,
    0x00,0x3c,0x00,0x3c,0x00,0x3e,0x00,0x1f,0xe0,0x1f,0xe0,0x0f,0xe0,0x01,0xe0,0x01,0xe0,0x01,0xc0,0x07,0xc0,0x07,0xc0,0x07,
    0x80,0x3f,0xff,0x7f,0xff,0xff,0xff,0xf3,0xe0,0xe1,0xe0,0xe1,0xe0,0x01,0xe0,0x01,0xe0,0x01,0xe0,0x01,0xe0,0x01,0xe0,0x01,
    0xe0,0x01,0xe0,0x01,0xe0,0x01,0xe0,0x01,0xe0,0x01,0xe0,0x01,0xe0,0x01,0xe0,0x07,0xc0,0x1f,0xc0,0x1f,0xc0,0x3e,0x00,0x3c,
    0x00,0x3c,0x00,0x3f,0xc0,0x7f,0xc0,0x7f,0xc0,0x3e,0x00,0x3c,0x00,0x3c,0x00,0x3c,0x00,0x3c,0x00,0x3c,0x00,0x3c,0x00,0x3c,
    0x00,0x3e,0x40,0x1f,0xe0,0x1f,0xe0,0x0f,0xc0,0xff,0xfe,0xff,0xfe,0xff,0xfe,0x07,0xc0,0x07,0xc0,0x07,0xc0,0x07,0xc0,0x07,
    0xc0,0x07,0xc0,0x07,0xc0,0x07,0xc0,0x07,0xc0,0x07,0xc0,0x07,0xc0,0x07,0xc0,0x07,0xc0,0x07,0xc0,0x07,0xc0,0x07,0xc0,0x07,
    0xc0,0x03,0xc0,0x03,0xc0,0x03,0xf0,0x03,0xf0,0x00,0xf0,0x00,0x00,0x1e,0x00,0x00,0x1e,0x3c,0x07,0xde,0x3c,0x07,0xfc,0x3c,
    0x07,0xfc,0x3c,0x07,0xf8,0x3c,0x07,0xe0,0x3c,0x07,0xc0,0x3c,0x07,0xc0,0x3c,0x07,0xc0,0x3c,0x07,0xc0,0x3c,0x07,0xc0,0x3c,
    0x07,0xc0,0x3c,0x07,0xc0,0x3c,0x07,0x80,0x3c,0x07,0x80,0x1e,0x07,0x80,0x1f,0x9f,0x80,0x0f,0xff,0x00,0x07,0xfe,0x00,0x03,
    0xf8,0x00,0x00,0x00,0x78,0x00,0x00,0x78,0x3c,0x1e,0xf0,0x3c,0x1f,0xf0,0x3c,0x1f,0xe0,0x3c,0x1f,0x80,0x3c,0x1e,0x00,0x3c,
    0x1e,0x00,0x3c,0x1e,0x00,0x3c,0x1e,0x00,0x3c,0x1e,0x00,0x3c,0x1e,0x00,0x3c,0x3e,0x00,0x3e,0x7e,0x00,0x3f,0xfe,0x00,0x1f,
    0xee,0x00,0x0f,0xce,0x00,0x03,0xf0,0x00,0x03,0xf0,0x00,0x03,0xf0,0x00,0x07,0xf8,0x00,0x07,0xf8,0x00,0x07,0x38,0x00,0x0f,
    0x3c,0x00,0x0f,0x3c,0x00,0x0e,0x1c,0x00,0x1e,0x1e,0x00,0x1e,0x1e,0x00,0x1f,0xfe,0x00,0x3f,0xff,0x00,0x3f,0xff,0x00,0x7c,
    0x0f,0x00,0x78,0x07,0x80,0x78,0x07,0x80,0xf8,0x07,0x80,0xf0,0x07,0xc0,0x00,0x00,0x00,0x00,0x00,0x00,0x01,0xc0,0x00,0x01,
    0xe0,0x00,0x01,0xe0,0x00,0x01,0xc0,0x00,0x0f,0xe0,0x1f,0xf0,0x1f,0xf8,0x1c,0x7c,0x00,0x3c,0x00,0x3c,0x1f,0xfc,0x3f,0xfc,
    0x7c,0x3c,0x78,0x3c,0x78,0x7c,0x7c,0xfc,0x7f,0xfc,0x3f,0x9c,0x1f,0x1c,0x00,0x00,0x00,0x00,0x03,0x80,0x03,0xc0,0x03,0xc0,
    0x03,0x80,0x01,0xe0,0x00,0x03,0xf0,0x00,0x00,0x70,0x00,0x00,0x70,0x00,0x00,0xf0,0x00,0x00,0xe0,0x00,0x00,0xc0,0x00,0x00,
    0x00,0x00,0x03,0xf0,0x00,0x03,0xf0,0x00,0x03,0xf0,0x00,0x07,0xf8,0x00,0x07,0xf8,0x00,0x07,0x38,0x00,0x0f,0x3c,0x00,0x0f,
    0x3c,0x00,0x0e,0x1c,0x00,0x1e,0x1e,0x00,0x1e,0x1e,0x00,0x1f,0xfe,0x00,0x3f,0xff,0x00,0x3f,0xff,0x00,0x7c,0x0f,0x00,0x78,
    0x07,0x80,0x78,0x07,0x80,0xf8,0x07,0x80,0xf0,0x07,0xc0,0x07,0xc0,0x07,0xe0,0x00,0xe0,0x00,0xe0,0x01,0xe0,0x03,0xc0,0x01,
    0x80,0x00,0x00,0x0f,0xe0,0x1f,0xf0,0x1f,0xf8,0x1c,0x7c,0x00,0x3c,0x00,0x3c,0x1f,0xfc,0x3f,0xfc,0x7c,0x3c,0x78,0x3c,0x78,
    0x7c,0x7c,0xfc,0x7f,0xfc,0x3f,0x9c,0x1f,0x1c,0x00,0x00,0x00,0x00,0x03,0x80,0x01,0xe7,0x00,0x03,0xf6,0x00,0x07,0xf0,0x00,
    0x07,0x38,0x00,0x04,0x08,0x00,0x00,0x00,0x00,0x03,0xf0,0x00,0x03,0xf0,0x00,0x03,0xf0,0x00,0x07,0xf8,0x00,0x07,0xf8,0x00,
    0x07,0x38,0x00,0x0f,0x3c,0x00,0x0f,0x3c,0x00,0x0e,0x1c,0x00,0x1e,0x1e,0x00,0x1e,0x1e,0x00,0x1f,0xfe,0x00,0x3f,0xff,0x00,
    0x3f,0xff,0x00,0x7c,0x0f,0x00,0x78,0x07,0x80,0x78,0x07,0x80,0xf8,0x07,0x80,0xf0,0x07,0xc0,0x00,0x00,0x00,0x00,0x07,0x00,
    0x07,0xce,0x00,0x07,0xfc,0x00,0x0f,0xe0,0x00,0x0e,0x70,0x00,0x18,0x30,0x00,0x00,0x00,0x00,0x0f,0xe0,0x00,0x1f,0xf0,0x00,
    0x1f,0xf8,0x00,0x1c,0x7c,0x00,0x00,0x3c,0x00,0x00,0x3c,0x00,0x1f,0xfc,0x00,0x3f,0xfc,0x00,0x7c,0x3c,0x00,0x78,0x3c,0x00,
    0x78,0x7c,0x00,0x7c,0xfc,0x00,0x7f,0xfc,0x00,0x3f,0x9c,0x00,0x1f,0x1c,0x00,0x00,0x00,0x00,0x70,0x00,0x00,0x39,0xe0,0x00,
    0x1b,0xf0,0x00,0x07,0xf0,0x00,0x07,0x38,0x00,0x04,0x08,0x00,0x00,0x00,0x00,0x03,0xf0,0x00,0x03,0xf0,0x00,0x03,0xf0,0x00,
    0x07,0xf8,0x00,0x07,0xf8,0x00,0x07,0x38,0x00,0x0f,0x3c,0x00,0x0f,0x3c,0x00,0x0e,0x1c,0x00,0x1e,0x1e,0x00,0x1e,0x1e,0x00,
    0x1f,0xfe,0x00,0x3f,0xff,0x00,0x3f,0xff,0x00,0x7c,0x0f,0x00,0x78,0x07,0x80,0x78,0x07,0x80,0xf8,0x07,0x80,0xf0,0x07,0xc0,
    0x00,0x00,0x00,0x70,0x00,0x00,0x3b,0xe0,0x00,0x1b,0xf0,0x00,0x07,0xf0,0x00,0x07,0x38,0x00,0x0c,0x18,0x00,0x00,0x00,0x00,
    0x07,0xf0,0x00,0x0f,0xf8,0x00,0x0f,0xfc,0x00,0x0e,0x3e,0x00,0x00,0x1e,0x00,0x00,0x1e,0x00,0x0f,0xfe,0x00,0x1f,0xfe,0x00,
    0x3e,0x1e,0x00,0x3c,0x1e,0x00,0x3c,0x3e,0x00,0x3e,0x7e,0x00,0x3f,0xfe,0x00,0x1f,0xce,0x00,0x0f,0x8e,0x00,0x00,0x0f,0x00,
    0x00,0x0f,0x00,0x00,0x03,0x00,0x01,0xe7,0x00,0x03,0xf6,0x00,0x07,0xf8,0x00,0x07,0x38,0x00,0x04,0x08,0x00,0x00,0x00,0x00,
    0x03,0xf0,0x00,0x03,0xf0,0x00,0x03,0xf0,0x00,0x07,0xf8,0x00,0x07,0xf8,0x00,0x07,0x38,0x00,0x0f,0x3c,0x00,0x0f,0x3c,0x00,
    0x0e,0x1c,0x00,0x1e,0x1e,0x00,0x1e,0x1e,0x00,0x1f,0xfe,0x00,0x3f,0xff,0x00,0x3f,0xff,0x00,0x7c,0x0f,0x00,0x78,0x07,0x80,
    0x78,0x07,0x80,0xf8,0x07,0x80,0xf0,0x07,0xc0,0x00,0x1c,0x00,0x1e,0x00,0x06,0x07,0xce,0x07,0xec,0x0f,0xe0,0x0e,0x70,0x18,
    0x30,0x00,0x00,0x0f,0xe0,0x1f,0xf0,0x1f,0xf8,0x1c,0x7c,0x00,0x3c,0x00,0x3c,0x1f,0xfc,0x3f,0xfc,0x7c,0x3c,0x78,0x3c,0x78,
    0x7c,0x7c,0xfc,0x7f,0xfc,0x3f,0x9c,0x1f,0x1c,0x03,0x8c,0x00,0x07,0xf8,0x00,0x0c,0x70,0x00,0x00,0x00,0x00,0x01,0xe0,0x00,
    0x03,0xf0,0x00,0x07,0x38,0x00,0x04,0x08,0x00,0x00,0x00,0x00,0x03,0xf0,0x00,0x03,0xf0,0x00,0x03,0xf0,0x00,0x07,0xf8,0x00,
    0x07,0xf8,0x00,0x07,0x38,0x00,0x0f,0x3c,0x00,0x0f,0x3c,0x00,0x0e,0x1c,0x00,0x1e,0x1e,0x00,0x1e,0x1e,0x00,0x1f,0xfe,0x00,
    0x3f,0xff,0x00,0x3f,0xff,0x00,0x7c,0x0f,0x00,0x78,0x07,0x80,0x78,0x07,0x80,0xf8,0x07,0x80,0xf0,0x07,0xc0,0x0f,0x10,0x0f,
    0xf0,0x18,0xe0,0x03,0xc0,0x07,0xe0,0x0f,0xe0,0x1c,0x70,0x08,0x10,0x00,0x00,0x0f,0xe0,0x1f,0xf0,0x1f,0xf8,0x1c,0x7c,0x00,
    0x3c,0x00,0x3c,0x1f,0xfc,0x3f,0xfc,0x7c,0x3c,0x78,0x3c,0x78,0x7c,0x7c,0xfc,0x7f,0xfc,0x3f,0x9c,0x1f,0x1c,0x01,0xe0,0x00,
    0x03,0xf0,0x00,0x07,0xf8,0x00,0x0f,0x3c,0x00,0x0e,0x1c,0x00,0x00,0x00,0x00,0x03,0xf0,0x00,0x03,0xf0,0x00,0x03,0xf0,0x00,
    0x07,0xf8,0x00,0x07,0xf8,0x00,0x07,0x38,0x00,0x0f,0x3c,0x00,0x0f,0x3c,0x00,0x0e,0x1c,0x00,0x1e,0x1e,0x00,0x1e,0x1e,0x00,
    0x1f,0xfe,0x00,0x3f,0xff,0x00,0x3f,0xff,0x00,0x7c,0x0f,0x00,0x78,0x07,0x80,0x78,0x07,0x80,0xf8,0x07,0x80,0xf0,0x07,0xc0,
    0x00,0x00,0x00,0x00,0x00,0x00,0x01,0xe0,0x00,0x01,0xe0,0x00,0x01,0xe0,0x00,0x01,0xc0,0x00,0x03,0xc0,0x07,0xe0,0x0f,0xf0,
    0x1e,0x70,0x3c,0x38,0x00,0x00,0x0f,0xe0,0x1f,0xf0,0x1f,0xf8,0x1c,0x7c,0x00,0x3c,0x00,0x3c,0x1f,0xfc,0x3f,0xfc,0x7c,0x3c,
    0x78,0x3c,0x78,0x7c,0x7c,0xfc,0x7f,0xfc,0x3f,0x9c,0x1f,0x1c,0x00,0x00,0x00,0x00,0x03,0x80,0x07,0xc0,0x07,0xc0,0x03,0x80,
    0x00,0x70,0x00,0x04,0xe8,0x00,0x06,0xdc,0x00,0x06,0x38,0x00,0x07,0xf8,0x00,0x03,0xf0,0x00,0x00,0x00,0x00,0x00,0x00,0x00,
    0x03,0xf0,0x00,0x03,0xf0,0x00,0x03,0xf0,0x00,0x07,0xf8,0x00,0x07,0xf8,0x00,0x07,0x38,0x00,0x0f,0x3c,0x00,0x0f,0x3c,0x00,
    0x0e,0x1c,0x00,0x1e,0x1e,0x00,0x1e,0x1e,0x00,0x1f,0xfe,0x00,0x3f,0xff,0x00,0x3f,0xff,0x00,0x7c,0x0f,0x00,0x78,0x07,0x80,
    0x78,0x07,0x80,0xf8,0x07,0x80,0xf0,0x07,0xc0,0x00,0xe0,0x01,0xc0,0x19,0xb0,0x1c,0x70,0x0f,0xf0,0x07,0xe0,0x00,0x00,0x00,
    0x00,0x0f,0xe0,0x1f,0xf0,0x1f,0xf8,0x18,0x7c,0x00,0x3c,0x00,0x3c,0x1f,0xfc,0x3f,0xfc,0x7c,0x3c,0x78,0x3c,0x78,0x3c,0x7c,
    0x7c,0x7f,0xfc,0x3f,0xfc,0x1f,0x1c,0x03,0x80,0x00,0x05,0xc8,0x00,0x0e,0xd8,0x00,0x06,0x38,0x00,0x07,0xf8,0x00,0x03,0xf0,
    0x00,0x00,0x00,0x00,0x00,0x00,0x00,0x03,0xf0,0x00,0x03,0xf0,0x00,0x03,0xf0,0x00,0x07,0xf8,0x00,0x07,0xf8,0x00,0x07,0x38,
    0x00,0x0f,0x3c,0x00,0x0f,0x3c,0x00,0x0e,0x1c,0x00,0x1e,0x1e,0x00,0x1e,0x1e,0x00,0x1f,0xfe,0x00,0x3f,0xff,0x00,0x3f,0xff,
    0x00,0x7c,0x0f,0x00,0x78,0x07,0x80,0x78,0x07,0x80,0xf8,0x07,0x80,0xf0,0x07,0xc0,0x07,0x00,0x03,0x00,0x19,0xb0,0x1c,0x70,
    0x0f,0xf0,0x07,0xe0,0x00,0x00,0x00,0x00,0x0f,0xe0,0x1f,0xf0,0x1f,0xf8,0x18,0x7c,0x00,0x3c,0x00,0x3c,0x1f,0xfc,0x3f,0xfc,
    0x7c,0x3c,0x78,0x3c,0x78,0x3c,0x7c,0x7c,0x7f,0xfc,0x3f,0xfc,0x1f,0x1c,0x01,0xc0,0x00,0x00,0x60,0x00,0x00,0xe0,0x00,0x0e,
    0xdc,0x00,0x06,0x38,0x00,0x07,0xf8,0x00,0x03,0xf0,0x00,0x00,0x00,0x00,0x00,0x00,0x00,0x03,0xf0,0x00,0x03,0xf0,0x00,0x03,
    0xf0,0x00,0x07,0xf8,0x00,0x07,0xf8,0x00,0x07,0x38,0x00,0x0f,0x3c,0x00,0x0f,0x3c,0x00,0x0e,0x1c,0x00,0x1e,0x1e,0x00,0x1e,
    0x1e,0x00,0x1f,0xfe,0x00,0x3f,0xff,0x00,0x3f,0xff,0x00,0x7c,0x0f,0x00,0x78,0x07,0x80,0x78,0x07,0x80,0xf8,0x07,0x80,0xf0,
    0x07,0xc0,0x03,0x80,0x00,0xc0,0x01,0xc0,0x19,0xb0,0x1c,0x70,0x0f,0xf0,0x07,0xe0,0x00,0x00,0x00,0x00,0x0f,0xe0,0x1f,0xf0,
    0x1f,0xf8,0x18,0x7c,0x00,0x3c,0x00,0x3c,0x1f,0xfc,0x3f,0xfc,0x7c,0x3c,0x78,0x3c,0x78,0x3c,0x7c,0x7c,0x7f,0xfc,0x3f,0xfc,
    0x1f,0x1c,0x03,0xcc,0x00,0x07,0xf8,0x00,0x04,0x78,0x00,0x04,0x08,0x00,0x06,0x18,0x00,0x07,0xf8,0x00,0x03,0xf0,0x00,0x00,
    0x00,0x00,0x00,0x00,0x00,0x03,0xf0,0x00,0x03,0xf0,0x00,0x03,0xf0,0x00,0x07,0xf8,0x00,0x07,0xf8,0x00,0x07,0x38,0x00,0x0f,
    0x3c,0x00,0x0f,0x3c,0x00,0x0e,0x1c,0x00,0x1e,0x1e,0x00,0x1e,0x1e,0x00,0x1f,0xfe,0x00,0x3f,0xff,0x00,0x3f,0xff,0x00,0x7c,
    0x0f,0x00,0x78,0x07,0x80,0x78,0x07,0x80,0xf8,0x07,0x80,0xf0,0x07,0xc0,0x07,0x18,0x0f,0xf0,0x18,0xe0,0x18,0x30,0x0c,0x30,
    0x0f,0xf0,0x07,0xe0,0x00,0x00,0x00,0x00,0x0f,0xe0,0x1f,0xf0,0x1f,0xf8,0x18,0x7c,0x00,0x3c,0x00,0x3c,0x1f,0xfc,0x3f,0xfc,
    0x7c,0x3c,0x78,0x3c,0x78,0x3c,0x7c,0x7c,0x7f,0xfc,0x3f,0xfc,0x1f,0x1c,0x0c,0x0c,0x00,0x0e,0x1c,0x00,0x0f,0xfc,0x00,0x07,
    0xf8,0x00,0x03,0xf0,0x00,0x00,0x00,0x00,0x03,0xf0,0x00,0x03,0xf0,0x00,0x03,0xf0,0x00,0x07,0xf8,0x00,0x07,0xf8,0x00,0x07,
    0x38,0x00,0x0f,0x3c,0x00,0x0f,0x3c,0x00,0x0e,0x1c,0x00,0x1e,0x1e,0x00,0x1e,0x1e,0x00,0x1f,0xfe,0x00,0x3f,0xff,0x00,0x3f,
    0xff,0x00,0x7c,0x0f,0x00,0x78,0x07,0x80,0x78,0x07,0x80,0xf8,0x07,0x80,0xf0,0x07,0xc0,0x00,0x00,0x00,0x00,0x00,0x00,0x01,
    0xe0,0x00,0x01,0xe0,0x00,0x01,0xe0,0x00,0x01,0xc0,0x00,0x18,0x18,0x1c,0x78,0x1f,0xf0,0x0f,0xf0,0x07,0xc0,0x00,0x00,0x0f,
    0xe0,0x1f,0xf0,0x1f,0xf8,0x1c,0x7c,0x00,0x3c,0x00,0x3c,0x1f,0xfc,0x3f,0xfc,0x7c,0x3c,0x78,0x3c,0x78,0x7c,0x7c,0xfc,0x7f,
    0xfc,0x3f,0x9c,0x1f,0x1c,0x00,0x00,0x00,0x00,0x03,0x80,0x07,0xc0,0x07,0xc0,0x03,0x80,0x3f,0xf8,0x3f,0xf8,0x3f,0xf8,0x3e,
    0x00,0x3c,0x00,0x3c,0x00,0x3c,0x00,0x3f,0xf8,0x3f,0xf8,0x3f,0xf8,0x3e,0x00,0x3c,0x00,0x3c,0x00,0x3c,0x00,0x3c,0x00,0x3e,
    0x00,0x3f,0xf8,0x3f,0xf8,0x3f,0xf8,0x00,0x00,0x00,0x00,0x03,0x80,0x03,0xc0,0x03,0xc0,0x03,0x80,0x07,0xe0,0x1f,0xf0,0x1f,
    0xf8,0x3e,0x7c,0x3c,0x3c,0x78,0x3c,0x7f,0xfc,0x7f,0xfc,0x7f,0xfc,0x78,0x00,0x3c,0x00,0x3e,0x18,0x1f,0xfc,0x0f,0xf8,0x07,
    0xf0,0x00,0x00,0x00,0x00,0x03,0x80,0x03,0xc0,0x03,0xc0,0x03,0x80,0x07,0xc0,0x07,0xe0,0x00,0xe0,0x00,0xe0,0x01,0xe0,0x03,
    0xc0,0x01,0x80,0x00,0x00,0x3f,0xf8,0x3f,0xf8,0x3f,0xf8,0x3e,0x00,0x3c,0x00,0x3c,0x00,0x3c,0x00,0x3f,0xf8,0x3f,0xf8,0x3f,
    0xf8,0x3e,0x00,0x3c,0x00,0x3c,0x00,0x3c,0x00,0x3c,0x00,0x3e,0x00,0x3f,0xf8,0x3f,0xf8,0x3f,0xf8,0x03,0xc0,0x07,0xe0,0x00,
    0xe0,0x00,0xe0,0x01,0xe0,0x01,0xc0,0x01,0x80,0x00,0x00,0x07,0xe0,0x1f,0xf0,0x1f,0xf8,0x3e,0x7c,0x3c,0x3c,0x78,0x3c,0x7f,
    0xfc,0x7f,0xfc,0x7f,0xfc,0x78,0x00,0x3c,0x00,0x3e,0x18,0x1f,0xfc,0x0f,0xf8,0x07,0xf0,0x00,0x00,0x0f,0xb8,0x1f,0xf8,0x1f,
    0xf0,0x19,0xe0,0x00,0x00,0x3f,0xf8,0x3f,0xf8,0x3f,0xf8,0x3e,0x00,0x3c,0x00,0x3c,0x00,0x3c,0x00,0x3f,0xf8,0x3f,0xf8,0x3f,
    0xf8,0x3e,0x00,0x3c,0x00,0x3c,0x00,0x3c,0x00,0x3c,0x00,0x3e,0x00,0x3f,0xf8,0x3f,0xf8,0x3f,0xf8,0x00,0x00,0x0f,0xb8,0x1f,
    0xf8,0x1f,0xf0,0x39,0xe0,0x00,0x00,0x07,0xe0,0x1f,0xf0,0x1f,0xf8,0x3e,0x7c,0x3c,0x3c,0x78,0x3c,0x7f,0xfc,0x7f,0xfc,0x7f,
    0xfc,0x78,0x00,0x3c,0x00,0x3e,0x18,0x1f,0xfc,0x0f,0xf8,0x07,0xf0,0x00,0x00,0x00,0x00,0x07,0x00,0x03,0xce,0x00,0x07,0xfc,
    0x00,0x0f,0xe0,0x00,0x1c,0x70,0x00,0x18,0x30,0x00,0x00,0x00,0x00,0x3f,0xf8,0x00,0x3f,0xf8,0x00,0x3f,0xf8,0x00,0x3e,0x00,
    0x00,0x3c,0x00,0x00,0x3c,0x00,0x00,0x3c,0x00,0x00,0x3f,0xf8,0x00,0x3f,0xf8,0x00,0x3f,0xf8,0x00,0x3e,0x00,0x00,0x3c,0x00,
    0x00,0x3c,0x00,0x00,0x3c,0x00,0x00,0x3c,0x00,0x00,0x3e,0x00,0x00,0x3f,0xf8,0x00,0x3f,0xf8,0x00,0x3f,0xf8,0x00,0x00,0x00,
    0x00,0x00,0x07,0x00,0x07,0xce,0x00,0x07,0xec,0x00,0x0f,0xe0,0x00,0x0e,0x70,0x00,0x18,0x30,0x00,0x00,0x00,0x00,0x07,0xe0,
    0x00,0x1f,0xf0,0x00,0x1f,0xf8,0x00,0x3e,0x7c,0x00,0x3c,0x3c,0x00,0x78,0x3c,0x00,0x7f,0xfc,0x00,0x7f,0xfc,0x00,0x7f,0xfc,
    0x00,0x78,0x00,0x00,0x3c,0x00,0x00,0x3e,0x18,0x00,0x1f,0xfc,0x00,0x0f,0xf8,0x00,0x07,0xf0,0x00,0x00,0x00,0x70,0x00,0x31,
    0xe0,0x1b,0xf0,0x07,0xf0,0x0f,0x38,0x0c,0x08,0x00,0x00,0x1f,0xfc,0x1f,0xfc,0x1f,0xfc,0x1f,0x00,0x1e,0x00,0x1e,0x00,0x1e,
    0x00,0x1f,0xfc,0x1f,0xfc,0x1f,0xfc,0x1f,0x00,0x1e,0x00,0x1e,0x00,0x1e,0x00,0x1e,0x00,0x1f,0x00,0x1f,0xfc,0x1f,0xfc,0x1f,
    0xfc,0x00,0x00,0x70,0x00,0x39,0xe0,0x1b,0xf0,0x07,0xf8,0x07,0x38,0x06,0x1c,0x00,0x00,0x03,0xf0,0x0f,0xf8,0x0f,0xfc,0x1f,
    0x3e,0x1e,0x1e,0x3c,0x1e,0x3f,0xfe,0x3f,0xfe,0x3f,0xfe,0x3c,0x00,0x1e,0x00,0x1f,0x0c,0x0f,0xfe,0x07,0xfc,0x03,0xf8,0x00,
    0x1c,0x00,0x1e,0x00,0x06,0x07,0xcc,0x07,0xe8,0x0f,0xe0,0x1c,0x70,0x00,0x00,0x00,0x00,0x3f,0xf8,0x3f,0xf8,0x3f,0xf8,0x3e,
    0x00,0x3c,0x00,0x3c,0x00,0x3c,0x00,0x3f,0xf8,0x3f,0xf8,0x3f,0xf8,0x3e,0x00,0x3c,0x00,0x3c,0x00,0x3c,0x00,0x3c,0x00,0x3e,
    0x00,0x3f,0xf8,0x3f,0xf8,0x3f,0xf8,0x00,0x1c,0x00,0x1e,0x00,0x06,0x07,0xce,0x07,0xec,0x0f,0xf0,0x0e,0x70,0x18,0x10,0x00,
    0x00,0x07,0xe0,0x1f,0xf0,0x1f,0xf8,0x3e,0x7c,0x3c,0x3c,0x78,0x3c,0x7f,0xfc,0x7f,0xfc,0x7f,0xfc,0x78,0x00,0x3c,0x00,0x3e,
    0x18,0x1f,0xfc,0x0f,0xf8,0x07,0xf0,0x0f,0x30,0x0f,0xf0,0x18,0xe0,0x00,0x00,0x07,0xc0,0x0f,0xe0,0x0c,0x70,0x18,0x10,0x00,
    0x00,0x3f,0xf8,0x3f,0xf8,0x3f,0xf8,0x3e,0x00,0x3c,0x00,0x3c,0x00,0x3c,0x00,0x3f,0xf8,0x3f,0xf8,0x3f,0xf8,0x3e,0x00,0x3c,
    0x00,0x3c,0x00,0x3c,0x00,0x3c,0x00,0x3e,0x00,0x3f,0xf8,0x3f,0xf8,0x3f,0xf8,0x07,0x18,0x0f,0xf0,0x18,0xe0,0x03,0xc0,0x07,
    0xe0,0x0f,0xe0,0x0c,0x70,0x00,0x00,0x00,0x00,0x07,0xe0,0x1f,0xf0,0x1f,0xf8,0x3e,0x7c,0x3c,0x3c,0x78,0x3c,0x7f,0xfc,0x7f,
    0xfc,0x7f,0xfc,0x78,0x00,0x3c,0x00,0x3e,0x18,0x1f,0xfc,0x0f,0xf8,0x07,0xf0,0x03,0xc0,0x07,0xe0,0x0f,0xf0,0x1e,0x70,0x3c,
    0x38,0x00,0x00,0x3f,0xf8,0x3f,0xf8,0x3f,0xf8,0x3e,0x00,0x3c,0x00,0x3c,0x00,0x3c,0x00,0x3f,0xf8,0x3f,0xf8,0x3f,0xf8,0x3e,
    0x00,0x3c,0x00,0x3c,0x00,0x3c,0x00,0x3c,0x00,0x3e,0x00,0x3f,0xf8,0x3f,0xf8,0x3f,0xf8,0x00,0x00,0x00,0x00,0x03,0x80,0x03,
    0xc0,0x03,0xc0,0x03,0x80,0x03,0xc0,0x07,0xe0,0x0f,0xe0,0x1e,0x70,0x3c,0x38,0x00,0x00,0x07,0xe0,0x1f,0xf0,0x1f,0xf8,0x3e,
    0x7c,0x3c,0x3c,0x78,0x3c,0x7f,0xfc,0x7f,0xfc,0x7f,0xfc,0x78,0x00,0x3c,0x00,0x3e,0x18,0x1f,0xfc,0x0f,0xf8,0x07,0xf0,0x00,
    0x00,0x00,0x00,0x03,0x80,0x03,0xc0,0x03,0xc0,0x03,0x80,0x1e,0x00,0x3f,0x00,0x07,0x00,0x07,0x00,0x0f,0x00,0x0e,0x00,0x0c,
    0x00,0x00,0x00,0x7f,0x80,0x7f,0x80,0x7f,0x80,0x1e,0x00,0x1e,0x00,0x1e,0x00,0x1e,0x00,0x1e,0x00,0x1e,0x00,0x1e,0x00,0x1e,
    0x00,0x1e,0x00,0x1e,0x00,0x1e,0x00,0x1e,0x00,0x1e,0x00,0x7f,0x80,0x7f,0x80,0x7f,0x80,0x00,0x7c,0x7e,0x0e,0x0e,0x1c,0x18,
    0x00,0x3c,0x3c,0x3c,0x3c,0x3c,0x3c,0x3c,0x3c,0x3c,0x3c,0x3c,0x3c,0x3c,0x3c,0x3c,0x7f,0x80,0x7f,0x80,0x7f,0x80,0x1e,0x00,
    0x1e,0x00,0x1e,0x00,0x1e,0x00,0x1e,0x00,0x1e,0x00,0x1e,0x00,0x1e,0x00,0x1e,0x00,0x1e,0x00,0x1e,0x00,0x1e,0x00,0x1e,0x00,
    0x7f,0x80,0x7f,0x80,0x7f,0x80,0x00,0x00,0x00,0x00,0x1e,0x00,0x1e,0x00,0x1e,0x00,0x0e,0x00,0x3c,0x3c,0x3c,0x38,0x00,0x00,
    0x3c,0x3c,0x3c,0x3c,0x3c,0x3c,0x3c,0x3c,0x3c,0x3c,0x3c,0x3c,0x3c,0x3c,0x3c,0x00,0x00,0x3c,0x3c,0x3c,0x3c,0x01,0xfc,0x00,
    0x07,0xff,0x00,0x0f,0xff,0x80,0x1f,0x8f,0xc0,0x3e,0x03,0xc0,0x3e,0x03,0xe0,0x3c,0x01,0xe0,0x3c,0x01,0xe0,0x3c,0x01,0xe0,
    0x7c,0x01,0xe0,0x3c,0x01,0xe0,0x3c,0x01,0xe0,0x3c,0x01,0xe0,0x3e,0x03,0xe0,0x3e,0x03,0xc0,0x1f,0x8f,0xc0,0x0f,0xff,0x80,
    0x07,0xff,0x00,0x01,0xfc,0x00,0x00,0x00,0x00,0x00,0x00,0x00,0x00,0x70,0x00,0x00,0xf0,0x00,0x00,0xf0,0x00,0x00,0x70,0x00,
    0x07,0xe0,0x1f,0xf8,0x1f,0xf8,0x3e,0x7c,0x3c,0x3c,0x78,0x1e,0x78,0x1e,0x78,0x1e,0x78,0x1e,0x78,0x1e,0x3c,0x3e,0x3e,0x7c,
    0x1f,0xfc,0x0f,0xf8,0x07,0xe0,0x00,0x00,0x00,0x00,0x03,0xc0,0x03,0xc0,0x03,0xc0,0x03,0xc0,0x00,0xf0,0x00,0x00,0xf8,0x00,
    0x00,0x3c,0x00,0x00,0x3c,0x00,0x00,0x78,0x00,0x00,0x70,0x00,0x00,0x70,0x00,0x00,0x00,0x00,0x01,0xfc,0x00,0x07,0xff,0x00,
    0x0f,0xff,0x80,0x1f,0x8f,0xc0,0x3e,0x03,0xc0,0x3e,0x03,0xe0,0x3c,0x01,0xe0,0x3c,0x01,0xe0,0x3c,0x01,0xe0,0x7c,0x01,0xe0,
    0x3c,0x01,0xe0,0x3c,0x01,0xe0,0x3c,0x01,0xe0,0x3e,0x03,0xe0,0x3e,0x03,0xc0,0x1f,0x8f,0xc0,0x0f,0xff,0x80,0x07,0xff,0x00,
    0x01,0xfc,0x00,0x03,0xc0,0x07,0xe0,0x00,0xe0,0x00,0xe0,0x01,0xe0,0x01,0xc0,0x01,0x80,0x00,0x00,0x07,0xe0,0x1f,0xf8,0x1f,
    0xf8,0x3e,0x7c,0x3c,0x3c,0x78,0x1e,0x78,0x1e,0x78,0x1e,0x78,0x1e,0x78,0x1e,0x3c,0x3e,0x3e,0x7c,0x1f,0xfc,0x0f,0xf8,0x07,
    0xe0,0x00,0x01,0xe0,0x00,0x01,0xc0,0x00,0xfb,0x80,0x01,0xf8,0x00,0x03,0xdc,0x00,0x03,0x8e,0x00,0x02,0x04,0x00,0x00,0x00,
    0x00,0x01,0xfc,0x00,0x07,0xff,0x00,0x0f,0xff,0x80,0x1f,0x8f,0xc0,0x3e,0x03,0xc0,0x3e,0x03,0xe0,0x3c,0x01,0xe0,0x3c,0x01,
    0xe0,0x3c,0x01,0xe0,0x7c,0x01,0xe0,0x3c,0x01,0xe0,0x3c,0x01,0xe0,0x3c,0x01,0xe0,0x3e,0x03,0xe0,0x3e,0x03,0xc0,0x1f,0x8f,
    0xc0,0x0f,0xff,0x80,0x07,0xff,0x00,0x01,0xfc,0x00,0x00,0x00,0x00,0x00,0x07,0x00,0x03,0xce,0x00,0x07,0xec,0x00,0x0f,0xf0,
    0x00,0x0e,0x70,0x00,0x18,0x30,0x00,0x00,0x00,0x00,0x07,0xe0,0x00,0x1f,0xf8,0x00,0x1f,0xf8,0x00,0x3e,0x7c,0x00,0x3c,0x3c,
    0x00,0x78,0x1e,0x00,0x78,0x1e,0x00,0x78,0x1e,0x00,0x78,0x1e,0x00,0x78,0x1e,0x00,0x3c,0x3e,0x00,0x3e,0x7c,0x00,0x1f,0xfc,
    0x00,0x0f,0xf8,0x00,0x07,0xe0,0x00,0x38,0x00,0x00,0x1c,0x00,0x00,0x0c,0xf8,0x00,0x01,0xf8,0x00,0x03,0xdc,0x00,0x03,0x8e,
    0x00,0x02,0x06,0x00,0x00,0x00,0x00,0x01,0xfc,0x00,0x07,0xff,0x00,0x0f,0xff,0x80,0x1f,0x8f,0xc0,0x3e,0x03,0xc0,0x3e,0x03,
    0xe0,0x3c,0x01,0xe0,0x3c,0x01,0xe0,0x3c,0x01,0xe0,0x7c,0x01,0xe0,0x3c,0x01,0xe0,0x3c,0x01,0xe0,0x3c,0x01,0xe0,0x3e,0x03,
    0xe0,0x3e,0x03,0xc0,0x1f,0x8f,0xc0,0x0f,0xff,0x80,0x07,0xff,0x00,0x01,0xfc,0x00,0x00,0x00,0x00,0x70,0x00,0x00,0x39,0xe0,
    0x00,0x1b,0xf0,0x00,0x07,0xf8,0x00,0x07,0x38,0x00,0x06,0x1c,0x00,0x00,0x00,0x00,0x03,0xf0,0x00,0x0f,0xfc,0x00,0x0f,0xfc,
    0x00,0x1f,0x3e,0x00,0x1e,0x1e,0x00,0x3c,0x0f,0x00,0x3c,0x0f,0x00,0x3c,0x0f,0x00,0x3c,0x0f,0x00,0x3c,0x0f,0x00,0x1e,0x1f,
    0x00,0x1f,0x3e,0x00,0x0f,0xfe,0x00,0x07,0xfc,0x00,0x03,0xf0,0x00,0x00,0x03,0x80,0x00,0x03,0x80,0x00,0x01,0xc0,0x00,0xfb,
    0x80,0x01,0xfb,0x00,0x01,0xfc,0x00,0x03,0x8e,0x00,0x03,0x06,0x00,0x00,0x00,0x00,0x01,0xfc,0x00,0x07,0xff,0x00,0x0f,0xff,
    0x80,0x1f,0x8f,0xc0,0x3e,0x03,0xc0,0x3e,0x03,0xe0,0x3c,0x01,0xe0,0x3c,0x01,0xe0,0x3c,0x01,0xe0,0x7c,0x01,0xe0,0x3c,0x01,
    0xe0,0x3c,0x01,0xe0,0x3c,0x01,0xe0,0x3e,0x03,0xe0,0x3e,0x03,0xc0,0x1f,0x8f,0xc0,0x0f,0xff,0x80,0x07,0xff,0x00,0x01,0xfc,
    0x00,0x00,0x1c,0x00,0x1e,0x00,0x06,0x03,0xce,0x07,0xec,0x0f,0xf0,0x0e,0x70,0x08,0x10,0x00,0x00,0x07,0xe0,0x1f,0xf8,0x1f,
    0xf8,0x3e,0x7c,0x3c,0x3c,0x78,0x1e,0x78,0x1e,0x78,0x1e,0x78,0x1e,0x78,0x1e,0x3c,0x3e,0x3e,0x7c,0x1f,0xfc,0x0f,0xf8,0x07,
    0xe0,0x01,0xe6,0x00,0x03,0xfe,0x00,0x03,0x3c,0x00,0x00,0x00,0x00,0x00,0xf8,0x00,0x01,0xf8,0x00,0x01,0xdc,0x00,0x03,0x8e,
    0x00,0x02,0x06,0x00,0x00,0x00,0x00,0x01,0xfc,0x00,0x07,0xff,0x00,0x0f,0xff,0x80,0x1f,0x8f,0xc0,0x3e,0x03,0xc0,0x3e,0x03,
    0xe0,0x3c,0x01,0xe0,0x3c,0x01,0xe0,0x3c,0x01,0xe0,0x7c,0x01,0xe0,0x3c,0x01,0xe0,0x3c,0x01,0xe0,0x3c,0x01,0xe0,0x3e,0x03,
    0xe0,0x3e,0x03,0xc0,0x1f,0x8f,0xc0,0x0f,0xff,0x80,0x07,0xff,0x00,0x01,0xfc,0x00,0x07,0x98,0x0f,0xf0,0x08,0xf0,0x03,0xc0,
    0x07,0xe0,0x0f,0xf0,0x0e,0x30,0x00,0x00,0x00,0x00,0x07,0xe0,0x1f,0xf8,0x1f,0xf8,0x3e,0x7c,0x3c,0x3c,0x78,0x1e,0x78,0x1e,
    0x78,0x1e,0x78,0x1e,0x78,0x1e,0x3c,0x3e,0x3e,0x7c,0x1f,0xfc,0x0f,0xf8,0x07,0xe0,0x00,0xf0,0x00,0x01,0xf8,0x00,0x01,0xfc,
    0x00,0x03,0x9e,0x00,0x07,0x0f,0x00,0x00,0x00,0x00,0x01,0xfc,0x00,0x07,0xff,0x00,0x0f,0xff,0x80,0x1f,0x8f,0xc0,0x3e,0x03,
    0xc0,0x3e,0x03,0xe0,0x3c,0x01,0xe0,0x3c,0x01,0xe0,0x3c,0x01,0xe0,0x7c,0x01,0xe0,0x3c,0x01,0xe0,0x3c,0x01,0xe0,0x3c,0x01,
    0xe0,0x3e,0x03,0xe0,0x3e,0x03,0xc0,0x1f,0x8f,0xc0,0x0f,0xff,0x80,0x07,0xff,0x00,0x01,0xfc,0x00,0x00,0x00,0x00,0x00,0x00,
    0x00,0x00,0x70,0x00,0x00,0xf0,0x00,0x00,0xf0,0x00,0x00,0x70,0x00,0x03,0xc0,0x07,0xe0,0x0f,0xf0,0x1e,0x78,0x1c,0x38,0x00,
    0x00,0x07,0xe0,0x1f,0xf8,0x1f,0xf8,0x3e,0x7c,0x3c,0x3c,0x78,0x1e,0x78,0x1e,0x78,0x1e,0x78,0x1e,0x78,0x1e,0x3c,0x3e,0x3e,
    0x7c,0x1f,0xfc,0x0f,0xf8,0x07,0xe0,0x00,0x00,0x00,0x00,0x03,0xc0,0x03,0xc0,0x03,0xc0,0x03,0xc0,0x00,0x1e,0x00,0x00,0x3e,
    0x00,0x00,0x3c,0x00,0x00,0x78,0x00,0x00,0xe0,0x3c,0x00,0x00,0x3c,0x01,0xfc,0x3c,0x07,0xff,0x38,0x0f,0xff,0xf8,0x1f,0x8f,
    0xf0,0x3e,0x03,0xe0,0x3e,0x03,0xe0,0x3c,0x01,0xe0,0x3c,0x01,0xe0,0x3c,0x01,0xe0,0x7c,0x01,0xe0,0x3c,0x01,0xe0,0x3c,0x01,
    0xe0,0x3c,0x01,0xe0,0x3e,0x03,0xe0,0x3e,0x03,0xc0,0x1f,0x8f,0xc0,0x0f,0xff,0x80,0x07,0xff,0x00,0x01,0xfc,0x00,0x00,0x78,
    0x00,0x00,0xf0,0x00,0x01,0xe0,0x00,0x01,0xc0,0x00,0x03,0x81,0xe0,0x00,0x01,0xe0,0x07,0xe3,0xc0,0x1f,0xff,0xc0,0x1f,0xff,
    0x80,0x3e,0x7f,0x00,0x3c,0x3c,0x00,0x78,0x1e,0x00,0x78,0x1e,0x00,0x78,0x1e,0x00,0x78,0x1e,0x00,0x78,0x1e,0x00,0x3c,0x3e,
    0x00,0x3e,0x7c,0x00,0x1f,0xfc,0x00,0x0f,0xf8,0x00,0x07,0xe0,0x00,0x03,0xc0,0x00,0x03,0xc0,0x00,0x01,0xe0,0x00,0x00,0xf0,
    0x00,0x00,0x78,0x3c,0x00,0x00,0x3c,0x01,0xfc,0x3c,0x07,0xff,0x38,0x0f,0xff,0xf8,0x1f,0x8f,0xf0,0x3e,0x03,0xe0,0x3e,0x03,
    0xe0,0x3c,0x01,0xe0,0x3c,0x01,0xe0,0x3c,0x01,0xe0,0x7c,0x01,0xe0,0x3c,0x01,0xe0,0x3c,0x01,0xe0,0x3c,0x01,0xe0,0x3e,0x03,
    0xe0,0x3e,0x03,0xc0,0x1f,0x8f,0xc0,0x0f,0xff,0x80,0x07,0xff,0x00,0x01,0xfc,0x00,0x1e,0x00,0x00,0x0f,0x00,0x00,0x07,0x80,
    0x00,0x03,0xc0,0x00,0x01,0xc1,0xe0,0x00,0x01,0xe0,0x07,0xe3,0xc0,0x1f,0xff,0xc0,0x1f,0xff,0x80,0x3e,0x7f,0x00,0x3c,0x3c,
    0x00,0x78,0x1e,0x00,0x78,0x1e,0x00,0x78,0x1e,0x00,0x78,0x1e,0x00,0x78,0x1e,0x00,0x3c,0x3e,0x00,0x3e,0x7c,0x00,0x1f,0xfc,
    0x00,0x0f,0xf8,0x00,0x07,0xe0,0x00,0x00,0xf8,0x00,0x00,0xfc,0x00,0x00,0x3c,0x00,0x00,0x1c,0x00,0x00,0x78,0x00,0x00,0x70,
    0x00,0x00,0x00,0x3c,0x00,0x00,0x3c,0x01,0xfc,0x3c,0x07,0xff,0x38,0x0f,0xff,0xf8,0x1f,0x8f,0xf0,0x3e,0x03,0xe0,0x3e,0x03,
    0xe0,0x3c,0x01,0xe0,0x3c,0x01,0xe0,0x3c,0x01,0xe0,0x7c,0x01,0xe0,0x3c,0x01,0xe0,0x3c,0x01,0xe0,0x3c,0x01,0xe0,0x3e,0x03,
    0xe0,0x3e,0x03,0xc0,0x1f,0x8f,0xc0,0x0f,0xff,0x80,0x07,0xff,0x00,0x01,0xfc,0x00,0x03,0xc0,0x00,0x03,0xe0,0x00,0x00,0xe0,
    0x00,0x00,0xe0,0x00,0x01,0xe0,0x00,0x01,0xc0,0x00,0x01,0x81,0xe0,0x00,0x01,0xe0,0x07,0xe3,0xc0,0x1f,0xff,0xc0,0x1f,0xff,
    0x80,0x3e,0x7f,0x00,0x3c,0x3c,0x00,0x78,0x1e,0x00,0x78,0x1e,0x00,0x78,0x1e,0x00,0x78,0x1e,0x00,0x78,0x1e,0x00,0x3c,0x3e,
    0x00,0x3e,0x7c,0x00,0x1f,0xfc,0x00,0x0f,0xf8,0x00,0x07,0xe0,0x00,0x00,0x00,0x00,0x03,0xe7,0x00,0x03,0xfe,0x00,0x07,0xfe,
    0x00,0x06,0x3c,0x3c,0x00,0x00,0x3c,0x01,0xfc,0x3c,0x07,0xff,0x38,0x0f,0xff,0xf8,0x1f,0x8f,0xf0,0x3e,0x03,0xe0,0x3e,0x03,
    0xe0,0x3c,0x01,0xe0,0x3c,0x01,0xe0,0x3c,0x01,0xe0,0x7c,0x01,0xe0,0x3c,0x01,0xe0,0x3c,0x01,0xe0,0x3c,0x01,0xe0,0x3e,0x03,
    0xe0,0x3e,0x03,0xc0,0x1f,0x8f,0xc0,0x0f,0xff,0x80,0x07,0xff,0x00,0x01,0xfc,0x00,0x00,0x00,0x00,0x0f,0x98,0x00,0x1f,0xf8,
    0x00,0x1f,0xf8,0x00,0x18,0xf1,0xe0,0x00,0x01,0xe0,0x07,0xe3,0xc0,0x1f,0xff,0xc0,0x1f,0xff,0x80,0x3e,0x7f,0x00,0x3c,0x3c,
    0x00,0x78,0x1e,0x00,0x78,0x1e,0x00,0x78,0x1e,0x00,0x78,0x1e,0x00,0x78,0x1e,0x00,0x3c,0x3e,0x00,0x3e,0x7c,0x00,0x1f,0xfc,
    0x00,0x0f,0xf8,0x00,0x07,0xe0,0x00,0x00,0x00,0x3c,0x00,0x00,0x3c,0x01,0xfc,0x3c,0x07,0xff,0x38,0x0f,0xff,0xf8,0x1f,0x8f,
    0xf0,0x3e,0x03,0xe0,0x3e,0x03,0xe0,0x3c,0x01,0xe0,0x3c,0x01,0xe0,0x3c,0x01,0xe0,0x7c,0x01,0xe0,0x3c,0x01,0xe0,0x3c,0x01,
    0xe0,0x3c,0x01,0xe0,0x3e,0x03,0xe0,0x3e,0x03,0xc0,0x1f,0x8f,0xc0,0x0f,0xff,0x80,0x07,0xff,0x00,0x01,0xfc,0x00,0x00,0x00,
    0x00,0x00,0x00,0x00,0x00,0x70,0x00,0x00,0xf0,0x00,0x00,0xf0,0x00,0x00,0x70,0x00,0x00,0x01,0xe0,0x00,0x01,0xe0,0x07,0xe3,
    0xc0,0x1f,0xff,0xc0,0x1f,0xff,0x80,0x3e,0x7f,0x00,0x3c,0x3c,0x00,0x78,0x1e,0x00,0x78,0x1e,0x00,0x78,0x1e,0x00,0x78,0x1e,
    0x00,0x78,0x1e,0x00,0x3c,0x3e,0x00,0x3e,0x7c,0x00,0x1f,0xfc,0x00,0x0f,0xf8,0x00,0x07,0xe0,0x00,0x00,0x00,0x00,0x00,0x00,
    0x00,0x01,0xc0,0x00,0x03,0xc0,0x00,0x03,0xc0,0x00,0x01,0xc0,0x00,0x3c,0x07,0xc0,0x3c,0x07,0xc0,0x3c,0x07,0xc0,0x3c,0x07,
    0xc0,0x3c,0x07,0xc0,0x3c,0x07,0xc0,0x3c,0x07,0xc0,0x3c,0x07,0xc0,0x3c,0x07,0xc0,0x3c,0x07,0xc0,0x3c,0x07,0xc0,0x3c,0x07,
    0xc0,0x3c,0x07,0x80,0x3c,0x07,0x80,0x1e,0x07,0x80,0x1f,0x9f,0x80,0x0f,0xff,0x00,0x07,0xfe,0x00,0x03,0xf8,0x00,0x00,0x00,
    0x00,0x00,0x00,0x00,0x00,0xe0,0x00,0x00,0xf0,0x00,0x00,0xf0,0x00,0x00,0xe0,0x00,0x3c,0x1e,0x00,0x3c,0x1e,0x00,0x3c,0x1e,
    0x00,0x3c,0x1e,0x00,0x3c,0x1e,0x00,0x3c,0x1e,0x00,0x3c,0x1e,0x00,0x3c,0x1e,0x00,0x3c,0x1e,0x00,0x3c,0x1e,0x00,0x3c,0x3e,
    0x00,0x3e,0x7e,0x00,0x3f,0xfe,0x00,0x1f,0xee,0x00,0x0f,0xce,0x00,0x00,0x00,0x00,0x00,0x00,0x00,0x01,0xc0,0x00,0x03,0xc0,
    0x00,0x03,0xc0,0x00,0x01,0xc0,0x00,0x01,0xf0,0x00,0x01,0xf8,0x00,0x00,0x38,0x00,0x00,0x38,0x00,0x00,0x78,0x00,0x00,0xe0,
    0x00,0x00,0x60,0x00,0x00,0x00,0x00,0x3c,0x07,0xc0,0x3c,0x07,0xc0,0x3c,0x07,0xc0,0x3c,0x07,0xc0,0x3c,0x07,0xc0,0x3c,0x07,
    0xc0,0x3c,0x07,0xc0,0x3c,0x07,0xc0,0x3c,0x07,0xc0,0x3c,0x07,0xc0,0x3c,0x07,0xc0,0x3c,0x07,0xc0,0x3c,0x07,0x80,0x3c,0x07,
    0x80,0x1e,0x07,0x80,0x1f,0x9f,0x80,0x0f,0xff,0x00,0x07,0xfe,0x00,0x03,0xf8,0x00,0x03,0xc0,0x00,0x03,0xe0,0x00,0x00,0xf0,
    0x00,0x00,0xf0,0x00,0x01,0xe0,0x00,0x01,0xc0,0x00,0x01,0x80,0x00,0x00,0x00,0x00,0x3c,0x1e,0x00,0x3c,0x1e,0x00,0x3c,0x1e,
    0x00,0x3c,0x1e,0x00,0x3c,0x1e,0x00,0x3c,0x1e,0x00,0x3c,0x1e,0x00,0x3c,0x1e,0x00,0x3c,0x1e,0x00,0x3c,0x1e,0x00,0x3c,0x3e,
    0x00,0x3e,0x7e,0x00,0x3f,0xfe,0x00,0x1f,0xee,0x00,0x0f,0xce,0x00,0x00,0x1c,0x00,0x00,0x3c,0x00,0x00,0x78,0x00,0x00,0xf0,
    0x00,0x00,0xe0,0x1e,0x00,0x00,0x1e,0x3c,0x07,0xde,0x3c,0x07,0xfc,0x3c,0x07,0xfc,0x3c,0x07,0xf8,0x3c,0x07,0xe0,0x3c,0x07,
    0xc0,0x3c,0x07,0xc0,0x3c,0x07,0xc0,0x3c,0x07,0xc0,0x3c,0x07,0xc0,0x3c,0x07,0xc0,0x3c,0x07,0xc0,0x3c,0x07,0x80,0x3c,0x07,
    0x80,0x1e,0x07,0x80,0x1f,0x9f,0x80,0x0f,0xff,0x00,0x07,0xfe,0x00,0x03,0xf8,0x00,0x00,0x78,0x00,0x00,0xf8,0x00,0x00,0xf0,
    0x00,0x01,0xe0,0x00,0x03,0xc0,0x78,0x00,0x00,0x78,0x3c,0x1e,0xf0,0x3c,0x1f,0xf0,0x3c,0x1f,0xe0,0x3c,0x1f,0x80,0x3c,0x1e,
    0x00,0x3c,0x1e,0x00,0x3c,0x1e,0x00,0x3c,0x1e,0x00,0x3c,0x1e,0x00,0x3c,0x1e,0x00,0x3c,0x3e,0x00,0x3e,0x7e,0x00,0x3f,0xfe,
    0x00,0x1f,0xee,0x00,0x0f,0xce,0x00,0x07,0x80,0x00,0x07,0xc0,0x00,0x01,0xe0,0x00,0x00,0xe0,0x00,0x00,0x70,0x1e,0x00,0x00,
    0x1e,0x3c,0x07,0xde,0x3c,0x07,0xfc,0x3c,0x07,0xfc,0x3c,0x07,0xf8,0x3c,0x07,0xe0,0x3c,0x07,0xc0,0x3c,0x07,0xc0,0x3c,0x07,
    0xc0,0x3c,0x07,0xc0,0x3c,0x07,0xc0,0x3c,0x07,0xc0,0x3c,0x07,0xc0,0x3c,0x07,0x80,0x3c,0x07,0x80,0x1e,0x07,0x80,0x1f,0x9f,
    0x80,0x0f,0xff,0x00,0x07,0xfe,0x00,0x03,0xf8,0x00,0x0f,0x00,0x00,0x0f,0x80,0x00,0x07,0x80,0x00,0x03,0xc0,0x00,0x00,0xe0,
    0x78,0x00,0x00,0x78,0x3c,0x1e,0xf0,0x3c,0x1f,0xf0,0x3c,0x1f,0xe0,0x3c,0x1f,0x80,0x3c,0x1e,0x00,0x3c,0x1e,0x00,0x3c,0x1e,
    0x00,0x3c,0x1e,0x00,0x3c,0x1e,0x00,0x3c,0x1e,0x00,0x3c,0x3e,0x00,0x3e,0x7e,0x00,0x3f,0xfe,0x00,0x1f,0xee,0x00,0x0f,0xce,
    0x00,0x01,0xf0,0x00,0x01,0xf8,0x00,0x00,0x38,0x00,0x00,0x38,0x00,0x00,0xf0,0x00,0x00,0x60,0x00,0x00,0x00,0x1e,0x00,0x00,
    0x1e,0x3c,0x07,0xde,0x3c,0x07,0xfc,0x3c,0x07,0xfc,0x3c,0x07,0xf8,0x3c,0x07,0xe0,0x3c,0x07,0xc0,0x3c,0x07,0xc0,0x3c,0x07,
    0xc0,0x3c,0x07,0xc0,0x3c,0x07,0xc0,0x3c,0x07,0xc0,0x3c,0x07,0xc0,0x3c,0x07,0x80,0x3c,0x07,0x80,0x1e,0x07,0x80,0x1f,0x9f,
    0x80,0x0f,0xff,0x00,0x07,0xfe,0x00,0x03,0xf8,0x00,0x03,0xc0,0x00,0x03,0xe0,0x00,0x00,0xf0,0x00,0x00,0x70,0x00,0x01,0xe0,
    0x00,0x01,0xc0,0x00,0x00,0x80,0x78,0x00,0x00,0x78,0x3c,0x1e,0xf0,0x3c,0x1f,0xf0,0x3c,0x1f,0xe0,0x3c,0x1f,0x80,0x3c,0x1e,
    0x00,0x3c,0x1e,0x00,0x3c,0x1e,0x00,0x3c,0x1e,0x00,0x3c,0x1e,0x00,0x3c,0x1e,0x00,0x3c,0x3e,0x00,0x3e,0x7e,0x00,0x3f,0xfe,
    0x00,0x1f,0xee,0x00,0x0f,0xce,0x00,0x00,0x00,0x00,0x03,0xee,0x00,0x07,0xfe,0x00,0x07,0xfc,0x00,0x06,0x78,0x1e,0x00,0x00,
    0x1e,0x3c,0x07,0xde,0x3c,0x07,0xfc,0x3c,0x07,0xfc,0x3c,0x07,0xf8,0x3c,0x07,0xe0,0x3c,0x07,0xc0,0x3c,0x07,0xc0,0x3c,0x07,
    0xc0,0x3c,0x07,0xc0,0x3c,0x07,0xc0,0x3c,0x07,0xc0,0x3c,0x07,0xc0,0x3c,0x07,0x80,0x3c,0x07,0x80,0x1e,0x07,0x80,0x1f,0x9f,
    0x80,0x0f,0xff,0x00,0x07,0xfe,0x00,0x03,0xf8,0x00,0x00,0x00,0x00,0x07,0xdc,0x00,0x0f,0xfc,0x00,0x1f,0xf8,0x00,0x1c,0xf0,
    0x78,0x00,0x00,0x78,0x3c,0x1e,0xf0,0x3c,0x1f,0xf0,0x3c,0x1f,0xe0,0x3c,0x1f,0x80,0x3c,0x1e,0x00,0x3c,0x1e,0x00,0x3c,0x1e,
    0x00,0x3c,0x1e,0x00,0x3c,0x1e,0x00,0x3c,0x1e,0x00,0x3c,0x3e,0x00,0x3e,0x7e,0x00,0x3f,0xfe,0x00,0x1f,0xee,0x00,0x0f,0xce,
    0x00,0x00,0x00,0x1e,0x00,0x00,0x1e,0x3c,0x07,0xde,0x3c,0x07,0xfc,0x3c,0x07,0xfc,0x3c,0x07,0xf8,0x3c,0x07,0xe0,0x3c,0x07,
    0xc0,0x3c,0x07,0xc0,0x3c,0x07,0xc0,0x3c,0x07,0xc0,0x3c,0x07,0xc0,0x3c,0x07,0xc0,0x3c,0x07,0xc0,0x3c,0x07,0x80,0x3c,0x07,
    0x80,0x1e,0x07,0x80,0x1f,0x9f,0x80,0x0f,0xff,0x00,0x07,0xfe,0x00,0x03,0xf8,0x00,0x00,0x00,0x00,0x00,0x00,0x00,0x00,0xe0,
    0x00,0x00,0xf0,0x00,0x00,0xf0,0x00,0x00,0xe0,0x00,0x00,0x00,0x78,0x00,0x00,0x78,0x3c,0x1e,0xf0,0x3c,0x1f,0xf0,0x3c,0x1f,
    0xe0,0x3c,0x1f,0x80,0x3c,0x1e,0x00,0x3c,0x1e,0x00,0x3c,0x1e,0x00,0x3c,0x1e,0x00,0x3c,0x1e,0x00,0x3c,0x1e,0x00,0x3c,0x3e,
    0x00,0x3e,0x7e,0x00,0x3f,0xfe,0x00,0x1f,0xee,0x00,0x0f,0xce,0x00,0x00,0x00,0x00,0x00,0x00,0x00,0x01,0xc0,0x00,0x03,0xc0,
    0x00,0x03,0xc0,0x00,0x01,0xc0,0x00,0x0e,0x00,0x00,0x0f,0x00,0x00,0x07,0x80,0x00,0x03,0xc0,0x00,0x01,0xc0,0x00,0x00,0x00,
    0x00,0xf8,0x0f,0x00,0x78,0x1e,0x00,0x7c,0x1e,0x00,0x3c,0x3c,0x00,0x3e,0x3c,0x00,0x1e,0x78,0x00,0x1f,0x78,0x00,0x0f,0xf0,
    0x00,0x0f,0xf0,0x00,0x07,0xe0,0x00,0x07,0xe0,0x00,0x03,0xc0,0x00,0x03,0xc0,0x00,0x03,0xc0,0x00,0x03,0xc0,0x00,0x03,0xc0,
    0x00,0x03,0xc0,0x00,0x03,0xc0,0x00,0x03,0xc0,0x00,0x1e,0x00,0x1f,0x00,0x0f,0x00,0x07,0x80,0x03,0xc0,0x00,0x00,0xf0,0x3e,
    0x78,0x3c,0x78,0x3c,0x78,0x7c,0x3c,0x78,0x3c,0x78,0x3c,0xf0,0x1e,0xf0,0x1e,0xf0,0x0f,0xe0,0x0f,0xe0,0x0f,0xe0,0x07,0xc0,
    0x07,0xc0,0x07,0xc0,0x07,0x80,0x07,0x80,0x1f,0x00,0x7f,0x00,0x7e,0x00,0x78,0x00,0xf8,0x0f,0x00,0x78,0x1e,0x00,0x7c,0x1e,
    0x00,0x3c,0x3c,0x00,0x3e,0x3c,0x00,0x1e,0x78,0x00,0x1f,0x78,0x00,0x0f,0xf0,0x00,0x0f,0xf0,0x00,0x07,0xe0,0x00,0x07,0xe0,
    0x00,0x03,0xc0,0x00,0x03,0xc0,0x00,0x03,0xc0,0x00,0x03,0xc0,0x00,0x03,0xc0,0x00,0x03,0xc0,0x00,0x03,0xc0,0x00,0x03,0xc0,
    0x00,0x00,0x00,0x00,0x00,0x00,0x00,0x01,0xc0,0x00,0x03,0xc0,0x00,0x03,0xc0,0x00,0x01,0xc0,0x00,0xf0,0x3e,0x78,0x3c,0x78,
    0x3c,0x78,0x7c,0x3c,0x78,0x3c,0x78,0x3c,0xf0,0x1e,0xf0,0x1e,0xf0,0x0f,0xe0,0x0f,0xe0,0x0f,0xe0,0x07,0xc0,0x07,0xc0,0x07,
    0xc0,0x07,0x80,0x07,0x80,0x1f,0x38,0x7f,0x3c,0x7e,0x3c,0x78,0x38,0x03,0xc0,0x00,0x07,0xe0,0x00,0x00,0xe0,0x00,0x00,0xe0,
    0x00,0x01,0xe0,0x00,0x01,0xc0,0x00,0x01,0x80,0x00,0x00,0x00,0x00,0xf8,0x0f,0x00,0x78,0x1e,0x00,0x7c,0x1e,0x00,0x3c,0x3c,
    0x00,0x3e,0x3c,0x00,0x1e,0x78,0x00,0x1f,0x78,0x00,0x0f,0xf0,0x00,0x0f,0xf0,0x00,0x07,0xe0,0x00,0x07,0xe0,0x00,0x03,0xc0,
    0x00,0x03,0xc0,0x00,0x03,0xc0,0x00,0x03,0xc0,0x00,0x03,0xc0,0x00,0x03,0xc0,0x00,0x03,0xc0,0x00,0x03,0xc0,0x00,0x07,0x80,
    0x07,0xc0,0x01,0xe0,0x01,0xe0,0x03,0xc0,0x03,0x80,0x03,0x00,0x00,0x00,0xf0,0x3e,0x78,0x3c,0x78,0x3c,0x78,0x7c,0x3c,0x78,
    0x3c,0x78,0x3c,0xf0,0x1e,0xf0,0x1e,0xf0,0x0f,0xe0,0x0f,0xe0,0x0f,0xe0,0x07,0xc0,0x07,0xc0,0x07,0xc0,0x07,0x80,0x07,0x80,
    0x1f,0x00,0x7f,0x00,0x7e,0x00,0x78,0x00,0x00,0x00,0x00,0x0f,0x98,0x00,0x1f,0xf8,0x00,0x1f,0xf8,0x00,0x18,0xf0,0x00,0x00,
    0x00,0x00,0xf8,0x0f,0x00,0x78,0x1e,0x00,0x7c,0x1e,0x00,0x3c,0x3c,0x00,0x3e,0x3c,0x00,0x1e,0x78,0x00,0x1f,0x78,0x00,0x0f,
    0xf0,0x00,0x0f,0xf0,0x00,0x07,0xe0,0x00,0x07,0xe0,0x00,0x03,0xc0,0x00,0x03,0xc0,0x00,0x03,0xc0,0x00,0x03,0xc0,0x00,0x03,
    0xc0,0x00,0x03,0xc0,0x00,0x03,0xc0,0x00,0x03,0xc0,0x00,0x00,0x00,0x0f,0x38,0x1f,0xf0,0x3f,0xf0,0x39,0xe0,0x00,0x00,0xf0,
    0x3e,0x78,0x3c,0x78,0x3c,0x78,0x7c,0x3c,0x78,0x3c,0x78,0x3c,0xf0,0x1e,0xf0,0x1e,0xf0,0x0f,0xe0,0x0f,0xe0,0x0f,0xe0,0x07,
    0xc0,0x07,0xc0,0x07,0xc0,0x07,0x80,0x07,0x80,0x1f,0x00,0x7f,0x00,0x7e,0x00,0x78,0x00,0x00,0x00,0x7f,0xf0,0x7f,0xf0,0x7f,
    0xf0,0x00,0x00,0x00,0x00,0x00,0x00,0x00,0x00,0x00,0x00,0x00,0x00,0x00,0x00,0x00,0x00,0x7f,0xff,0xff,0x80,0x7f,0xff,0xff,
    0x80,0x7f,0xff,0xff,0x80,0x00,0x00,0x00,0x00,0x00,0x00,0x00,0x00,0x00,0x00,0x00,0x00,0x00,0x00,0x00,0x00,0x00,0x00,0x00,
    0x00,0x00,0x00,0x00,0x00,0x38,0x38,0x38,0x78,0x78,0x70,0xf0,0x00,0x00,0x00,0x00,0x00,0x00,0x00,0x00,0x00,0x00,0x00,0x00,
    0x78,0x78,0x78,0x70,0x70,0x70,0xe0,0x00,0x00,0x00,0x00,0x00,0x00,0x00,0x00,0x00,0x00,0x00,0x00,0x38,0xe0,0x38,0xe0,0x39,
    0xe0,0x79,0xe0,0x79,0xc0,0x73,0xc0,0xf3,0xc0,0x00,0x00,0x00,0x00,0x00,0x00,0x00,0x00,0x00,0x00,0x00,0x00,0x00,0x00,0x00,
    0x00,0x00,0x00,0x00,0x00,0x00,0x00,0x00,0x00,0x79,0xe0,0x79,0xe0,0x79,0xe0,0x71,0xc0,0x71,0xc0,0x73,0xc0,0xe3,0x80,0x00,
    0x00,0x00,0x00,0x00,0x00,0x00,0x00,0x00,0x00,0x00,0x00,0x00,0x00,0x00,0x00,0x00,0x00,0x00,0x00,0x00,0x00,0x00,0x00,0x1e,
    0x00,0x3f,0x00,0x7f,0x00,0x7f,0x80,0x7f,0x80,0x7f,0x00,0x3f,0x00,0x1e,0x00,0x00,0x00,0x00,0x00,0x00,0x00,0x00,0x00,0x00,
    0x00,0x00,0x00,0x38,0x38,0x70,0x3c,0x78,0xf8,0x3c,0x78,0xf8,0x38,0x38,0x70,0x00,0x00,0x3f,0xf8,0x30,0x08,0x30,0x08,0x30,
    0x08,0x30,0x08,0x30,0x08,0x30,0x08,0x30,0x08,0x30,0x08,0x30,0x08,0x30,0x08,0x30,0x08,0x30,0x08,0x30,0x08,0x30,0x08,0x30,
    0x08,0x30,0x08,0x3f,0xf8,0x00,0x00,0x00,0x00,0x3f,0xf8,0x30,0x08,0x30,0x08,0x30,0x08,0x30,0x08,0x30,0x08,0x30,0x08,0x30,
    0x08,0x30,0x08,0x30,0x08,0x30,0x08,0x30,0x08,0x30,0x08,0x30,0x08,0x30,0x08,0x30,0x08,0x30,0x08,0x3f,0xf8,0x00,0x00,0x00,
    0x00,0x3f,0xf8,0x30,0x08,0x30,0x08,0x30,0x08,0x30,0x08,0x30,0x08,0x30,0x08,0x30,0x08,0x30,0x08,0x30,0x08,0x30,0x08,0x30,
    0x08,0x30,0x08,0x30,0x08,0x30,0x08,0x30,0x08,0x30,0x08,0x3f,0xf8,0x00,0x00,0x00,0x00,0x3f,0xf8,0x30,0x08,0x30,0x08,0x30,
    0x08,0x30,0x08,0x30,0x08,0x30,0x08,0x30,0x08,0x30,0x08,0x30,0x08,0x30,0x08,0x30,0x08,0x30,0x08,0x30,0x08,0x30,0x08,0x30,
    0x08,0x30,0x08,0x3f,0xf8,0x00,0x00,0x00,0x00,0x3f,0xf8,0x30,0x08,0x30,0x08,0x30,0x08,0x30,0x08,0x30,0x08,0x30,0x08,0x30,
    0x08,0x30,0x08,0x30,0x08,0x30,0x08,0x30,0x08,0x30,0x08,0x30,0x08,0x30,0x08,0x30,0x08,0x30,0x08,0x3f,0xf8,0x00,0x00,0x00,
    0x00,0x3f,0xf8,0x30,0x08,0x30,0x08,0x30,0x08,0x30,0x08,0x30,0x08,0x30,0x08,0x30,0x08,0x30,0x08,0x30,0x08,0x30,0x08,0x30,
    0x08,0x30,0x08,0x30,0x08,0x30,0x08,0x30,0x08,0x30,0x08,0x3f,0xf8,0x00,0x00,0x00,0x00,0x3f,0xf8,0x30,0x08,0x30,0x08,0x30,
    0x08,0x30,0x08,0x30,0x08,0x30,0x08,0x30,0x08,0x30,0x08,0x30,0x08,0x30,0x08,0x30,0x08,0x30,0x08,0x30,0x08,0x30,0x08,0x30,
    0x08,0x30,0x08,0x3f,0xf8,0x00,0x00,0x00,0x00,0x3f,0xf8,0x30,0x08,0x30,0x08,0x30,0x08,0x30,0x08,0x30,0x08,0x30,0x08,0x30,
    0x08,0x30,0x08,0x30,0x08,0x30,0x08,0x30,0x08,0x30,0x08,0x30,0x08,0x30,0x08,0x30,0x08,0x30,0x08,0x3f,0xf8,0x00,0x00,0x00,
    0x00,0x3f,0xf8,0x30,0x08,0x30,0x08,0x30,0x08,0x30,0x08,0x30,0x08,0x30,0x08,0x30,0x08,0x30,0x08,0x30,0x08,0x30,0x08,0x30,
    0x08,0x30,0x08,0x30,0x08,0x30,0x08,0x30,0x08,0x30,0x08,0x3f,0xf8,0x00,0x00,0x00,0x00,0x3f,0xf8,0x30,0x08,0x30,0x08,0x30,
    0x08,0x30,0x08,0x30,0x08,0x30,0x08,0x30,0x08,0x30,0x08,0x30,0x08,0x30,0x08,0x30,0x08,0x30,0x08,0x30,0x08,0x30,0x08,0x30,
    0x08,0x30,0x08,0x3f,0xf8,0x00,0x00,
};
static const gfx_glyph_t font_medium_glyphs[] = {
    {0x0020, 7, 0, 0, 0, 0, 0},
    {0x0021, 7, 7, 19, 0, 9, 0},
    {0x0022, 12, 12, 19, 0, 9, 19},
    {0x0023, 17, 17, 19, 0, 9, 57},
    {0x0024, 15, 15, 22, 0, 7, 114},
    {0x0025, 23, 23, 19, 0, 9, 158},
    {0x0026, 20, 20, 19, 0, 9, 215},
    {0x0027, 7, 7, 19, 0, 9, 272},
    {0x0028, 9, 9, 23, 0, 9, 291},
    {0x0029, 9, 9, 23, 0, 9, 337},
    {0x002a, 14, 14, 21, 0, 7, 383},
    {0x002b, 15, 15, 16, 0, 12, 425},
    {0x002c, 7, 7, 7, 0, 24, 457},
    {0x002d, 8, 8, 10, 0, 18, 464},
    {0x002e, 7, 7, 4, 0, 24, 474},
    {0x002f, 11, 11, 19, 0, 9, 478},
    {0x0030, 15, 15, 19, 0, 9, 516},
    {0x0031, 15, 15, 19, 0, 9, 554},
    {0x0032, 15, 15, 19, 0, 9, 592},
    {0x0033, 15, 15, 19, 0, 9, 630},
    {0x0034, 15, 15, 19, 0, 9, 668},
    {0x0035, 15, 15, 19, 0, 9, 706},
    {0x0036, 15, 15, 19, 0, 9, 744},
    {0x0037, 15, 15, 19, 0, 9, 782},
    {0x0038, 15, 15, 19, 0, 9, 820},
    {0x0039, 15, 15, 19, 0, 9, 858},
    {0x003a, 7, 7, 15, 0, 13, 896},
    {0x003b, 7, 7, 18, 0, 13, 911},
    {0x003c, 15, 15, 17, 0, 11, 929},
    {0x003d, 15, 15, 14, 0, 14, 963},
    {0x003e, 15, 15, 17, 0, 11, 991},
    {0x003f, 12, 12, 19, 0, 9, 1025},
    {0x0040, 23, 23, 21, 0, 9, 1063},
    {0x0041, 18, 18, 19, 0, 9, 1126},
    {0x0042, 17, 17, 19, 0, 9, 1183},
    {0x0043, 17, 17, 19, 0, 9, 1240},
    {0x0044, 19, 19, 19, 0, 9, 1297},
    {0x0045, 15, 15, 19, 0, 9, 1354},
    {0x0046, 14, 14, 19, 0, 9, 1392},
    {0x0047, 19, 19, 19, 0, 9, 1430},
    {0x0048, 20, 20, 19, 0, 9, 1487},
    {0x0049, 10, 10, 19, 0, 9, 1544},
    {0x004a, 9, 11, 25, -2, 9, 1582},
    {0x004b, 17, 18, 19, 0, 9, 1632},
    {0x004c, 15, 15, 19, 0, 9, 1689},
    {0x004d, 25, 25, 19, 0, 9, 1727},
    {0x004e, 21, 21, 19, 0, 9, 1803},
    {0x004f, 21, 21, 19, 0, 9, 1860},
    {0x0050, 16, 16, 19, 0, 9, 1917},
    {0x0051, 21, 21, 24, 0, 9, 1955},
    {0x0052, 17, 18, 19, 0, 9, 2027},
    {0x0053, 14, 14, 19, 0, 9, 2084},
    {0x0054, 15, 15, 19, 0, 9, 2122},
    {0x0055, 20, 20, 19, 0, 9, 2160},
    {0x0056, 17, 17, 19, 0, 9, 2217},
    {0x0057, 25, 26, 19, 0, 9, 2274},
    {0x0058, 17, 18, 19, 0, 9, 2350},
    {0x0059, 16, 17, 19, 0, 9, 2407},
    {0x005a, 15, 15, 19, 0, 9, 2464},
    {0x005b, 9, 9, 25, 0, 9, 2502},
    {0x005c, 11, 11, 19, 0, 9, 2552},
    {0x005d, 9, 9, 25, 0, 9, 2590},
    {0x005e, 15, 15, 20, 0, 8, 2640},
    {0x005f, 11, 12, 4, -1, 28, 2680},
    {0x0060, 9, 9, 21, 0, 7, 2688},
    {0x0061, 16, 16, 15, 0, 13, 2730},
    {0x0062, 16, 16, 21, 0, 7, 2760},
    {0x0063, 13, 13, 15, 0, 13, 2802},
    {0x0064, 16, 16, 21, 0, 7, 2832},
    {0x0065, 15, 15, 15, 0, 13, 2874},
    {0x0066, 10, 12, 21, 0, 7, 2904},
    {0x0067, 16, 16, 21, 0, 13, 2946},
    {0x0068, 17, 17, 21, 0, 7, 2988},
    {0x0069, 8, 8, 21, 0, 7, 3051},
    {0x006a, 8, 10, 27, -2, 7, 3072},
    {0x006b, 16, 17, 21, 0, 7, 3126},
    {0x006c, 8, 8, 21, 0, 7, 3189},
    {0x006d, 26, 26, 15, 0, 13, 3210},
    {0x006e, 17, 17, 15, 0, 13, 3270},
    {0x006f, 16, 16, 15, 0, 13, 3315},
    {0x0070, 16, 16, 21, 0, 13, 3345},
    {0x0071, 16, 16, 21, 0, 13, 3387},
    {0x0072, 12, 12, 15, 0, 13, 3429},
    {0x0073, 13, 13, 15, 0, 13, 3459},
    {0x0074, 11, 11, 18, 0, 10, 3489},
    {0x0075, 17, 17, 15, 0, 13, 3525},
    {0x0076, 15, 15, 15, 0, 13, 3570},
    {0x0077, 22, 22, 15, 0, 13, 3600},
    {0x0078, 15, 15, 15, 0, 13, 3645},
    {0x0079, 15, 15, 21, 0, 13, 3675},
    {0x007a, 13, 13, 15, 0, 13, 3717},
    {0x007b, 10, 10, 24, 0, 9, 3747},
    {0x007c, 14, 14, 27, 0, 7, 3795},
    {0x007d, 10, 10, 24, 0, 9, 3849},
    {0x007e, 15, 15, 13, 0, 15, 3897},
    {0x00a0, 7, 0, 0, 0, 0, 3923},
    {0x00a1, 7, 7, 20, 0, 13, 3923},
    {0x00a2, 15, 15, 19, 0, 9, 3943},
    {0x00a3, 15, 15, 19, 0, 9, 3981},
    {0x00a4, 15, 15, 16, 0, 12, 4019},
    {0x00a5, 15, 15, 19, 0, 9, 4051},
    {0x00a6, 14, 14, 27, 0, 7, 4089},
    {0x00a7, 13, 13, 21, 0, 7, 4143},
    {0x00a8, 16, 16, 21, 0, 7, 4185},
    {0x00a9, 22, 22, 20, 0, 8, 4227},
    {0x00aa, 10, 10, 18, 0, 10, 4287},
    {0x00ab, 16, 16, 14, 0, 14, 4323},
    {0x00ac, 15, 15, 12, 0, 16, 4351},
    {0x00ad, 0, 0, 0, 0, 0, 4375},
    {0x00ae, 22, 22, 20, 0, 8, 4375},
    {0x00af, 13, 15, 25, -1, 3, 4435},
    {0x00b0, 11, 11, 19, 0, 9, 4485},
    {0x00b1, 15, 15, 17, 0, 11, 4523},
    {0x00b2, 10, 10, 23, 0, 5, 4557},
    {0x00b3, 10, 10, 23, 0, 5, 4603},
    {0x00b4, 9, 9, 21, 0, 7, 4649},
    {0x00b5, 17, 17, 21, 0, 13, 4691},
    {0x00b6, 17, 17, 25, 0, 7, 4754},
    {0x00b7, 7, 7, 11, 0, 17, 4829},
    {0x00b8, 5, 7, 7, -1, 27, 4840},
    {0x00b9, 10, 10, 22, 0, 6, 4847},
    {0x00ba, 10, 10, 18, 0, 10, 4891},
    {0x00bb, 16, 16, 14, 0, 14, 4927},
    {0x00bc, 22, 22, 19, 0, 9, 4955},
    {0x00bd, 23, 23, 19, 0, 9, 5012},
    {0x00be, 22, 22, 20, 0, 8, 5069},
    {0x00bf, 12, 13, 19, 0, 14, 5129},
    {0x00c0, 18, 18, 25, 0, 3, 5167},
    {0x00c1, 18, 18, 25, 0, 3, 5242},
    {0x00c2, 18, 18, 25, 0, 3, 5317},
    {0x00c3, 18, 18, 25, 0, 3, 5392},
    {0x00c4, 18, 18, 25, 0, 3, 5467},
    {0x00c5, 18, 18, 23, 0, 5, 5542},
    {0x00c6, 25, 25, 19, 0, 9, 5611},
    {0x00c7, 17, 17, 25, 0, 9, 5687},
    {0x00c8, 15, 15, 25, 0, 3, 5762},
    {0x00c9, 15, 15, 25, 0, 3, 5812},
    {0x00ca, 15, 15, 25, 0, 3, 5862},
    {0x00cb, 15, 15, 25, 0, 3, 5912},
    {0x00cc, 10, 10, 25, 0, 3, 5962},
    {0x00cd, 10, 11, 25, 0, 3, 6012},
    {0x00ce, 10, 12, 25, -1, 3, 6062},
    {0x00cf, 10, 10, 25, 0, 3, 6112},
    {0x00d0, 19, 19, 19, 0, 9, 6162},
    {0x00d1, 21, 21, 25, 0, 3, 6219},
    {0x00d2, 21, 21, 25, 0, 3, 6294},
    {0x00d3, 21, 21, 25, 0, 3, 6369},
    {0x00d4, 21, 21, 25, 0, 3, 6444},
    {0x00d5, 21, 21, 25, 0, 3, 6519},
    {0x00d6, 21, 21, 25, 0, 3, 6594},
    {0x00d7, 15, 15, 15, 0, 13, 6669},
    {0x00d8, 21, 21, 21, 0, 8, 6699},
    {0x00d9, 20, 20, 25, 0, 3, 6762},
    {0x00da, 20, 20, 25, 0, 3, 6837},
    {0x00db, 20, 20, 25, 0, 3, 6912},
    {0x00dc, 20, 20, 25, 0, 3, 6987},
    {0x00dd, 16, 17, 25, 0, 3, 7062},
    {0x00de, 16, 16, 19, 0, 9, 7137},
    {0x00df, 18, 18, 21, 0, 7, 7175},
    {0x00e0, 16, 16, 21, 0, 7, 7238},
    {0x00e1, 16, 16, 21, 0, 7, 7280},
    {0x00e2, 16, 16, 21, 0, 7, 7322},
    {0x00e3, 16, 16, 21, 0, 7, 7364},
    {0x00e4, 16, 16, 21, 0, 7, 7406},
    {0x00e5, 16, 16, 22, 0, 6, 7448},
    {0x00e6, 24, 24, 15, 0, 13, 7492},
    {0x00e7, 13, 13, 21, 0, 13, 7537},
    {0x00e8, 15, 15, 21, 0, 7, 7579},
    {0x00e9, 15, 15, 21, 0, 7, 7621},
    {0x00ea, 15, 15, 21, 0, 7, 7663},
    {0x00eb, 15, 15, 21, 0, 7, 7705},
    {0x00ec, 8, 9, 21, -1, 7, 7747},
    {0x00ed, 8, 9, 21, 0, 7, 7789},
    {0x00ee, 8, 12, 21, -2, 7, 7831},
    {0x00ef, 8, 10, 21, -1, 7, 7873},
    {0x00f0, 16, 16, 21, 0, 7, 7915},
    {0x00f1, 17, 17, 21, 0, 7, 7957},
    {0x00f2, 16, 16, 21, 0, 7, 8020},
    {0x00f3, 16, 16, 21, 0, 7, 8062},
    {0x00f4, 16, 16, 21, 0, 7, 8104},
    {0x00f5, 16, 16, 21, 0, 7, 8146},
    {0x00f6, 16, 16, 21, 0, 7, 8188},
    {0x00f7, 15, 15, 16, 0, 12, 8230},
    {0x00f8, 16, 16, 17, 0, 12, 8262},
    {0x00f9, 17, 17, 21, 0, 7, 8296},
    {0x00fa, 17, 17, 21, 0, 7, 8359},
    {0x00fb, 17, 17, 21, 0, 7, 8422},
    {0x00fc, 17, 17, 21, 0, 7, 8485},
    {0x00fd, 15, 15, 27, 0, 7, 8548},
    {0x00fe, 16, 16, 27, 0, 7, 8602},
    {0x00ff, 15, 15, 27, 0, 7, 8656},
    {0x0102, 18, 18, 25, 0, 3, 8710},
    {0x0103, 16, 16, 21, 0, 7, 8785},
    {0x0110, 19, 19, 19, 0, 9, 8827},
    {0x0111, 17, 17, 21, 0, 7, 8884},
    {0x0128, 10, 12, 25, -1, 3, 8947},
    {0x0129, 8, 12, 21, -2, 7, 8997},
    {0x0168, 20, 20, 25, 0, 3, 9039},
    {0x0169, 17, 17, 21, 0, 7, 9114},
    {0x01a0, 21, 23, 21, 0, 7, 9177},
    {0x01a1, 18, 19, 17, 0, 11, 9240},
    {0x01a2, 29, 29, 19, 0, 9, 9291},
    {0x01a3, 24, 24, 21, 0, 13, 9367},
    {0x01a4, 20, 20, 19, 0, 9, 9430},
    {0x01a5, 16, 16, 27, 0, 7, 9487},
    {0x01a6, 17, 18, 22, 0, 9, 9541},
    {0x01a7, 14, 14, 19, 0, 9, 9607},
    {0x01a8, 13, 13, 15, 0, 13, 9645},
    {0x01a9, 15, 15, 19, 0, 9, 9675},
    {0x01aa, 11, 14, 27, -1, 7, 9713},
    {0x01ab, 11, 11, 25, 0, 9, 9767},
    {0x01ac, 16, 16, 19, 0, 9, 9817},
    {0x01ad, 11, 11, 21, 0, 7, 9855},
    {0x01ae, 15, 15, 25, 0, 9, 9897},
    {0x01af, 23, 24, 21, 0, 7, 9947},
    {0x01b0, 20, 21, 17, 0, 11, 10010},
    {0x1ea0, 18, 18, 25, 0, 9, 10061},
    {0x1ea1, 16, 16, 21, 0, 13, 10136},
    {0x1ea2, 18, 18, 27, 0, 1, 10178},
    {0x1ea3, 16, 16, 23, 0, 5, 10259},
    {0x1ea4, 18, 18, 27, 0, 1, 10305},
    {0x1ea5, 16, 17, 23, 0, 5, 10386},
    {0x1ea6, 18, 18, 27, 0, 1, 10455},
    {0x1ea7, 16, 17, 23, -1, 5, 10536},
    {0x1ea8, 18, 18, 28, 0, 0, 10605},
    {0x1ea9, 16, 16, 24, 0, 4, 10689},
    {0x1eaa, 18, 18, 28, 0, 0, 10737},
    {0x1eab, 16, 16, 24, 0, 4, 10821},
    {0x1eac, 18, 18, 31, 0, 3, 10869},
    {0x1ead, 16, 16, 27, 0, 7, 10962},
    {0x1eae, 18, 18, 27, 0, 1, 11016},
    {0x1eaf, 16, 16, 23, 0, 5, 11097},
    {0x1eb0, 18, 18, 27, 0, 1, 11143},
    {0x1eb1, 16, 16, 23, 0, 5, 11224},
    {0x1eb2, 18, 18, 28, 0, 0, 11270},
    {0x1eb3, 16, 16, 24, 0, 4, 11354},
    {0x1eb4, 18, 18, 28, 0, 0, 11402},
    {0x1eb5, 16, 16, 24, 0, 4, 11486},
    {0x1eb6, 18, 18, 31, 0, 3, 11534},
    {0x1eb7, 16, 16, 27, 0, 7, 11627},
    {0x1eb8, 15, 15, 25, 0, 9, 11681},
    {0x1eb9, 15, 15, 21, 0, 13, 11731},
    {0x1eba, 15, 15, 27, 0, 1, 11773},
    {0x1ebb, 15, 15, 23, 0, 5, 11827},
    {0x1ebc, 15, 15, 25, 0, 3, 11873},
    {0x1ebd, 15, 15, 21, 0, 7, 11923},
    {0x1ebe, 15, 17, 27, 0, 1, 11965},
    {0x1ebf, 15, 17, 23, 0, 5, 12046},
    {0x1ec0, 15, 16, 27, -1, 1, 12115},
    {0x1ec1, 15, 16, 23, -1, 5, 12169},
    {0x1ec2, 15, 15, 28, 0, 0, 12215},
    {0x1ec3, 15, 16, 24, 0, 4, 12271},
    {0x1ec4, 15, 15, 28, 0, 0, 12319},
    {0x1ec5, 15, 15, 24, 0, 4, 12375},
    {0x1ec6, 15, 15, 31, 0, 3, 12423},
    {0x1ec7, 15, 15, 27, 0, 7, 12485},
    {0x1ec8, 10, 10, 27, 0, 1, 12539},
    {0x1ec9, 8, 8, 23, 0, 5, 12593},
    {0x1eca, 10, 10, 25, 0, 9, 12616},
    {0x1ecb, 8, 8, 27, 0, 7, 12666},
    {0x1ecc, 21, 21, 25, 0, 9, 12693},
    {0x1ecd, 16, 16, 21, 0, 13, 12768},
    {0x1ece, 21, 21, 27, 0, 1, 12810},
    {0x1ecf, 16, 16, 23, 0, 5, 12891},
    {0x1ed0, 21, 21, 27, 0, 1, 12937},
    {0x1ed1, 16, 17, 23, 0, 5, 13018},
    {0x1ed2, 21, 21, 27, 0, 1, 13087},
    {0x1ed3, 16, 17, 23, -1, 5, 13168},
    {0x1ed4, 21, 21, 28, 0, 0, 13237},
    {0x1ed5, 16, 16, 24, 0, 4, 13321},
    {0x1ed6, 21, 21, 29, 0, -1, 13369},
    {0x1ed7, 16, 16, 24, 0, 4, 13456},
    {0x1ed8, 21, 21, 31, 0, 3, 13504},
    {0x1ed9, 16, 16, 27, 0, 7, 13597},
    {0x1eda, 21, 23, 25, 0, 3, 13651},
    {0x1edb, 18, 19, 21, 0, 7, 13726},
    {0x1edc, 21, 23, 25, 0, 3, 13789},
    {0x1edd, 18, 19, 21, 0, 7, 13864},
    {0x1ede, 21, 23, 27, 0, 1, 13927},
    {0x1edf, 18, 19, 23, 0, 5, 14008},
    {0x1ee0, 21, 23, 25, 0, 3, 14077},
    {0x1ee1, 18, 19, 21, 0, 7, 14152},
    {0x1ee2, 21, 23, 27, 0, 7, 14215},
    {0x1ee3, 18, 19, 23, 0, 11, 14296},
    {0x1ee4, 20, 20, 25, 0, 9, 14365},
    {0x1ee5, 17, 17, 21, 0, 13, 14440},
    {0x1ee6, 20, 20, 27, 0, 1, 14503},
    {0x1ee7, 17, 17, 23, 0, 5, 14584},
    {0x1ee8, 23, 24, 25, 0, 3, 14653},
    {0x1ee9, 20, 21, 21, 0, 7, 14728},
    {0x1eea, 23, 24, 25, 0, 3, 14791},
    {0x1eeb, 20, 21, 21, 0, 7, 14866},
    {0x1eec, 23, 24, 27, 0, 1, 14929},
    {0x1eed, 20, 21, 23, 0, 5, 15010},
    {0x1eee, 23, 24, 25, 0, 3, 15079},
    {0x1eef, 20, 21, 21, 0, 7, 15154},
    {0x1ef0, 23, 24, 27, 0, 7, 15217},
    {0x1ef1, 20, 21, 23, 0, 11, 15298},
    {0x1ef2, 16, 17, 25, 0, 3, 15367},
    {0x1ef3, 15, 15, 27, 0, 7, 15442},
    {0x1ef4, 16, 17, 25, 0, 9, 15496},
    {0x1ef5, 15, 15, 21, 0, 13, 15571},
    {0x1ef6, 16, 17, 27, 0, 1, 15613},
    {0x1ef7, 15, 15, 29, 0, 5, 15694},
    {0x1ef8, 16, 17, 25, 0, 3, 15752},
    {0x1ef9, 15, 15, 27, 0, 7, 15827},
    {0x2013, 13, 13, 10, 0, 18, 15881},
    {0x2014, 26, 26, 10, 0, 18, 15901},
    {0x2018, 6, 6, 19, 0, 9, 15941},
    {0x2019, 6, 6, 19, 0, 9, 15960},
    {0x201c, 12, 12, 19, 0, 9, 15979},
    {0x201d, 12, 12, 19, 0, 9, 16017},
    {0x2022, 10, 10, 14, 0, 14, 16055},
    {0x2026, 22, 22, 4, 0, 24, 16083},
    {0x2190, 16, 16, 20, 0, 9, 16095},
    {0x2191, 16, 16, 20, 0, 9, 16135},
    {0x2192, 16, 16, 20, 0, 9, 16175},
    {0x2193, 16, 16, 20, 0, 9, 16215},
    {0x2196, 16, 16, 20, 0, 9, 16255},
    {0x2197, 16, 16, 20, 0, 9, 16295},
    {0x2198, 16, 16, 20, 0, 9, 16335},
    {0x2199, 16, 16, 20, 0, 9, 16375},
    {0x21a9, 16, 16, 20, 0, 9, 16415},
    {0x21aa, 16, 16, 20, 0, 9, 16455},
};
const gfx_font_t font_medium = {36, 28, 324, font_medium_glyphs, font_medium_bits};

static const uint8_t font_large_bits[] = {
    0x1f,0xc0,0x1f,0xc0,0x1f,0xc0,0x1f,0xc0,0x1f,0xc0,0x1f,0xc0,0x1f,0xc0,0x1f,0xc0,0x1f,0xc0,0x1f,0xc0,0x1f,0xc0,0x1f,0xc0,
    0x1f,0x80,0x1f,0x80,0x1f,0x80,0x1f,0x80,0x1f,0x80,0x1f,0x80,0x1f,0x80,0x0f,0x80,0x0f,0x80,0x00,0x00,0x00,0x00,0x00,0x00,
    0x00,0x00,0x0f,0x00,0x1f,0xc0,0x1f,0xc0,0x3f,0xc0,0x1f,0xc0,0x1f,0xc0,0x0f,0x00,0x1f,0x8f,0xc0,0x1f,0x8f,0xc0,0x1f,0x8f,
    0xc0,0x1f,0x8f,0xc0,0x1f,0x8f,0xc0,0x1f,0x8f,0xc0,0x1f,0x0f,0xc0,0x1f,0x0f,0x80,0x1f,0x0f,0x80,0x1f,0x07,0x80,0x0f,0x07,
    0x80,0x0f,0x07,0x80,0x00,0x00,0x00,0x00,0x00,0x00,0x00,0x00,0x00,0x00,0x00,0x00,0x00,0x00,0x00,0x00,0x00,0x00,0x00,0x00,
    0x00,0x00,0x00,0x00,0x00,0x00,0x00,0x00,0x00,0x00,0x00,0x00,0x00,0x00,0x00,0x00,0x00,0x00,0x00,0x00,0x00,0x00,0x00,0x00,
    0x00,0x00,0x00,0x00,0x00,0x00,0x00,0x00,0x00,0x00,0x00,0x00,0x00,0x00,0x00,0x00,0x00,0x3e,0x1f,0x00,0x00,0x3e,0x1f,0x00,
    0x00,0x3e,0x1f,0x00,0x00,0x3e,0x1e,0x00,0x00,0x7c,0x3e,0x00,0x00,0x7c,0x3e,0x00,0x00,0x7c,0x3e,0x00,0x00,0x7c,0x3e,0x00,
    0x00,0x7c,0x3c,0x00,0x3f,0xff,0xff,0xf0,0x3f,0xff,0xff,0xf0,0x3f,0xff,0xff,0xf0,0x3f,0xff,0xff,0xf0,0x3f,0xff,0xff,0xf0,
    0x00,0xf8,0x78,0x00,0x01,0xf0,0xf8,0x00,0x01,0xf0,0xf8,0x00,0x01,0xf0,0xf8,0x00,0x7f,0xff,0xff,0xc0,0x7f,0xff,0xff,0xc0,
    0x7f,0xff,0xff,0xc0,0x7f,0xff,0xff,0xc0,0x7f,0xff,0xff,0xc0,0x03,0xe1,0xf0,0x00,0x03,0xe1,0xe0,0x00,0x03,0xc3,0xe0,0x00,
    0x07,0xc3,0xe0,0x00,0x07,0xc3,0xe0,0x00,0x07,0xc3,0xe0,0x00,0x07,0xc3,0xc0,0x00,0x07,0x87,0xc0,0x00,0x07,0x87,0xc0,0x00,
    0x00,0x1c,0x00,0x00,0x00,0x1c,0x00,0x00,0x00,0x1c,0x00,0x00,0x00,0x3f,0x80,0x00,0x03,0xff,0xf8,0x00,0x07,0xff,0xfe,0x00,
    0x0f,0xff,0xfe,0x00,0x1f,0xff,0xfc,0x00,0x3f,0xff,0xfc,0x00,0x3f,0xdc,0x78,0x00,0x3f,0x9c,0x00,0x00,0x3f,0x1c,0x00,0x00,
    0x3f,0x9c,0x00,0x00,0x3f,0xdc,0x00,0x00,0x1f,0xfc,0x00,0x00,0x1f,0xfe,0x00,0x00,0x0f,0xff,0x80,0x00,0x07,0xff,0xe0,0x00,
    0x01,0xff,0xf8,0x00,0x00,0x7f,0xfc,0x00,0x00,0x1f,0xfe,0x00,0x00,0x1f,0xfe,0x00,0x00,0x1c,0xfe,0x00,0x00,0x1c,0x7e,0x00,
    0x00,0x1c,0x7e,0x00,0x30,0x1c,0x7e,0x00,0x3f,0x1d,0xfe,0x00,0x3f,0xff,0xfe,0x00,0x3f,0xff,0xfc,0x00,0x3f,0xff,0xf8,0x00,
    0x3f,0xff,0xf0,0x00,0x0f,0xff,0xc0,0x00,0x00,0x1c,0x00,0x00,0x00,0x1c,0x00,0x00,0x00,0x1c,0x00,0x00,0x00,0x1c,0x00,0x00,
    0x00,0x1c,0x00,0x00,0x00,0xc0,0x00,0x00,0x00,0x07,0xf8,0x00,0x3e,0x00,0x0f,0xfc,0x00,0x7c,0x00,0x1f,0xfe,0x00,0xfc,0x00,
    0x3f,0xfe,0x00,0xf8,0x00,0x3f,0xff,0x01,0xf8,0x00,0x3e,0x3f,0x01,0xf0,0x00,0x7e,0x1f,0x03,0xf0,0x00,0x7e,0x1f,0x03,0xe0,
    0x00,0x7e,0x1f,0x07,0xe0,0x00,0x7e,0x1f,0x07,0xc0,0x00,0x7e,0x1f,0x0f,0x80,0x00,0x7e,0x1f,0x0f,0x80,0x00,0x3e,0x3f,0x1f,
    0x0f,0xc0,0x3f,0x3f,0x3f,0x3f,0xe0,0x3f,0xfe,0x3e,0x7f,0xf0,0x1f,0xfe,0x7e,0x7f,0xf8,0x1f,0xfc,0x7c,0xff,0xf8,0x0f,0xfc,
    0xfc,0xfc,0xfc,0x03,0xf0,0xf8,0xf8,0xfc,0x00,0x01,0xf9,0xf8,0x7c,0x00,0x01,0xf1,0xf8,0x7c,0x00,0x03,0xe1,0xf8,0x7c,0x00,
    0x03,0xe1,0xf8,0x7c,0x00,0x07,0xc1,0xf8,0x7c,0x00,0x0f,0xc1,0xf8,0x7c,0x00,0x0f,0x80,0xf8,0xfc,0x00,0x1f,0x80,0xfc,0xfc,
    0x00,0x1f,0x00,0xff,0xf8,0x00,0x3f,0x00,0x7f,0xf8,0x00,0x3e,0x00,0x7f,0xf0,0x00,0x7e,0x00,0x3f,0xe0,0x00,0x7c,0x00,0x0f,
    0xc0,0x00,0x04,0x00,0x00,0x00,0x00,0x7f,0xe0,0x00,0x00,0x01,0xff,0xf0,0x00,0x00,0x03,0xff,0xf8,0x00,0x00,0x07,0xff,0xfc,
    0x00,0x00,0x07,0xff,0xfc,0x00,0x00,0x07,0xf1,0xfc,0x00,0x00,0x0f,0xe0,0xfc,0x00,0x00,0x0f,0xe0,0xfc,0x00,0x00,0x07,0xe0,
    0xfc,0x00,0x00,0x07,0xe0,0xfc,0x00,0x00,0x07,0xf3,0xfc,0x00,0x00,0x07,0xf7,0xf8,0x00,0x00,0x03,0xff,0xf0,0x00,0x00,0x01,
    0xff,0xe0,0x00,0x00,0x01,0xff,0xc0,0x00,0x00,0x03,0xff,0x80,0x7f,0x00,0x07,0xff,0x80,0xfe,0x00,0x0f,0xff,0xc0,0xfe,0x00,
    0x1f,0xff,0xe0,0xfe,0x00,0x3f,0xc7,0xf1,0xfc,0x00,0x3f,0x83,0xf9,0xfc,0x00,0x3f,0x81,0xff,0xf8,0x00,0x3f,0x80,0xff,0xf8,
    0x00,0x3f,0x80,0x7f,0xf0,0x00,0x3f,0x80,0x3f,0xe0,0x00,0x3f,0xc0,0x3f,0xe0,0x00,0x3f,0xfb,0xff,0xf0,0x00,0x1f,0xff,0xff,
    0xf8,0x00,0x0f,0xff,0xff,0xfc,0x00,0x07,0xff,0xff,0xfe,0x00,0x03,0xff,0xf9,0xff,0x00,0x00,0x7f,0xc0,0xff,0x80,0x1f,0x80,
    0x1f,0x80,0x1f,0x80,0x1f,0x80,0x1f,0x80,0x1f,0x80,0x1f,0x00,0x1f,0x00,0x1f,0x00,0x1f,0x00,0x0f,0x00,0x0f,0x00,0x00,0x00,
    0x00,0x00,0x00,0x00,0x00,0x00,0x00,0x00,0x00,0x00,0x00,0x00,0x00,0x00,0x00,0x00,0x00,0x00,0x00,0x00,0x00,0x00,0x00,0x00,
    0x00,0x00,0x00,0x00,0x00,0x00,0x00,0x00,0x00,0x00,0x00,0x00,0x00,0x00,0x00,0xf8,0x01,0xf8,0x03,0xf0,0x03,0xf0,0x07,0xe0,
    0x07,0xe0,0x0f,0xc0,0x0f,0xc0,0x1f,0x80,0x1f,0x80,0x1f,0x80,0x1f,0x80,0x3f,0x00,0x3f,0x00,0x3f,0x00,0x3f,0x00,0x3f,0x00,
    0x3f,0x00,0x3f,0x00,0x3f,0x00,0x3f,0x00,0x3f,0x00,0x3f,0x00,0x3f,0x00,0x3f,0x00,0x3f,0x00,0x3f,0x00,0x1f,0x00,0x1f,0x80,
    0x1f,0x80,0x1f,0x80,0x0f,0xc0,0x0f,0xc0,0x07,0xe0,0x07,0xe0,0x03,0xe0,0x03,0xf0,0x01,0xf8,0x00,0xf8,0x3e,0x00,0x3f,0x00,
    0x1f,0x80,0x1f,0x80,0x0f,0xc0,0x0f,0xc0,0x07,0xe0,0x07,0xe0,0x03,0xe0,0x03,0xf0,0x03,0xf0,0x03,0xf0,0x01,0xf0,0x01,0xf8,
    0x01,0xf8,0x01,0xf8,0x01,0xf8,0x01,0xf8,0x01,0xf8,0x01,0xf8,0x01,0xf8,0x01,0xf8,0x01,0xf8,0x01,0xf8,0x01,0xf8,0x01,0xf8,
    0x01,0xf8,0x03,0xf0,0x03,0xf0,0x03,0xf0,0x03,0xf0,0x07,0xe0,0x07,0xe0,0x0f,0xc0,0x0f,0xc0,0x1f,0x80,0x1f,0x80,0x3f,0x00,
    0x3e,0x00,0x00,0x7e,0x00,0x00,0x7e,0x00,0x00,0x7e,0x00,0x00,0x7c,0x00,0x00,0x3c,0x00,0x00,0x3c,0x00,0x38,0x3c,0x1c,0x3f,
    0x3c,0xfc,0x3f,0xff,0xfc,0x3f,0xff,0xfc,0x7f,0xff,0xfe,0x1f,0xff,0xf8,0x00,0xff,0x00,0x01,0xff,0x80,0x01,0xff,0x80,0x03,
    0xef,0xc0,0x07,0xe7,0xe0,0x0f,0xe7,0xf0,0x0f,0xc3,0xf0,0x03,0xc3,0xc0,0x00,0x81,0x00,0x00,0x00,0x00,0x00,0x00,0x00,0x00,
    0x00,0x00,0x00,0x00,0x00,0x00,0x00,0x00,0x00,0x00,0x00,0x00,0x00,0x00,0x00,0x00,0x00,0x00,0x00,0x00,0x00,0x00,0x00,0x00,
    0x00,0x00,0x00,0x00,0x00,0x00,0x00,0x00,0x00,0x3e,0x00,0x00,0x00,0x3e,0x00,0x00,0x00,0x3e,0x00,0x00,0x00,0x3e,0x00,0x00,
    0x00,0x3e,0x00,0x00,0x00,0x3e,0x00,0x00,0x00,0x3e,0x00,0x00,0x00,0x3e,0x00,0x00,0x00,0x3e,0x00,0x00,0x3f,0xff,0xfe,0x00,
    0x3f,0xff,0xfe,0x00,0x3f,0xff,0xfe,0x00,0x3f,0xff,0xfe,0x00,0x3f,0xff,0xfe,0x00,0x00,0x3e,0x00,0x00,0x00,0x3e,0x00,0x00,
    0x00,0x3e,0x00,0x00,0x00,0x3e,0x00,0x00,0x00,0x3e,0x00,0x00,0x00,0x3e,0x00,0x00,0x00,0x3e,0x00,0x00,0x00,0x3e,0x00,0x00,
    0x00,0x00,0x00,0x00,0x00,0x00,0x00,0x00,0x00,0x00,0x00,0x00,0x00,0x00,0x00,0x00,0x00,0x00,0x00,0x00,0x1f,0xc0,0x1f,0xc0,
    0x1f,0x80,0x1f,0x80,0x1f,0x80,0x3f,0x00,0x3f,0x00,0x3f,0x00,0x3e,0x00,0x3e,0x00,0x7c,0x00,0x00,0x00,0x7f,0xf8,0x7f,0xf8,
    0x7f,0xf8,0x7f,0xf8,0x7f,0xf8,0x00,0x00,0x00,0x00,0x00,0x00,0x00,0x00,0x00,0x00,0x00,0x00,0x00,0x00,0x00,0x00,0x00,0x00,
    0x0f,0x00,0x1f,0xc0,0x1f,0xc0,0x3f,0xc0,0x1f,0xc0,0x1f,0xc0,0x0f,0x00,0x00,0x0f,0xc0,0x00,0x1f,0x80,0x00,0x1f,0x80,0x00,
    0x1f,0x80,0x00,0x3f,0x00,0x00,0x3f,0x00,0x00,0x3f,0x00,0x00,0x7e,0x00,0x00,0x7e,0x00,0x00,0xfe,0x00,0x00,0xfc,0x00,0x00,
    0xfc,0x00,0x01,0xf8,0x00,0x01,0xf8,0x00,0x01,0xf8,0x00,0x03,0xf0,0x00,0x03,0xf0,0x00,0x03,0xf0,0x00,0x07,0xe0,0x00,0x07,
    0xe0,0x00,0x0f,0xe0,0x00,0x0f,0xc0,0x00,0x0f,0xc0,0x00,0x1f,0x80,0x00,0x1f,0x80,0x00,0x1f,0x80,0x00,0x3f,0x00,0x00,0x3f,
    0x00,0x00,0x3f,0x00,0x00,0x7e,0x00,0x00,0x7e,0x00,0x00,0xfe,0x00,0x00,0x00,0x1c,0x00,0x00,0x00,0xff,0x80,0x00,0x03,0xff,
    0xe0,0x00,0x07,0xff,0xf0,0x00,0x0f,0xff,0xf8,0x00,0x0f,0xff,0xf8,0x00,0x1f,0xe3,0xfc,0x00,0x1f,0xc1,0xfc,0x00,0x3f,0x80,
    0xfe,0x00,0x3f,0x80,0xfe,0x00,0x3f,0x80,0xfe,0x00,0x3f,0x80,0x7e,0x00,0x3f,0x00,0x7e,0x00,0x3f,0x00,0x7e,0x00,0x3f,0x00,
    0x7f,0x00,0x3f,0x00,0x7f,0x00,0x3f,0x00,0x7f,0x00,0x3f,0x00,0x7f,0x00,0x3f,0x00,0x7f,0x00,0x3f,0x00,0x7f,0x00,0x3f,0x00,
    0x7e,0x00,0x3f,0x00,0x7e,0x00,0x3f,0x80,0xfe,0x00,0x3f,0x80,0xfe,0x00,0x3f,0x80,0xfe,0x00,0x1f,0x80,0xfe,0x00,0x1f,0xc1,
    0xfc,0x00,0x0f,0xf7,0xfc,0x00,0x0f,0xff,0xf8,0x00,0x07,0xff,0xf8,0x00,0x03,0xff,0xf0,0x00,0x01,0xff,0xc0,0x00,0x00,0x7f,
    0x00,0x00,0x00,0x0f,0xc0,0x00,0x00,0x1f,0xc0,0x00,0x00,0x3f,0xc0,0x00,0x00,0xff,0xc0,0x00,0x01,0xff,0xc0,0x00,0x03,0xff,
    0xc0,0x00,0x07,0xff,0xc0,0x00,0x0f,0xff,0xc0,0x00,0x1f,0xef,0xc0,0x00,0x1f,0xcf,0xc0,0x00,0x0f,0x0f,0xc0,0x00,0x06,0x1f,
    0xc0,0x00,0x00,0x1f,0xc0,0x00,0x00,0x1f,0xc0,0x00,0x00,0x1f,0xc0,0x00,0x00,0x1f,0xc0,0x00,0x00,0x1f,0xc0,0x00,0x00,0x1f,
    0xc0,0x00,0x00,0x1f,0xc0,0x00,0x00,0x1f,0xc0,0x00,0x00,0x1f,0xc0,0x00,0x00,0x1f,0xc0,0x00,0x00,0x1f,0xc0,0x00,0x00,0x1f,
    0xc0,0x00,0x00,0x1f,0xc0,0x00,0x00,0x1f,0xc0,0x00,0x00,0x1f,0xc0,0x00,0x00,0x1f,0xc0,0x00,0x00,0x1f,0xc0,0x00,0x00,0x1f,
    0xc0,0x00,0x00,0x1f,0xc0,0x00,0x00,0x1f,0xc0,0x00,0x00,0x0c,0x00,0x00,0x01,0xff,0xc0,0x00,0x07,0xff,0xf0,0x00,0x1f,0xff,
    0xf8,0x00,0x3f,0xff,0xf8,0x00,0x3f,0xff,0xfc,0x00,0x1f,0xc3,0xfc,0x00,0x0f,0x00,0xfe,0x00,0x04,0x00,0xfe,0x00,0x00,0x00,
    0xfe,0x00,0x00,0x00,0xfe,0x00,0x00,0x00,0xfe,0x00,0x00,0x00,0xfe,0x00,0x00,0x01,0xfc,0x00,0x00,0x01,0xfc,0x00,0x00,0x03,
    0xf8,0x00,0x00,0x07,0xf8,0x00,0x00,0x0f,0xf0,0x00,0x00,0x1f,0xe0,0x00,0x00,0x3f,0xc0,0x00,0x00,0x7f,0x80,0x00,0x00,0xff,
    0x00,0x00,0x01,0xfe,0x00,0x00,0x01,0xfc,0x00,0x00,0x03,0xf8,0x00,0x00,0x07,0xf0,0x00,0x00,0x0f,0xe0,0x00,0x00,0x1f,0xe0,
    0x00,0x00,0x3f,0xff,0xff,0x00,0x3f,0xff,0xff,0x00,0x3f,0xff,0xff,0x00,0x3f,0xff,0xff,0x00,0x3f,0xff,0xff,0x00,0x00,0x18,
    0x00,0x00,0x03,0xff,0xc0,0x00,0x1f,0xff,0xf0,0x00,0x3f,0xff,0xf8,0x00,0x3f,0xff,0xfc,0x00,0x1f,0xff,0xfc,0x00,0x0f,0x03,
    0xfc,0x00,0x0c,0x01,0xfc,0x00,0x00,0x00,0xfe,0x00,0x00,0x00,0xfc,0x00,0x00,0x00,0xfc,0x00,0x00,0x01,0xfc,0x00,0x00,0x03,
    0xf8,0x00,0x00,0x3f,0xf0,0x00,0x03,0xff,0xe0,0x00,0x03,0xff,0x80,0x00,0x03,0xff,0xc0,0x00,0x03,0xff,0xf0,0x00,0x03,0xff,
    0xfc,0x00,0x00,0x07,0xfc,0x00,0x00,0x01,0xfe,0x00,0x00,0x00,0xfe,0x00,0x00,0x00,0xfe,0x00,0x00,0x00,0xfe,0x00,0x00,0x00,
    0xfe,0x00,0x00,0x00,0xfe,0x00,0x30,0x01,0xfe,0x00,0x3f,0x9f,0xfe,0x00,0x3f,0xff,0xfc,0x00,0x3f,0xff,0xf8,0x00,0x3f,0xff,
    0xf0,0x00,0x3f,0xff,0xe0,0x00,0x07,0xff,0x00,0x00,0x00,0x03,0xf8,0x00,0x00,0x07,0xf8,0x00,0x00,0x07,0xf8,0x00,0x00,0x0f,
    0xf8,0x00,0x00,0x1f,0xf8,0x00,0x00,0x1f,0xf8,0x00,0x00,0x3f,0xf8,0x00,0x00,0x7f,0xf8,0x00,0x00,0x7f,0xf8,0x00,0x00,0xff,
    0xf8,0x00,0x01,0xfb,0xf8,0x00,0x01,0xf3,0xf8,0x00,0x03,0xf3,0xf8,0x00,0x07,0xe3,0xf8,0x00,0x07,0xc3,0xf8,0x00,0x0f,0xc3,
    0xf8,0x00,0x1f,0x83,0xf8,0x00,0x1f,0x03,0xf8,0x00,0x3f,0x03,0xf8,0x00,0x7e,0x03,0xf8,0x00,0x7f,0xff,0xff,0x00,0x7f,0xff,
    0xff,0x00,0x7f,0xff,0xff,0x00,0x7f,0xff,0xff,0x00,0x7f,0xff,0xff,0x00,0x00,0x03,0xf8,0x00,0x00,0x03,0xf8,0x00,0x00,0x03,
    0xf8,0x00,0x00,0x03,0xf8,0x00,0x00,0x03,0xf8,0x00,0x00,0x03,0xf8,0x00,0x00,0x03,0xf8,0x00,0x0f,0xff,0xf8,0x00,0x0f,0xff,
    0xf8,0x00,0x0f,0xff,0xf8,0x00,0x0f,0xff,0xf8,0x00,0x0f,0xff,0xf8,0x00,0x1f,0xc0,0x00,0x00,0x1f,0xc0,0x00,0x00,0x1f,0xc0,
    0x00,0x00,0x1f,0xc0,0x00,0x00,0x1f,0x80,0x00,0x00,0x1f,0x80,0x00,0x00,0x1f,0xff,0x80,0x00,0x1f,0xff,0xe0,0x00,0x1f,0xff,
    0xf0,0x00,0x1f,0xff,0xf8,0x00,0x1f,0xff,0xfc,0x00,0x0f,0xdf,0xfc,0x00,0x00,0x01,0xfe,0x00,0x00,0x00,0xfe,0x00,0x00,0x00,
    0xfe,0x00,0x00,0x00,0xfe,0x00,0x00,0x00,0xfe,0x00,0x00,0x00,0xfe,0x00,0x00,0x00,0xfe,0x00,0x00,0x00,0xfe,0x00,0x38,0x01,
    0xfc,0x00,0x3f,0xdf,0xfc,0x00,0x3f,0xff,0xf8,0x00,0x3f,0xff,0xf0,0x00,0x3f,0xff,0xe0,0x00,0x1f,0xff,0xc0,0x00,0x07,0xfe,
    0x00,0x00,0x00,0x01,0xf0,0x00,0x00,0x1f,0xfc,0x00,0x00,0x7f,0xfc,0x00,0x01,0xff,0xfc,0x00,0x03,0xff,0xfc,0x00,0x07,0xff,
    0xfc,0x00,0x0f,0xf8,0x00,0x00,0x0f,0xe0,0x00,0x00,0x1f,0xc0,0x00,0x00,0x1f,0x80,0x00,0x00,0x1f,0x80,0x00,0x00,0x3f,0x00,
    0x00,0x00,0x3f,0x1f,0xe0,0x00,0x3f,0x7f,0xf0,0x00,0x3f,0x7f,0xfc,0x00,0x3f,0xff,0xfc,0x00,0x3f,0xff,0xfe,0x00,0x3f,0xe1,
    0xfe,0x00,0x7f,0xc0,0xfe,0x00,0x7f,0x80,0x7f,0x00,0x3f,0x00,0x7f,0x00,0x3f,0x00,0x7f,0x00,0x3f,0x00,0x7f,0x00,0x3f,0x80,
    0x7f,0x00,0x3f,0x80,0x7f,0x00,0x3f,0x80,0xfe,0x00,0x1f,0xc0,0xfe,0x00,0x1f,0xff,0xfe,0x00,0x0f,0xff,0xfc,0x00,0x07,0xff,
    0xf8,0x00,0x03,0xff,0xf0,0x00,0x01,0xff,0xe0,0x00,0x00,0x7f,0x80,0x00,0x7f,0xff,0xff,0x00,0x7f,0xff,0xff,0x00,0x7f,0xff,
    0xff,0x00,0x7f,0xff,0xff,0x00,0x7f,0xff,0xff,0x00,0x00,0x00,0xfe,0x00,0x00,0x00,0xfe,0x00,0x00,0x00,0xfc,0x00,0x00,0x01,
    0xfc,0x00,0x00,0x01,0xf8,0x00,0x00,0x03,0xf8,0x00,0x00,0x03,0xf8,0x00,0x00,0x07,0xf0,0x00,0x00,0x07,0xf0,0x00,0x00,0x07,
    0xe0,0x00,0x00,0x0f,0xe0,0x00,0x00,0x0f,0xc0,0x00,0x00,0x1f,0xc0,0x00,0x00,0x1f,0xc0,0x00,0x00,0x3f,0x80,0x00,0x00,0x3f,
    0x80,0x00,0x00,0x7f,0x00,0x00,0x00,0x7f,0x00,0x00,0x00,0x7f,0x00,0x00,0x00,0xfe,0x00,0x00,0x00,0xfe,0x00,0x00,0x01,0xfc,
    0x00,0x00,0x01,0xfc,0x00,0x00,0x03,0xf8,0x00,0x00,0x03,0xf8,0x00,0x00,0x07,0xf8,0x00,0x00,0x07,0xf0,0x00,0x00,0x00,0x08,
    0x00,0x00,0x01,0xff,0xc0,0x00,0x07,0xff,0xf0,0x00,0x0f,0xff,0xf8,0x00,0x1f,0xff,0xfc,0x00,0x1f,0xff,0xfc,0x00,0x1f,0xc1,
    0xfc,0x00,0x3f,0x80,0xfe,0x00,0x3f,0x80,0xfe,0x00,0x1f,0x80,0xfe,0x00,0x1f,0x80,0xfc,0x00,0x1f,0xc1,0xfc,0x00,0x0f,0xe3,
    0xf8,0x00,0x0f,0xff,0xf0,0x00,0x07,0xff,0xe0,0x00,0x01,0xff,0xc0,0x00,0x01,0xff,0xc0,0x00,0x07,0xff,0xf0,0x00,0x0f,0xff,
    0xf8,0x00,0x1f,0xe7,0xfc,0x00,0x3f,0xc1,0xfe,0x00,0x3f,0x80,0xfe,0x00,0x3f,0x00,0x7e,0x00,0x3f,0x00,0x7f,0x00,0x7f,0x00,
    0x7f,0x00,0x3f,0x00,0x7f,0x00,0x3f,0x80,0xfe,0x00,0x3f,0xf7,0xfe,0x00,0x3f,0xff,0xfe,0x00,0x1f,0xff,0xfc,0x00,0x0f,0xff,
    0xf8,0x00,0x07,0xff,0xe0,0x00,0x00,0xff,0x80,0x00,0x00,0x18,0x00,0x00,0x01,0xff,0x80,0x00,0x07,0xff,0xe0,0x00,0x0f,0xff,
    0xf0,0x00,0x1f,0xff,0xf8,0x00,0x1f,0xff,0xf8,0x00,0x3f,0xc3,0xfc,0x00,0x3f,0x81,0xfc,0x00,0x3f,0x00,0xfe,0x00,0x7f,0x00,
    0x7e,0x00,0x7f,0x00,0x7e,0x00,0x7f,0x00,0x7e,0x00,0x7f,0x00,0x7f,0x00,0x7f,0x00,0xff,0x00,0x3f,0x80,0xff,0x00,0x3f,0xc3,
    0xff,0x00,0x3f,0xff,0xff,0x00,0x1f,0xff,0xff,0x00,0x0f,0xff,0xfe,0x00,0x07,0xff,0x7e,0x00,0x03,0xfc,0x7e,0x00,0x00,0x00,
    0x7e,0x00,0x00,0x00,0xfe,0x00,0x00,0x00,0xfc,0x00,0x00,0x01,0xfc,0x00,0x00,0x03,0xfc,0x00,0x00,0x07,0xf8,0x00,0x0e,0xff,
    0xf0,0x00,0x0f,0xff,0xf0,0x00,0x0f,0xff,0xe0,0x00,0x0f,0xff,0x80,0x00,0x0f,0xff,0x00,0x00,0x0f,0xf8,0x00,0x00,0x0f,0x00,
    0x1f,0xc0,0x1f,0xc0,0x3f,0xc0,0x1f,0xc0,0x1f,0xc0,0x0f,0x00,0x00,0x00,0x00,0x00,0x00,0x00,0x00,0x00,0x00,0x00,0x00,0x00,
    0x00,0x00,0x00,0x00,0x00,0x00,0x00,0x00,0x00,0x00,0x0f,0x00,0x1f,0xc0,0x1f,0xc0,0x3f,0xc0,0x1f,0xc0,0x1f,0xc0,0x0f,0x00,
    0x0f,0x00,0x1f,0xc0,0x1f,0xc0,0x3f,0xc0,0x1f,0xc0,0x1f,0xc0,0x0f,0x00,0x00,0x00,0x00,0x00,0x00,0x00,0x00,0x00,0x00,0x00,
    0x00,0x00,0x00,0x00,0x00,0x00,0x00,0x00,0x00,0x00,0x00,0x00,0x00,0x00,0x1f,0xc0,0x1f,0xc0,0x1f,0x80,0x1f,0x80,0x1f,0x80,
    0x3f,0x00,0x3f,0x00,0x3f,0x00,0x3e,0x00,0x3e,0x00,0x7c,0x00,0x00,0x00,0x00,0x00,0x00,0x00,0x06,0x00,0x00,0x00,0x1e,0x00,
    0x00,0x00,0x7e,0x00,0x00,0x01,0xfe,0x00,0x00,0x07,0xfe,0x00,0x00,0x1f,0xfc,0x00,0x00,0x7f,0xe0,0x00,0x01,0xff,0x80,0x00,
    0x07,0xfe,0x00,0x00,0x1f,0xf8,0x00,0x00,0x3f,0xe0,0x00,0x00,0x3f,0x80,0x00,0x00,0x3f,0xe0,0x00,0x00,0x3f,0xfc,0x00,0x00,
    0x07,0xff,0x00,0x00,0x01,0xff,0xe0,0x00,0x00,0x7f,0xf8,0x00,0x00,0x1f,0xfe,0x00,0x00,0x03,0xfe,0x00,0x00,0x00,0xfe,0x00,
    0x00,0x00,0x3e,0x00,0x00,0x00,0x0e,0x00,0x00,0x00,0x00,0x00,0x00,0x00,0x00,0x00,0x00,0x00,0x00,0x00,0x00,0x00,0x00,0x00,
    0x00,0x00,0x00,0x00,0x3f,0xff,0xfe,0x00,0x3f,0xff,0xfe,0x00,0x3f,0xff,0xfe,0x00,0x3f,0xff,0xfe,0x00,0x3f,0xff,0xfe,0x00,
    0x00,0x00,0x00,0x00,0x00,0x00,0x00,0x00,0x00,0x00,0x00,0x00,0x3f,0xff,0xfe,0x00,0x3f,0xff,0xfe,0x00,0x3f,0xff,0xfe,0x00,
    0x3f,0xff,0xfe,0x00,0x3f,0xff,0xfe,0x00,0x00,0x00,0x00,0x00,0x00,0x00,0x00,0x00,0x00,0x00,0x00,0x00,0x00,0x00,0x00,0x00,
    0x00,0x00,0x00,0x00,0x00,0x00,0x00,0x00,0x00,0x00,0x00,0x00,0x00,0x00,0x00,0x00,0x00,0x00,0x00,0x00,0x00,0x00,0x00,0x00,
    0x30,0x00,0x00,0x00,0x3c,0x00,0x00,0x00,0x3f,0x00,0x00,0x00,0x3f,0xc0,0x00,0x00,0x3f,0xf0,0x00,0x00,0x0f,0xfc,0x00,0x00,
    0x03,0xff,0x00,0x00,0x00,0xff,0xc0,0x00,0x00,0x3f,0xf0,0x00,0x00,0x0f,0xfc,0x00,0x00,0x03,0xfe,0x00,0x00,0x00,0xfe,0x00,
    0x00,0x03,0xfe,0x00,0x00,0x1f,0xfe,0x00,0x00,0x7f,0xf8,0x00,0x01,0xff,0xc0,0x00,0x0f,0xff,0x00,0x00,0x3f,0xfc,0x00,0x00,
    0x3f,0xe0,0x00,0x00,0x3f,0x80,0x00,0x00,0x3e,0x00,0x00,0x00,0x38,0x00,0x00,0x00,0x00,0x00,0x00,0x00,0x00,0x00,0x00,0x00,
    0x00,0x00,0x00,0x00,0x00,0x00,0x00,0x00,0x00,0x00,0x00,0x00,0x00,0x60,0x00,0x0f,0xff,0x00,0x3f,0xff,0x80,0xff,0xff,0xc0,
    0x7f,0xff,0xe0,0x7f,0xff,0xe0,0x3c,0x0f,0xf0,0x30,0x07,0xf0,0x00,0x03,0xf0,0x00,0x03,0xf0,0x00,0x07,0xf0,0x00,0x07,0xe0,
    0x00,0x0f,0xe0,0x00,0x3f,0xc0,0x00,0x7f,0x80,0x00,0xff,0x00,0x01,0xfe,0x00,0x01,0xfc,0x00,0x03,0xf8,0x00,0x03,0xf0,0x00,
    0x03,0xf0,0x00,0x03,0xf0,0x00,0x00,0x00,0x00,0x00,0x00,0x00,0x00,0x00,0x00,0x00,0x00,0x00,0x01,0xe0,0x00,0x03,0xf0,0x00,
    0x07,0xf8,0x00,0x07,0xf8,0x00,0x07,0xf8,0x00,0x03,0xf0,0x00,0x01,0xe0,0x00,0x00,0x00,0xff,0xc0,0x00,0x00,0x07,0xff,0xf8,
    0x00,0x00,0x1f,0xff,0xfe,0x00,0x00,0x3f,0xff,0xff,0x00,0x00,0xff,0x80,0x7f,0x80,0x01,0xfc,0x00,0x1f,0xc0,0x03,0xf8,0x00,
    0x07,0xe0,0x03,0xf0,0x00,0x03,0xe0,0x07,0xe0,0x7f,0xc3,0xf0,0x0f,0xc1,0xff,0xf1,0xf0,0x0f,0x87,0xff,0xf0,0xf8,0x0f,0x87,
    0xff,0xf0,0xf8,0x1f,0x0f,0xe1,0xf0,0xf8,0x1f,0x1f,0x81,0xf0,0xf8,0x1f,0x1f,0x01,0xf0,0xf8,0x3e,0x1f,0x01,0xf0,0xf8,0x3e,
    0x3f,0x01,0xf0,0xf8,0x3e,0x3e,0x01,0xf0,0xf8,0x3e,0x3e,0x01,0xf0,0xf8,0x3e,0x3e,0x01,0xf0,0xf8,0x3e,0x3f,0x03,0xf0,0xf8,
    0x3e,0x1f,0x03,0xf1,0xf0,0x3e,0x1f,0x87,0xf9,0xf0,0x1f,0x0f,0xff,0xff,0xe0,0x1f,0x0f,0xff,0x7f,0xe0,0x1f,0x07,0xfe,0x3f,
    0xc0,0x1f,0x81,0xf8,0x1f,0x00,0x0f,0x80,0x00,0x00,0x00,0x0f,0xc0,0x00,0x00,0x00,0x07,0xe0,0x00,0x00,0x00,0x03,0xf8,0x00,
    0x1c,0x00,0x01,0xff,0x01,0xfc,0x00,0x00,0xff,0xff,0xfc,0x00,0x00,0x7f,0xff,0xfc,0x00,0x00,0x1f,0xff,0xf8,0x00,0x00,0x03,
    0xff,0x80,0x00,0x00,0x1f,0xe0,0x00,0x00,0x1f,0xf0,0x00,0x00,0x3f,0xf0,0x00,0x00,0x3f,0xf8,0x00,0x00,0x7f,0xf8,0x00,0x00,
    0x7f,0xf8,0x00,0x00,0x7f,0xfc,0x00,0x00,0xfe,0xfc,0x00,0x00,0xfc,0xfc,0x00,0x00,0xfc,0xfe,0x00,0x01,0xfc,0x7e,0x00,0x01,
    0xf8,0x7e,0x00,0x01,0xf8,0x7f,0x00,0x03,0xf8,0x3f,0x00,0x03,0xf8,0x3f,0x00,0x03,0xf0,0x3f,0x80,0x07,0xf0,0x3f,0x80,0x07,
    0xf0,0x1f,0x80,0x07,0xe0,0x1f,0xc0,0x0f,0xff,0xff,0xc0,0x0f,0xff,0xff,0xc0,0x0f,0xff,0xff,0xe0,0x1f,0xff,0xff,0xe0,0x1f,
    0xff,0xff,0xe0,0x1f,0xc0,0x07,0xf0,0x3f,0x80,0x07,0xf0,0x3f,0x80,0x07,0xf8,0x7f,0x80,0x03,0xf8,0x7f,0x00,0x03,0xf8,0x7f,
    0x00,0x03,0xfc,0xff,0x00,0x01,0xfc,0xfe,0x00,0x01,0xfc,0x0f,0xff,0xf0,0x00,0x0f,0xff,0xfe,0x00,0x0f,0xff,0xff,0x00,0x0f,
    0xff,0xff,0x80,0x0f,0xff,0xff,0xc0,0x0f,0xe1,0xff,0xc0,0x0f,0xe0,0x1f,0xc0,0x0f,0xe0,0x1f,0xc0,0x0f,0xe0,0x0f,0xc0,0x0f,
    0xe0,0x1f,0xc0,0x0f,0xe0,0x1f,0xc0,0x0f,0xe0,0x1f,0xc0,0x0f,0xe1,0xff,0x80,0x0f,0xff,0xff,0x80,0x0f,0xff,0xfe,0x00,0x0f,
    0xff,0xfe,0x00,0x0f,0xff,0xff,0x80,0x0f,0xff,0xff,0xc0,0x0f,0xe0,0x3f,0xc0,0x0f,0xe0,0x1f,0xe0,0x0f,0xe0,0x0f,0xe0,0x0f,
    0xe0,0x0f,0xe0,0x0f,0xe0,0x0f,0xe0,0x0f,0xe0,0x0f,0xe0,0x0f,0xe0,0x0f,0xe0,0x0f,0xe0,0x1f,0xe0,0x0f,0xe0,0xff,0xe0,0x0f,
    0xff,0xff,0xc0,0x0f,0xff,0xff,0x80,0x0f,0xff,0xff,0x00,0x0f,0xff,0xfe,0x00,0x0f,0xff,0xf0,0x00,0x00,0x00,0xc0,0x00,0x00,
    0x1f,0xff,0x00,0x00,0x7f,0xff,0xc0,0x00,0xff,0xff,0xc0,0x01,0xff,0xff,0xc0,0x03,0xff,0xff,0x80,0x07,0xfc,0x0f,0x80,0x07,
    0xf8,0x01,0x80,0x0f,0xf0,0x00,0x00,0x0f,0xe0,0x00,0x00,0x1f,0xe0,0x00,0x00,0x1f,0xc0,0x00,0x00,0x1f,0xc0,0x00,0x00,0x1f,
    0xc0,0x00,0x00,0x1f,0xc0,0x00,0x00,0x1f,0xc0,0x00,0x00,0x3f,0xc0,0x00,0x00,0x1f,0xc0,0x00,0x00,0x1f,0xc0,0x00,0x00,0x1f,
    0xc0,0x00,0x00,0x1f,0xc0,0x00,0x00,0x1f,0xc0,0x00,0x00,0x1f,0xc0,0x00,0x00,0x1f,0xe0,0x00,0x00,0x0f,0xe0,0x00,0x00,0x0f,
    0xf0,0x00,0x00,0x07,0xf8,0x01,0x80,0x07,0xff,0xbf,0x80,0x03,0xff,0xff,0x80,0x01,0xff,0xff,0x80,0x00,0xff,0xff,0x80,0x00,
    0x3f,0xff,0x80,0x00,0x0f,0xfc,0x00,0x0f,0xff,0xe0,0x00,0x00,0x0f,0xff,0xfc,0x00,0x00,0x0f,0xff,0xff,0x00,0x00,0x0f,0xff,
    0xff,0x80,0x00,0x0f,0xff,0xff,0xc0,0x00,0x0f,0xe1,0xff,0xe0,0x00,0x0f,0xe0,0x1f,0xf0,0x00,0x0f,0xe0,0x0f,0xf0,0x00,0x0f,
    0xe0,0x07,0xf8,0x00,0x0f,0xe0,0x03,0xf8,0x00,0x0f,0xe0,0x03,0xf8,0x00,0x0f,0xe0,0x01,0xfc,0x00,0x0f,0xe0,0x01,0xfc,0x00,
    0x0f,0xe0,0x01,0xfc,0x00,0x0f,0xe0,0x01,0xfc,0x00,0x0f,0xe0,0x01,0xfc,0x00,0x0f,0xe0,0x01,0xfc,0x00,0x0f,0xe0,0x01,0xfc,
    0x00,0x0f,0xe0,0x01,0xfc,0x00,0x0f,0xe0,0x01,0xfc,0x00,0x0f,0xe0,0x03,0xfc,0x00,0x0f,0xe0,0x03,0xf8,0x00,0x0f,0xe0,0x03,
    0xf8,0x00,0x0f,0xe0,0x07,0xf8,0x00,0x0f,0xe0,0x0f,0xf0,0x00,0x0f,0xe0,0x3f,0xf0,0x00,0x0f,0xe3,0xff,0xe0,0x00,0x0f,0xff,
    0xff,0xc0,0x00,0x0f,0xff,0xff,0x80,0x00,0x0f,0xff,0xfe,0x00,0x00,0x0f,0xff,0xfc,0x00,0x00,0x0f,0xff,0xc0,0x00,0x00,0x0f,
    0xff,0xfc,0x00,0x0f,0xff,0xfc,0x00,0x0f,0xff,0xfc,0x00,0x0f,0xff,0xfc,0x00,0x0f,0xff,0xfc,0x00,0x0f,0xe0,0x00,0x00,0x0f,
    0xe0,0x00,0x00,0x0f,0xe0,0x00,0x00,0x0f,0xe0,0x00,0x00,0x0f,0xe0,0x00,0x00,0x0f,0xe0,0x00,0x00,0x0f,0xe0,0x00,0x00,0x0f,
    0xe0,0x00,0x00,0x0f,0xff,0xf8,0x00,0x0f,0xff,0xf8,0x00,0x0f,0xff,0xf8,0x00,0x0f,0xff,0xf8,0x00,0x0f,0xff,0xf8,0x00,0x0f,
    0xe0,0x00,0x00,0x0f,0xe0,0x00,0x00,0x0f,0xe0,0x00,0x00,0x0f,0xe0,0x00,0x00,0x0f,0xe0,0x00,0x00,0x0f,0xe0,0x00,0x00,0x0f,
    0xe0,0x00,0x00,0x0f,0xe0,0x00,0x00,0x0f,0xe0,0x00,0x00,0x0f,0xff,0xfc,0x00,0x0f,0xff,0xfc,0x00,0x0f,0xff,0xfc,0x00,0x0f,
    0xff,0xfc,0x00,0x0f,0xff,0xfc,0x00,0x0f,0xff,0xfc,0x0f,0xff,0xfc,0x0f,0xff,0xfc,0x0f,0xff,0xfc,0x0f,0xff,0xfc,0x0f,0xe0,
    0x00,0x0f,0xe0,0x00,0x0f,0xe0,0x00,0x0f,0xe0,0x00,0x0f,0xe0,0x00,0x0f,0xe0,0x00,0x0f,0xe0,0x00,0x0f,0xe0,0x00,0x0f,0xe0,
    0x00,0x0f,0xff,0xf8,0x0f,0xff,0xf8,0x0f,0xff,0xf8,0x0f,0xff,0xf8,0x0f,0xff,0xf8,0x0f,0xe0,0x00,0x0f,0xe0,0x00,0x0f,0xe0,
    0x00,0x0f,0xe0,0x00,0x0f,0xe0,0x00,0x0f,0xe0,0x00,0x0f,0xe0,0x00,0x0f,0xe0,0x00,0x0f,0xe0,0x00,0x0f,0xe0,0x00,0x0f,0xe0,
    0x00,0x0f,0xe0,0x00,0x0f,0xe0,0x00,0x00,0x00,0x30,0x00,0x00,0x0f,0xff,0xc0,0x00,0x3f,0xff,0xf0,0x00,0xff,0xff,0xf0,0x01,
    0xff,0xff,0xf0,0x03,0xff,0xff,0xe0,0x07,0xff,0x01,0xe0,0x07,0xfc,0x00,0x40,0x0f,0xf0,0x00,0x00,0x0f,0xf0,0x00,0x00,0x1f,
    0xe0,0x00,0x00,0x1f,0xc0,0x00,0x00,0x1f,0xc0,0x00,0x00,0x1f,0xc0,0x00,0x00,0x1f,0xc0,0x00,0x00,0x1f,0xc0,0xff,0xf0,0x3f,
    0xc0,0xff,0xf0,0x1f,0xc0,0xff,0xf0,0x1f,0xc0,0xff,0xf0,0x1f,0xc0,0xff,0xf0,0x1f,0xc0,0x03,0xf0,0x1f,0xc0,0x03,0xf0,0x1f,
    0xc0,0x03,0xf0,0x1f,0xe0,0x03,0xf0,0x0f,0xe0,0x03,0xf0,0x0f,0xf0,0x03,0xf0,0x07,0xf8,0x03,0xf0,0x07,0xff,0x9f,0xf0,0x03,
    0xff,0xff,0xf0,0x01,0xff,0xff,0xf0,0x00,0xff,0xff,0xf0,0x00,0x3f,0xff,0xf0,0x00,0x0f,0xff,0x00,0x0f,0xe0,0x01,0xfc,0x00,
    0x0f,0xe0,0x01,0xfc,0x00,0x0f,0xe0,0x01,0xfc,0x00,0x0f,0xe0,0x01,0xfc,0x00,0x0f,0xe0,0x01,0xfc,0x00,0x0f,0xe0,0x01,0xfc,
    0x00,0x0f,0xe0,0x01,0xfc,0x00,0x0f,0xe0,0x01,0xfc,0x00,0x0f,0xe0,0x01,0xfc,0x00,0x0f,0xe0,0x01,0xfc,0x00,0x0f,0xe0,0x01,
    0xfc,0x00,0x0f,0xe0,0x01,0xfc,0x00,0x0f,0xe0,0x01,0xfc,0x00,0x0f,0xff,0xff,0xfc,0x00,0x0f,0xff,0xff,0xfc,0x00,0x0f,0xff,
    0xff,0xfc,0x00,0x0f,0xff,0xff,0xfc,0x00,0x0f,0xff,0xff,0xfc,0x00,0x0f,0xe0,0x01,0xfc,0x00,0x0f,0xe0,0x01,0xfc,0x00,0x0f,
    0xe0,0x01,0xfc,0x00,0x0f,0xe0,0x01,0xfc,0x00,0x0f,0xe0,0x01,0xfc,0x00,0x0f,0xe0,0x01,0xfc,0x00,0x0f,0xe0,0x01,0xfc,0x00,
    0x0f,0xe0,0x01,0xfc,0x00,0x0f,0xe0,0x01,0xfc,0x00,0x0f,0xe0,0x01,0xfc,0x00,0x0f,0xe0,0x01,0xfc,0x00,0x0f,0xe0,0x01,0xfc,
    0x00,0x0f,0xe0,0x01,0xfc,0x00,0x0f,0xe0,0x01,0xfc,0x00,0x7f,0xff,0x00,0x7f,0xff,0x00,0x7f,0xff,0x00,0x7f,0xff,0x00,0x3f,
    0xfe,0x00,0x0f,0xf8,0x00,0x07,0xf0,0x00,0x07,0xf0,0x00,0x07,0xf0,0x00,0x07,0xf0,0x00,0x07,0xf0,0x00,0x07,0xf0,0x00,0x07,
    0xf0,0x00,0x07,0xf0,0x00,0x07,0xf0,0x00,0x07,0xf0,0x00,0x07,0xf0,0x00,0x07,0xf0,0x00,0x07,0xf0,0x00,0x07,0xf0,0x00,0x07,
    0xf0,0x00,0x07,0xf0,0x00,0x07,0xf0,0x00,0x07,0xf0,0x00,0x07,0xf0,0x00,0x07,0xf0,0x00,0x07,0xf0,0x00,0x1f,0xfc,0x00,0x7f,
    0xff,0x00,0x7f,0xff,0x00,0x7f,0xff,0x00,0x7f,0xff,0x00,0x00,0xfe,0x00,0x00,0xfe,0x00,0x00,0xfe,0x00,0x00,0xfe,0x00,0x00,
    0xfe,0x00,0x00,0xfe,0x00,0x00,0xfe,0x00,0x00,0xfe,0x00,0x00,0xfe,0x00,0x00,0xfe,0x00,0x00,0xfe,0x00,0x00,0xfe,0x00,0x00,
    0xfe,0x00,0x00,0xfe,0x00,0x00,0xfe,0x00,0x00,0xfe,0x00,0x00,0xfe,0x00,0x00,0xfe,0x00,0x00,0xfe,0x00,0x00,0xfe,0x00,0x00,
    0xfe,0x00,0x00,0xfe,0x00,0x00,0xfe,0x00,0x00,0xfe,0x00,0x00,0xfe,0x00,0x00,0xfe,0x00,0x00,0xfe,0x00,0x00,0xfe,0x00,0x00,
    0xfe,0x00,0x00,0xfe,0x00,0x00,0xfe,0x00,0x00,0xfe,0x00,0x00,0xfe,0x00,0x01,0xfc,0x00,0x01,0xfc,0x00,0x03,0xfc,0x00,0x7f,
    0xf8,0x00,0x7f,0xf8,0x00,0x7f,0xf0,0x00,0x7f,0xe0,0x00,0x7f,0x80,0x00,0x00,0x00,0x00,0x0f,0xe0,0x07,0xf8,0x0f,0xe0,0x07,
    0xf0,0x0f,0xe0,0x0f,0xe0,0x0f,0xe0,0x1f,0xe0,0x0f,0xe0,0x3f,0xc0,0x0f,0xe0,0x7f,0x80,0x0f,0xe0,0x7f,0x00,0x0f,0xe0,0xfe,
    0x00,0x0f,0xe1,0xfe,0x00,0x0f,0xe3,0xfc,0x00,0x0f,0xe3,0xf8,0x00,0x0f,0xe7,0xf0,0x00,0x0f,0xef,0xf0,0x00,0x0f,0xff,0xe0,
    0x00,0x0f,0xff,0xc0,0x00,0x0f,0xff,0xe0,0x00,0x0f,0xff,0xf0,0x00,0x0f,0xff,0xf0,0x00,0x0f,0xff,0xf8,0x00,0x0f,0xf3,0xf8,
    0x00,0x0f,0xe3,0xfc,0x00,0x0f,0xe1,0xfe,0x00,0x0f,0xe0,0xfe,0x00,0x0f,0xe0,0xff,0x00,0x0f,0xe0,0x7f,0x80,0x0f,0xe0,0x3f,
    0x80,0x0f,0xe0,0x3f,0xc0,0x0f,0xe0,0x1f,0xc0,0x0f,0xe0,0x1f,0xe0,0x0f,0xe0,0x0f,0xf0,0x0f,0xe0,0x07,0xf0,0x0f,0xe0,0x07,
    0xf8,0x0f,0xe0,0x00,0x00,0x0f,0xe0,0x00,0x00,0x0f,0xe0,0x00,0x00,0x0f,0xe0,0x00,0x00,0x0f,0xe0,0x00,0x00,0x0f,0xe0,0x00,
    0x00,0x0f,0xe0,0x00,0x00,0x0f,0xe0,0x00,0x00,0x0f,0xe0,0x00,0x00,0x0f,0xe0,0x00,0x00,0x0f,0xe0,0x00,0x00,0x0f,0xe0,0x00,
    0x00,0x0f,0xe0,0x00,0x00,0x0f,0xe0,0x00,0x00,0x0f,0xe0,0x00,0x00,0x0f,0xe0,0x00,0x00,0x0f,0xe0,0x00,0x00,0x0f,0xe0,0x00,
    0x00,0x0f,0xe0,0x00,0x00,0x0f,0xe0,0x00,0x00,0x0f,0xe0,0x00,0x00,0x0f,0xe0,0x00,0x00,0x0f,0xe0,0x00,0x00,0x0f,0xe0,0x00,
    0x00,0x0f,0xe0,0x00,0x00,0x0f,0xe0,0x00,0x00,0x0f,0xe0,0x00,0x00,0x0f,0xff,0xfe,0x00,0x0f,0xff,0xfe,0x00,0x0f,0xff,0xfe,
    0x00,0x0f,0xff,0xfe,0x00,0x0f,0xff,0xfe,0x00,0x0f,0xf8,0x00,0x0f,0xfc,0x00,0x0f,0xfc,0x00,0x0f,0xfc,0x00,0x0f,0xfc,0x00,
    0x0f,0xfc,0x00,0x0f,0xfc,0x00,0x1f,0xfc,0x00,0x0f,0xfc,0x00,0x1f,0xfc,0x00,0x0f,0xfe,0x00,0x1f,0xfc,0x00,0x0f,0xfe,0x00,
    0x3f,0xfc,0x00,0x0f,0xfe,0x00,0x3f,0xfc,0x00,0x0f,0xff,0x00,0x3f,0xfc,0x00,0x0f,0xff,0x00,0x7f,0xfc,0x00,0x0f,0xdf,0x00,
    0x7d,0xfc,0x00,0x0f,0xdf,0x80,0x7d,0xfc,0x00,0x0f,0xdf,0x80,0xfd,0xfc,0x00,0x0f,0xdf,0x80,0xf9,0xfc,0x00,0x0f,0xcf,0x80,
    0xf9,0xfc,0x00,0x0f,0xcf,0xc1,0xf9,0xfc,0x00,0x0f,0xcf,0xc1,0xf9,0xfc,0x00,0x0f,0xc7,0xc1,0xf1,0xfc,0x00,0x0f,0xc7,0xe3,
    0xf1,0xfc,0x00,0x0f,0xc7,0xe3,0xf1,0xfc,0x00,0x0f,0xc3,0xe3,0xe1,0xfc,0x00,0x0f,0xc3,0xf3,0xe1,0xfc,0x00,0x0f,0xc3,0xf7,
    0xe1,0xfc,0x00,0x0f,0xc1,0xf7,0xc1,0xfc,0x00,0x0f,0xc1,0xff,0xc1,0xfc,0x00,0x0f,0xc1,0xff,0xc1,0xfc,0x00,0x0f,0xc1,0xff,
    0x81,0xfc,0x00,0x0f,0xc0,0xff,0x81,0xfc,0x00,0x0f,0xc0,0xff,0x81,0xfc,0x00,0x0f,0xc0,0xff,0x01,0xfc,0x00,0x0f,0xc0,0x7f,
    0x01,0xfc,0x00,0x0f,0xc0,0x7f,0x01,0xfc,0x00,0x0f,0xf8,0x00,0x3f,0x00,0x0f,0xf8,0x00,0x3f,0x00,0x0f,0xfc,0x00,0x3f,0x00,
    0x0f,0xfc,0x00,0x3f,0x00,0x0f,0xfe,0x00,0x3f,0x00,0x0f,0xff,0x00,0x3f,0x00,0x0f,0xff,0x00,0x3f,0x00,0x0f,0xff,0x80,0x3f,
    0x00,0x0f,0xff,0x80,0x3f,0x00,0x0f,0xff,0xc0,0x3f,0x00,0x0f,0xdf,0xc0,0x3f,0x00,0x0f,0xcf,0xe0,0x3f,0x00,0x0f,0xcf,0xf0,
    0x3f,0x00,0x0f,0xc7,0xf0,0x3f,0x00,0x0f,0xc7,0xf8,0x3f,0x00,0x0f,0xc3,0xf8,0x3f,0x00,0x0f,0xc3,0xfc,0x3f,0x00,0x0f,0xc1,
    0xfc,0x3f,0x00,0x0f,0xc0,0xfe,0x3f,0x00,0x0f,0xc0,0xfe,0x3f,0x00,0x0f,0xc0,0x7f,0x3f,0x00,0x0f,0xc0,0x7f,0xbf,0x00,0x0f,
    0xc0,0x3f,0xbf,0x00,0x0f,0xc0,0x3f,0xff,0x00,0x0f,0xc0,0x1f,0xff,0x00,0x0f,0xc0,0x0f,0xff,0x00,0x0f,0xc0,0x0f,0xff,0x00,
    0x0f,0xc0,0x07,0xff,0x00,0x0f,0xc0,0x07,0xff,0x00,0x0f,0xc0,0x03,0xff,0x00,0x0f,0xc0,0x03,0xff,0x00,0x0f,0xc0,0x01,0xff,
    0x00,0x00,0x00,0xe0,0x00,0x00,0x00,0x1f,0xff,0x00,0x00,0x00,0x7f,0xff,0xc0,0x00,0x00,0xff,0xff,0xe0,0x00,0x01,0xff,0xff,
    0xf0,0x00,0x03,0xff,0xff,0xf8,0x00,0x07,0xfc,0x07,0xfc,0x00,0x0f,0xf8,0x03,0xfe,0x00,0x0f,0xf0,0x01,0xfe,0x00,0x0f,0xe0,
    0x00,0xfe,0x00,0x1f,0xe0,0x00,0xff,0x00,0x1f,0xc0,0x00,0x7f,0x00,0x1f,0xc0,0x00,0x7f,0x00,0x1f,0xc0,0x00,0x7f,0x00,0x1f,
    0xc0,0x00,0x7f,0x00,0x1f,0xc0,0x00,0x7f,0x00,0x3f,0xc0,0x00,0x7f,0x80,0x1f,0xc0,0x00,0x7f,0x80,0x1f,0xc0,0x00,0x7f,0x00,
    0x1f,0xc0,0x00,0x7f,0x00,0x1f,0xc0,0x00,0x7f,0x00,0x1f,0xc0,0x00,0x7f,0x00,0x1f,0xc0,0x00,0x7f,0x00,0x1f,0xe0,0x00,0xff,
    0x00,0x0f,0xe0,0x00,0xfe,0x00,0x0f,0xf0,0x01,0xfe,0x00,0x07,0xf8,0x03,0xfc,0x00,0x07,0xff,0xbf,0xfc,0x00,0x03,0xff,0xff,
    0xf8,0x00,0x01,0xff,0xff,0xf0,0x00,0x00,0xff,0xff,0xe0,0x00,0x00,0x3f,0xff,0x80,0x00,0x00,0x07,0xfc,0x00,0x00,0x0f,0xff,
    0xe0,0x00,0x0f,0xff,0xf8,0x00,0x0f,0xff,0xfe,0x00,0x0f,0xff,0xff,0x00,0x0f,0xff,0xff,0x00,0x0f,0xe3,0xff,0x80,0x0f,0xe0,
    0x7f,0x80,0x0f,0xe0,0x3f,0x80,0x0f,0xe0,0x1f,0xc0,0x0f,0xe0,0x1f,0xc0,0x0f,0xe0,0x1f,0xc0,0x0f,0xe0,0x1f,0xc0,0x0f,0xe0,
    0x3f,0x80,0x0f,0xe0,0x3f,0x80,0x0f,0xe0,0xff,0x80,0x0f,0xff,0xff,0x00,0x0f,0xff,0xff,0x00,0x0f,0xff,0xfe,0x00,0x0f,0xff,
    0xf8,0x00,0x0f,0xff,0xf0,0x00,0x0f,0xe0,0x00,0x00,0x0f,0xe0,0x00,0x00,0x0f,0xe0,0x00,0x00,0x0f,0xe0,0x00,0x00,0x0f,0xe0,
    0x00,0x00,0x0f,0xe0,0x00,0x00,0x0f,0xe0,0x00,0x00,0x0f,0xe0,0x00,0x00,0x0f,0xe0,0x00,0x00,0x0f,0xe0,0x00,0x00,0x0f,0xe0,
    0x00,0x00,0x0f,0xe0,0x00,0x00,0x00,0x00,0xe0,0x00,0x00,0x00,0x1f,0xff,0x00,0x00,0x00,0x7f,0xff,0xc0,0x00,0x00,0xff,0xff,
    0xe0,0x00,0x01,0xff,0xff,0xf0,0x00,0x03,0xff,0xff,0xf8,0x00,0x07,0xfc,0x07,0xfc,0x00,0x0f,0xf8,0x03,0xfe,0x00,0x0f,0xf0,
    0x01,0xfe,0x00,0x0f,0xe0,0x00,0xfe,0x00,0x1f,0xe0,0x00,0xff,0x00,0x1f,0xc0,0x00,0x7f,0x00,0x1f,0xc0,0x00,0x7f,0x00,0x1f,
    0xc0,0x00,0x7f,0x00,0x1f,0xc0,0x00,0x7f,0x00,0x1f,0xc0,0x00,0x7f,0x00,0x3f,0xc0,0x00,0x7f,0x80,0x1f,0xc0,0x00,0x7f,0x80,
    0x1f,0xc0,0x00,0x7f,0x00,0x1f,0xc0,0x00,0x7f,0x00,0x1f,0xc0,0x00,0x7f,0x00,0x1f,0xc0,0x00,0x7f,0x00,0x1f,0xc0,0x00,0x7f,
    0x00,0x1f,0xe0,0x00,0xff,0x00,0x0f,0xe0,0x00,0xfe,0x00,0x0f,0xf0,0x01,0xfe,0x00,0x07,0xf8,0x03,0xfc,0x00,0x07,0xff,0xbf,
    0xfc,0x00,0x03,0xff,0xff,0xf8,0x00,0x01,0xff,0xff,0xf0,0x00,0x00,0xff,0xff,0xe0,0x00,0x00,0x3f,0xff,0x80,0x00,0x00,0x07,
    0xff,0xc0,0x00,0x00,0x00,0x3f,0xc0,0x00,0x00,0x00,0x1f,0xe0,0x00,0x00,0x00,0x0f,0xf0,0x00,0x00,0x00,0x07,0xf8,0x00,0x00,
    0x00,0x03,0xfc,0x00,0x00,0x00,0x03,0xfe,0x00,0x00,0x00,0x01,0xff,0x00,0x0f,0xff,0xe0,0x00,0x0f,0xff,0xf8,0x00,0x0f,0xff,
    0xfe,0x00,0x0f,0xff,0xff,0x00,0x0f,0xff,0xff,0x00,0x0f,0xe3,0xff,0x80,0x0f,0xe0,0x7f,0x80,0x0f,0xe0,0x3f,0xc0,0x0f,0xe0,
    0x1f,0xc0,0x0f,0xe0,0x1f,0xc0,0x0f,0xe0,0x1f,0xc0,0x0f,0xe0,0x3f,0x80,0x0f,0xe0,0x3f,0x80,0x0f,0xe0,0xff,0x80,0x0f,0xff,
    0xff,0x00,0x0f,0xff,0xfe,0x00,0x0f,0xff,0xfc,0x00,0x0f,0xff,0xf0,0x00,0x0f,0xff,0xf0,0x00,0x0f,0xe3,0xf8,0x00,0x0f,0xe1,
    0xfc,0x00,0x0f,0xe1,0xfc,0x00,0x0f,0xe0,0xfe,0x00,0x0f,0xe0,0x7f,0x00,0x0f,0xe0,0x7f,0x00,0x0f,0xe0,0x3f,0x80,0x0f,0xe0,
    0x3f,0xc0,0x0f,0xe0,0x1f,0xc0,0x0f,0xe0,0x1f,0xe0,0x0f,0xe0,0x0f,0xe0,0x0f,0xe0,0x07,0xf0,0x0f,0xe0,0x07,0xf8,0x00,0x0c,
    0x00,0x01,0xff,0xe0,0x03,0xff,0xfc,0x07,0xff,0xfc,0x0f,0xff,0xfc,0x1f,0xff,0xf8,0x1f,0xe0,0xf8,0x1f,0x80,0x10,0x3f,0x80,
    0x00,0x3f,0x80,0x00,0x3f,0x80,0x00,0x1f,0xc0,0x00,0x1f,0xf0,0x00,0x1f,0xfc,0x00,0x0f,0xff,0x00,0x07,0xff,0x80,0x03,0xff,
    0xe0,0x01,0xff,0xf0,0x00,0x7f,0xf8,0x00,0x1f,0xfc,0x00,0x07,0xfc,0x00,0x03,0xfc,0x00,0x01,0xfc,0x00,0x00,0xfe,0x00,0x00,
    0xfc,0x30,0x00,0xfc,0x3c,0x01,0xfc,0x3f,0xef,0xfc,0x3f,0xff,0xf8,0x3f,0xff,0xf0,0x3f,0xff,0xe0,0x1f,0xff,0xc0,0x03,0xff,
    0x00,0x7f,0xff,0xff,0x80,0x7f,0xff,0xff,0x80,0x7f,0xff,0xff,0x80,0x7f,0xff,0xff,0x80,0x7f,0xff,0xff,0x80,0x00,0x7f,0x00,
    0x00,0x00,0x7f,0x00,0x00,0x00,0x7f,0x00,0x00,0x00,0x7f,0x00,0x00,0x00,0x7f,0x00,0x00,0x00,0x7f,0x00,0x00,0x00,0x7f,0x00,
    0x00,0x00,0x7f,0x00,0x00,0x00,0x7f,0x00,0x00,0x00,0x7f,0x00,0x00,0x00,0x7f,0x00,0x00,0x00,0x7f,0x00,0x00,0x00,0x7f,0x00,
    0x00,0x00,0x7f,0x00,0x00,0x00,0x7f,0x00,0x00,0x00,0x7f,0x00,0x00,0x00,0x7f,0x00,0x00,0x00,0x7f,0x00,0x00,0x00,0x7f,0x00,
    0x00,0x00,0x7f,0x00,0x00,0x00,0x7f,0x00,0x00,0x00,0x7f,0x00,0x00,0x00,0x7f,0x00,0x00,0x00,0x7f,0x00,0x00,0x00,0x7f,0x00,
    0x00,0x00,0x7f,0x00,0x00,0x00,0x7f,0x00,0x00,0x0f,0xc0,0x01,0xfc,0x00,0x0f,0xc0,0x01,0xfc,0x00,0x0f,0xc0,0x01,0xfc,0x00,
    0x0f,0xc0,0x01,0xfc,0x00,0x0f,0xc0,0x01,0xfc,0x00,0x0f,0xc0,0x01,0xfc,0x00,0x0f,0xc0,0x01,0xfc,0x00,0x0f,0xc0,0x01,0xfc,
    0x00,0x0f,0xc0,0x01,0xfc,0x00,0x0f,0xc0,0x01,0xfc,0x00,0x0f,0xc0,0x01,0xfc,0x00,0x0f,0xc0,0x01,0xfc,0x00,0x0f,0xc0,0x01,
    0xfc,0x00,0x0f,0xc0,0x01,0xfc,0x00,0x0f,0xc0,0x01,0xfc,0x00,0x0f,0xc0,0x01,0xfc,0x00,0x0f,0xc0,0x01,0xfc,0x00,0x0f,0xc0,
    0x01,0xfc,0x00,0x0f,0xc0,0x01,0xfc,0x00,0x0f,0xc0,0x01,0xfc,0x00,0x0f,0xe0,0x01,0xfc,0x00,0x0f,0xe0,0x01,0xfc,0x00,0x0f,
    0xe0,0x03,0xf8,0x00,0x0f,0xe0,0x03,0xf8,0x00,0x0f,0xf0,0x03,0xf8,0x00,0x07,0xf8,0x07,0xf8,0x00,0x07,0xff,0x7f,0xf0,0x00,
    0x03,0xff,0xff,0xe0,0x00,0x01,0xff,0xff,0xe0,0x00,0x00,0xff,0xff,0x80,0x00,0x00,0x7f,0xff,0x00,0x00,0x00,0x0f,0xf8,0x00,
    0x00,0xfe,0x00,0x03,0xf0,0xfe,0x00,0x07,0xf0,0x7f,0x00,0x07,0xf0,0x7f,0x00,0x07,0xe0,0x7f,0x00,0x0f,0xe0,0x3f,0x00,0x0f,
    0xe0,0x3f,0x80,0x0f,0xc0,0x3f,0x80,0x1f,0xc0,0x1f,0x80,0x1f,0xc0,0x1f,0xc0,0x1f,0x80,0x1f,0xc0,0x1f,0x80,0x0f,0xc0,0x3f,
    0x80,0x0f,0xe0,0x3f,0x00,0x0f,0xe0,0x3f,0x00,0x07,0xe0,0x7f,0x00,0x07,0xf0,0x7e,0x00,0x07,0xf0,0x7e,0x00,0x03,0xf0,0xfe,
    0x00,0x03,0xf8,0xfc,0x00,0x03,0xf8,0xfc,0x00,0x01,0xf9,0xfc,0x00,0x01,0xf9,0xf8,0x00,0x01,0xfd,0xf8,0x00,0x00,0xfd,0xf8,
    0x00,0x00,0xfd,0xf0,0x00,0x00,0xff,0xf0,0x00,0x00,0x7f,0xf0,0x00,0x00,0x7f,0xe0,0x00,0x00,0x7f,0xe0,0x00,0x00,0x3f,0xe0,
    0x00,0x00,0x3f,0xc0,0x00,0x00,0x3f,0xc0,0x00,0xfe,0x00,0x3f,0x80,0x0f,0xc0,0xfe,0x00,0x3f,0x80,0x0f,0xc0,0x7e,0x00,0x7f,
    0x80,0x1f,0xc0,0x7e,0x00,0x7f,0x80,0x1f,0xc0,0x7f,0x00,0x7f,0xc0,0x1f,0x80,0x7f,0x00,0x7f,0xc0,0x1f,0x80,0x3f,0x00,0xff,
    0xc0,0x3f,0x80,0x3f,0x00,0xff,0xc0,0x3f,0x80,0x3f,0x80,0xff,0xe0,0x3f,0x00,0x3f,0x80,0xff,0xe0,0x3f,0x00,0x1f,0x81,0xfb,
    0xe0,0x3f,0x00,0x1f,0x81,0xfb,0xe0,0x7f,0x00,0x1f,0x81,0xfb,0xf0,0x7e,0x00,0x1f,0xc1,0xf3,0xf0,0x7e,0x00,0x0f,0xc3,0xf3,
    0xf0,0x7e,0x00,0x0f,0xc3,0xf1,0xf0,0xfe,0x00,0x0f,0xc3,0xf1,0xf8,0xfc,0x00,0x0f,0xe3,0xe1,0xf8,0xfc,0x00,0x07,0xe7,0xe1,
    0xf8,0xfc,0x00,0x07,0xe7,0xe0,0xf9,0xfc,0x00,0x07,0xe7,0xe0,0xfd,0xf8,0x00,0x07,0xe7,0xc0,0xfd,0xf8,0x00,0x03,0xf7,0xc0,
    0xfd,0xf8,0x00,0x03,0xff,0xc0,0x7d,0xf8,0x00,0x03,0xff,0xc0,0x7f,0xf0,0x00,0x03,0xff,0x80,0x7f,0xf0,0x00,0x01,0xff,0x80,
    0x7f,0xf0,0x00,0x01,0xff,0x80,0x3f,0xf0,0x00,0x01,0xff,0x80,0x3f,0xe0,0x00,0x01,0xff,0x00,0x3f,0xe0,0x00,0x00,0xff,0x00,
    0x1f,0xe0,0x00,0x00,0xff,0x00,0x1f,0xe0,0x00,0x7f,0x00,0x07,0xf0,0x3f,0x80,0x07,0xf0,0x3f,0xc0,0x0f,0xe0,0x1f,0xc0,0x1f,
    0xe0,0x1f,0xe0,0x1f,0xc0,0x0f,0xe0,0x3f,0x80,0x07,0xf0,0x3f,0x80,0x07,0xf0,0x7f,0x00,0x03,0xf8,0x7e,0x00,0x03,0xfc,0xfe,
    0x00,0x01,0xfd,0xfc,0x00,0x00,0xff,0xfc,0x00,0x00,0xff,0xf8,0x00,0x00,0x7f,0xf0,0x00,0x00,0x3f,0xf0,0x00,0x00,0x3f,0xe0,
    0x00,0x00,0x3f,0xe0,0x00,0x00,0x7f,0xf0,0x00,0x00,0x7f,0xf0,0x00,0x00,0xff,0xf8,0x00,0x01,0xff,0xfc,0x00,0x01,0xfd,0xfc,
    0x00,0x03,0xf8,0xfe,0x00,0x07,0xf0,0xff,0x00,0x07,0xf0,0x7f,0x00,0x0f,0xe0,0x3f,0x80,0x1f,0xe0,0x3f,0xc0,0x1f,0xc0,0x1f,
    0xc0,0x3f,0x80,0x0f,0xe0,0x3f,0x80,0x0f,0xf0,0x7f,0x00,0x07,0xf0,0xff,0x00,0x07,0xf8,0xff,0x00,0x0f,0xe0,0x7f,0x00,0x1f,
    0xe0,0x7f,0x80,0x1f,0xc0,0x3f,0x80,0x3f,0xc0,0x3f,0xc0,0x3f,0x80,0x1f,0xc0,0x7f,0x80,0x1f,0xe0,0x7f,0x00,0x0f,0xe0,0xff,
    0x00,0x0f,0xf0,0xfe,0x00,0x07,0xf1,0xfc,0x00,0x07,0xf9,0xfc,0x00,0x03,0xfb,0xf8,0x00,0x03,0xff,0xf8,0x00,0x01,0xff,0xf0,
    0x00,0x00,0xff,0xf0,0x00,0x00,0xff,0xe0,0x00,0x00,0x7f,0xe0,0x00,0x00,0x7f,0xc0,0x00,0x00,0x3f,0xc0,0x00,0x00,0x3f,0x80,
    0x00,0x00,0x3f,0x80,0x00,0x00,0x3f,0x80,0x00,0x00,0x3f,0x80,0x00,0x00,0x3f,0x80,0x00,0x00,0x3f,0x80,0x00,0x00,0x3f,0x80,
    0x00,0x00,0x3f,0x80,0x00,0x00,0x3f,0x80,0x00,0x00,0x3f,0x80,0x00,0x00,0x3f,0x80,0x00,0x00,0x3f,0x80,0x00,0x00,0x3f,0x80,
    0x00,0x7f,0xff,0xff,0x00,0x7f,0xff,0xff,0x00,0x7f,0xff,0xff,0x00,0x7f,0xff,0xff,0x00,0x7f,0xff,0xff,0x00,0x00,0x01,0xfe,
    0x00,0x00,0x01,0xfe,0x00,0x00,0x01,0xfc,0x00,0x00,0x03,0xf8,0x00,0x00,0x07,0xf8,0x00,0x00,0x07,0xf0,0x00,0x00,0x0f,0xe0,
    0x00,0x00,0x1f,0xe0,0x00,0x00,0x1f,0xc0,0x00,0x00,0x3f,0x80,0x00,0x00,0x7f,0x80,0x00,0x00,0x7f,0x00,0x00,0x00,0xfe,0x00,
    0x00,0x01,0xfc,0x00,0x00,0x01,0xfc,0x00,0x00,0x03,0xf8,0x00,0x00,0x07,0xf0,0x00,0x00,0x07,0xf0,0x00,0x00,0x0f,0xe0,0x00,
    0x00,0x1f,0xc0,0x00,0x00,0x1f,0xc0,0x00,0x00,0x3f,0xc0,0x00,0x00,0x7f,0xff,0xff,0x00,0x7f,0xff,0xff,0x00,0x7f,0xff,0xff,
    0x00,0x7f,0xff,0xff,0x00,0x7f,0xff,0xff,0x00,0x1f,0xfc,0x1f,0xfc,0x1f,0xfc,0x1f,0xfc,0x1f,0xfc,0x1f,0x80,0x1f,0x80,0x1f,
    0x80,0x1f,0x80,0x1f,0x80,0x1f,0x80,0x1f,0x80,0x1f,0x80,0x1f,0x80,0x1f,0x80,0x1f,0x80,0x1f,0x80,0x1f,0x80,0x1f,0x80,0x1f,
    0x80,0x1f,0x80,0x1f,0x80,0x1f,0x80,0x1f,0x80,0x1f,0x80,0x1f,0x80,0x1f,0x80,0x1f,0x80,0x1f,0x80,0x1f,0x80,0x1f,0x80,0x1f,
    0x80,0x1f,0x80,0x1f,0x80,0x1f,0x80,0x1f,0xfc,0x1f,0xfc,0x1f,0xfc,0x1f,0xfc,0x1f,0xfc,0xfc,0x00,0x00,0x7e,0x00,0x00,0x7e,
    0x00,0x00,0x7f,0x00,0x00,0x3f,0x00,0x00,0x3f,0x00,0x00,0x1f,0x80,0x00,0x1f,0x80,0x00,0x1f,0x80,0x00,0x0f,0xc0,0x00,0x0f,
    0xc0,0x00,0x0f,0xc0,0x00,0x07,0xe0,0x00,0x07,0xe0,0x00,0x07,0xf0,0x00,0x03,0xf0,0x00,0x03,0xf0,0x00,0x01,0xf8,0x00,0x01,
    0xf8,0x00,0x01,0xf8,0x00,0x00,0xfc,0x00,0x00,0xfc,0x00,0x00,0xfe,0x00,0x00,0x7e,0x00,0x00,0x7e,0x00,0x00,0x3f,0x00,0x00,
    0x3f,0x00,0x00,0x3f,0x00,0x00,0x1f,0x80,0x00,0x1f,0x80,0x00,0x1f,0x80,0x00,0x0f,0xc0,0x7f,0xf0,0x7f,0xf0,0x7f,0xf0,0x7f,
    0xf0,0x7f,0xf0,0x03,0xf0,0x03,0xf0,0x03,0xf0,0x03,0xf0,0x03,0xf0,0x03,0xf0,0x03,0xf0,0x03,0xf0,0x03,0xf0,0x03,0xf0,0x03,
    0xf0,0x03,0xf0,0x03,0xf0,0x03,0xf0,0x03,0xf0,0x03,0xf0,0x03,0xf0,0x03,0xf0,0x03,0xf0,0x03,0xf0,0x03,0xf0,0x03,0xf0,0x03,
    0xf0,0x03,0xf0,0x03,0xf0,0x03,0xf0,0x03,0xf0,0x03,0xf0,0x03,0xf0,0x03,0xf0,0x7f,0xf0,0x7f,0xf0,0x7f,0xf0,0x7f,0xf0,0x7f,
    0xf0,0x00,0x3c,0x00,0x00,0x00,0x3c,0x00,0x00,0x00,0x7e,0x00,0x00,0x00,0x7e,0x00,0x00,0x00,0xff,0x00,0x00,0x00,0xff,0x00,
    0x00,0x01,0xff,0x80,0x00,0x01,0xff,0x80,0x00,0x01,0xe7,0xc0,0x00,0x03,0xe7,0xc0,0x00,0x03,0xe3,0xe0,0x00,0x07,0xc3,0xe0,
    0x00,0x07,0xc1,0xf0,0x00,0x0f,0x81,0xf0,0x00,0x0f,0x80,0xf8,0x00,0x1f,0x00,0xf8,0x00,0x1f,0x00,0x7c,0x00,0x1f,0x00,0x7c,
    0x00,0x3e,0x00,0x3e,0x00,0x3e,0x00,0x3e,0x00,0x7c,0x00,0x1f,0x00,0x00,0x00,0x00,0x00,0x00,0x00,0x00,0x00,0x00,0x00,0x00,
    0x00,0x00,0x00,0x00,0x00,0x00,0x00,0x00,0x00,0x00,0x00,0x00,0x00,0x00,0x00,0x00,0x00,0x00,0x00,0x00,0x00,0x00,0x00,0x00,
    0x00,0x00,0x00,0x00,0x00,0x00,0x00,0x00,0x00,0x00,0x00,0x00,0x00,0x00,0x00,0x00,0x00,0x00,0x00,0x00,0x00,0x7f,0xff,0xe0,
    0x7f,0xff,0xe0,0x7f,0xff,0xe0,0x3f,0xc0,0x1f,0xc0,0x0f,0xe0,0x07,0xf0,0x03,0xf8,0x00,0xf8,0x00,0x7c,0x00,0x00,0x00,0x00,
    0x00,0x00,0x00,0x00,0x00,0x00,0x00,0x00,0x00,0x00,0x00,0x00,0x00,0x00,0x00,0x00,0x00,0x00,0x00,0x00,0x00,0x00,0x00,0x00,
    0x00,0x00,0x00,0x00,0x00,0x00,0x00,0x00,0x00,0x00,0x00,0x00,0x00,0x00,0x00,0x00,0x00,0x00,0x00,0x00,0x00,0x00,0x00,0x00,
    0x00,0x00,0x00,0x7f,0xc0,0x00,0x03,0xff,0xf0,0x00,0x0f,0xff,0xf8,0x00,0x07,0xff,0xfc,0x00,0x07,0xff,0xfe,0x00,0x03,0xf7,
    0xfe,0x00,0x02,0x00,0xfe,0x00,0x00,0x00,0x7e,0x00,0x00,0x00,0x7e,0x00,0x00,0xff,0xfe,0x00,0x07,0xff,0xfe,0x00,0x0f,0xff,
    0xfe,0x00,0x1f,0xff,0xfe,0x00,0x3f,0xe0,0x7e,0x00,0x3f,0x80,0x7e,0x00,0x3f,0x80,0x7e,0x00,0x3f,0x80,0xfe,0x00,0x3f,0x80,
    0xfe,0x00,0x3f,0x81,0xfe,0x00,0x3f,0xef,0xfe,0x00,0x3f,0xff,0xfe,0x00,0x1f,0xff,0xfe,0x00,0x1f,0xff,0x3e,0x00,0x0f,0xfe,
    0x3e,0x00,0x03,0xf8,0x3e,0x00,0x1f,0xc0,0x00,0x00,0x1f,0xc0,0x00,0x00,0x1f,0xc0,0x00,0x00,0x1f,0xc0,0x00,0x00,0x1f,0xc0,
    0x00,0x00,0x1f,0xc0,0x00,0x00,0x1f,0xc0,0x00,0x00,0x1f,0xc0,0x00,0x00,0x1f,0xc0,0x00,0x00,0x1f,0xc3,0xf0,0x00,0x1f,0xcf,
    0xfc,0x00,0x1f,0xdf,0xfe,0x00,0x1f,0xff,0xff,0x00,0x1f,0xff,0xff,0x00,0x1f,0xfd,0xff,0x80,0x1f,0xf0,0x7f,0x80,0x1f,0xe0,
    0x3f,0x80,0x1f,0xe0,0x1f,0xc0,0x1f,0xc0,0x1f,0xc0,0x1f,0xc0,0x1f,0xc0,0x1f,0xc0,0x1f,0xc0,0x1f,0xc0,0x1f,0xc0,0x1f,0xc0,
    0x1f,0xc0,0x1f,0xc0,0x1f,0xc0,0x1f,0xc0,0x1f,0xc0,0x1f,0xe0,0x1f,0xc0,0x1f,0xe0,0x3f,0x80,0x1f,0xf0,0x7f,0x80,0x1f,0xfd,
    0xff,0x80,0x1f,0xff,0xff,0x00,0x1f,0xff,0xff,0x00,0x1f,0xbf,0xfe,0x00,0x1f,0x8f,0xfc,0x00,0x1f,0x87,0xf0,0x00,0x00,0x3f,
    0xc0,0x01,0xff,0xf8,0x03,0xff,0xf8,0x07,0xff,0xf8,0x0f,0xff,0xf0,0x1f,0xfb,0xf0,0x1f,0xe0,0x20,0x1f,0xc0,0x00,0x3f,0x80,
    0x00,0x3f,0x80,0x00,0x3f,0x80,0x00,0x3f,0x80,0x00,0x3f,0x80,0x00,0x3f,0x80,0x00,0x3f,0x80,0x00,0x3f,0x80,0x00,0x3f,0x80,
    0x00,0x3f,0xc0,0x00,0x1f,0xe0,0x18,0x1f,0xfb,0xf8,0x0f,0xff,0xf8,0x0f,0xff,0xf8,0x07,0xff,0xf8,0x01,0xff,0xf0,0x00,0x7f,
    0xc0,0x00,0x00,0x3f,0x00,0x00,0x00,0x3f,0x00,0x00,0x00,0x3f,0x00,0x00,0x00,0x3f,0x00,0x00,0x00,0x3f,0x00,0x00,0x00,0x3f,
    0x00,0x00,0x00,0x3f,0x00,0x00,0x00,0x3f,0x00,0x00,0x00,0x3f,0x00,0x00,0xfe,0x3f,0x00,0x03,0xff,0x3f,0x00,0x07,0xff,0xbf,
    0x00,0x0f,0xff,0xff,0x00,0x0f,0xff,0xff,0x00,0x1f,0xfb,0xff,0x00,0x1f,0xe0,0xff,0x00,0x3f,0xc0,0x7f,0x00,0x3f,0x80,0x3f,
    0x00,0x3f,0x80,0x3f,0x00,0x3f,0x80,0x3f,0x00,0x3f,0x80,0x3f,0x00,0x3f,0x80,0x3f,0x00,0x3f,0x80,0x3f,0x00,0x3f,0x80,0x3f,
    0x00,0x3f,0x80,0x3f,0x00,0x3f,0x80,0x3f,0x00,0x3f,0xc0,0x7f,0x00,0x1f,0xe0,0x7f,0x00,0x1f,0xfb,0xff,0x00,0x0f,0xff,0xff,
    0x00,0x0f,0xff,0xff,0x00,0x07,0xff,0xbf,0x00,0x03,0xff,0x1f,0x00,0x00,0xfc,0x1f,0x00,0x00,0x7f,0x80,0x00,0x01,0xff,0xf0,
    0x00,0x03,0xff,0xf8,0x00,0x07,0xff,0xfc,0x00,0x0f,0xff,0xfe,0x00,0x1f,0xe1,0xfe,0x00,0x1f,0xc0,0x7f,0x00,0x1f,0x80,0x7f,
    0x00,0x3f,0x80,0x3f,0x00,0x3f,0x80,0x3f,0x00,0x3f,0xff,0xff,0x00,0x3f,0xff,0xff,0x00,0x3f,0xff,0xff,0x00,0x3f,0xff,0xff,
    0x00,0x3f,0x80,0x00,0x00,0x3f,0x80,0x00,0x00,0x3f,0x80,0x00,0x00,0x1f,0xc0,0x00,0x00,0x1f,0xe0,0x06,0x00,0x1f,0xfd,0xfe,
    0x00,0x0f,0xff,0xfe,0x00,0x07,0xff,0xfe,0x00,0x03,0xff,0xfe,0x00,0x00,0xff,0xfc,0x00,0x00,0x3f,0xe0,0x00,0x00,0x7f,0x80,
    0x01,0xff,0xe0,0x03,0xff,0xe0,0x07,0xff,0xc0,0x07,0xff,0xc0,0x07,0xfb,0xc0,0x0f,0xe0,0x00,0x0f,0xe0,0x00,0x0f,0xe0,0x00,
    0x1f,0xff,0x80,0x3f,0xff,0x80,0x7f,0xff,0x80,0x7f,0xff,0x80,0x7f,0xff,0x80,0x0f,0xe0,0x00,0x0f,0xe0,0x00,0x0f,0xe0,0x00,
    0x0f,0xe0,0x00,0x0f,0xe0,0x00,0x0f,0xe0,0x00,0x0f,0xe0,0x00,0x0f,0xe0,0x00,0x0f,0xe0,0x00,0x0f,0xe0,0x00,0x0f,0xe0,0x00,
    0x0f,0xe0,0x00,0x0f,0xe0,0x00,0x0f,0xe0,0x00,0x0f,0xe0,0x00,0x0f,0xe0,0x00,0x0f,0xe0,0x00,0x0f,0xe0,0x00,0x0f,0xe0,0x00,
    0x0f,0xe0,0x00,0x00,0xfc,0x1f,0x00,0x03,0xff,0x1f,0x00,0x07,0xff,0xbf,0x00,0x0f,0xff,0xff,0x00,0x0f,0xff,0xff,0x00,0x1f,
    0xfb,0xff,0x00,0x1f,0xe0,0xff,0x00,0x3f,0xc0,0x7f,0x00,0x3f,0x80,0x3f,0x00,0x3f,0x80,0x3f,0x00,0x3f,0x80,0x3f,0x00,0x3f,
    0x80,0x3f,0x00,0x3f,0x80,0x3f,0x00,0x3f,0x80,0x3f,0x00,0x3f,0x80,0x3f,0x00,0x3f,0x80,0x3f,0x00,0x3f,0x80,0x3f,0x00,0x3f,
    0xc0,0x7f,0x00,0x1f,0xe0,0x7f,0x00,0x1f,0xfb,0xff,0x00,0x0f,0xff,0xff,0x00,0x0f,0xff,0xff,0x00,0x07,0xff,0xbf,0x00,0x03,
    0xff,0x3f,0x00,0x00,0xfc,0x3f,0x00,0x00,0x00,0x3f,0x00,0x00,0x00,0x3f,0x00,0x00,0x00,0x7f,0x00,0x00,0x00,0x7f,0x00,0x1c,
    0x00,0xff,0x00,0x1f,0xf7,0xfe,0x00,0x1f,0xff,0xfe,0x00,0x1f,0xff,0xfc,0x00,0x1f,0xff,0xf8,0x00,0x0f,0xff,0xf0,0x00,0x01,
    0xff,0x80,0x00,0x1f,0xc0,0x00,0x00,0x1f,0xc0,0x00,0x00,0x1f,0xc0,0x00,0x00,0x1f,0xc0,0x00,0x00,0x1f,0xc0,0x00,0x00,0x1f,
    0xc0,0x00,0x00,0x1f,0xc0,0x00,0x00,0x1f,0xc0,0x00,0x00,0x1f,0xc0,0x00,0x00,0x1f,0xc3,0xf8,0x00,0x1f,0xcf,0xfc,0x00,0x1f,
    0xdf,0xff,0x00,0x1f,0xff,0xff,0x00,0x1f,0xff,0xff,0x80,0x1f,0xfe,0xff,0x80,0x1f,0xf0,0x3f,0x80,0x1f,0xe0,0x3f,0xc0,0x1f,
    0xe0,0x1f,0xc0,0x1f,0xc0,0x1f,0xc0,0x1f,0xc0,0x1f,0xc0,0x1f,0xc0,0x1f,0xc0,0x1f,0xc0,0x1f,0xc0,0x1f,0xc0,0x1f,0xc0,0x1f,
    0xc0,0x1f,0xc0,0x1f,0xc0,0x1f,0xc0,0x1f,0xc0,0x1f,0xc0,0x1f,0xc0,0x1f,0xc0,0x1f,0xc0,0x1f,0xc0,0x1f,0xc0,0x1f,0xc0,0x1f,
    0xc0,0x1f,0xc0,0x1f,0xc0,0x1f,0xc0,0x1f,0xc0,0x1f,0xc0,0x1f,0xc0,0x1f,0xc0,0x1f,0xc0,0x1f,0xc0,0x07,0x80,0x0f,0xc0,0x1f,
    0xc0,0x1f,0xc0,0x1f,0xc0,0x0f,0xc0,0x07,0x80,0x00,0x00,0x00,0x00,0x1f,0xc0,0x1f,0xc0,0x1f,0xc0,0x1f,0xc0,0x1f,0xc0,0x1f,
    0xc0,0x1f,0xc0,0x1f,0xc0,0x1f,0xc0,0x1f,0xc0,0x1f,0xc0,0x1f,0xc0,0x1f,0xc0,0x1f,0xc0,0x1f,0xc0,0x1f,0xc0,0x1f,0xc0,0x1f,
    0xc0,0x1f,0xc0,0x1f,0xc0,0x1f,0xc0,0x1f,0xc0,0x1f,0xc0,0x1f,0xc0,0x1f,0xc0,0x00,0xf0,0x01,0xf8,0x03,0xf8,0x03,0xf8,0x03,
    0xf8,0x01,0xf8,0x00,0xf0,0x00,0x00,0x00,0x00,0x03,0xf8,0x03,0xf8,0x03,0xf8,0x03,0xf8,0x03,0xf8,0x03,0xf8,0x03,0xf8,0x03,
    0xf8,0x03,0xf8,0x03,0xf8,0x03,0xf8,0x03,0xf8,0x03,0xf8,0x03,0xf8,0x03,0xf8,0x03,0xf8,0x03,0xf8,0x03,0xf8,0x03,0xf8,0x03,
    0xf8,0x03,0xf8,0x03,0xf8,0x03,0xf8,0x03,0xf8,0x03,0xf8,0x03,0xf8,0x03,0xf8,0x03,0xf8,0x03,0xf8,0x03,0xf8,0xff,0xf8,0xff,
    0xf0,0xff,0xf0,0xff,0xe0,0xff,0xc0,0xff,0x00,0x1f,0xc0,0x00,0x00,0x1f,0xc0,0x00,0x00,0x1f,0xc0,0x00,0x00,0x1f,0xc0,0x00,
    0x00,0x1f,0xc0,0x00,0x00,0x1f,0xc0,0x00,0x00,0x1f,0xc0,0x00,0x00,0x1f,0xc0,0x00,0x00,0x1f,0xc0,0x00,0x00,0x1f,0xc0,0x1f,
    0xc0,0x1f,0xc0,0x3f,0x80,0x1f,0xc0,0x7f,0x80,0x1f,0xc0,0xff,0x00,0x1f,0xc1,0xfe,0x00,0x1f,0xc3,0xfc,0x00,0x1f,0xc3,0xf8,
    0x00,0x1f,0xc7,0xf0,0x00,0x1f,0xcf,0xe0,0x00,0x1f,0xdf,0xc0,0x00,0x1f,0xff,0xc0,0x00,0x1f,0xff,0xc0,0x00,0x1f,0xff,0xc0,
    0x00,0x1f,0xff,0xe0,0x00,0x1f,0xff,0xf0,0x00,0x1f,0xf7,0xf8,0x00,0x1f,0xe3,0xf8,0x00,0x1f,0xc3,0xfc,0x00,0x1f,0xc1,0xfe,
    0x00,0x1f,0xc0,0xfe,0x00,0x1f,0xc0,0x7f,0x00,0x1f,0xc0,0x7f,0x80,0x1f,0xc0,0x3f,0xc0,0x1f,0xc0,0x1f,0xc0,0x1f,0xc0,0x1f,
    0xe0,0x1f,0xc0,0x1f,0xc0,0x1f,0xc0,0x1f,0xc0,0x1f,0xc0,0x1f,0xc0,0x1f,0xc0,0x1f,0xc0,0x1f,0xc0,0x1f,0xc0,0x1f,0xc0,0x1f,
    0xc0,0x1f,0xc0,0x1f,0xc0,0x1f,0xc0,0x1f,0xc0,0x1f,0xc0,0x1f,0xc0,0x1f,0xc0,0x1f,0xc0,0x1f,0xc0,0x1f,0xc0,0x1f,0xc0,0x1f,
    0xc0,0x1f,0xc0,0x1f,0xc0,0x1f,0xc0,0x1f,0xc0,0x1f,0xc0,0x1f,0xc0,0x1f,0xc0,0x1f,0xc0,0x1f,0xc0,0x1f,0xc0,0x1f,0x83,0xf0,
    0x07,0xe0,0x00,0x1f,0x8f,0xfc,0x1f,0xf8,0x00,0x1f,0x9f,0xfe,0x3f,0xfc,0x00,0x1f,0xbf,0xff,0x7f,0xfe,0x00,0x1f,0xff,0xff,
    0xff,0xfe,0x00,0x1f,0xfd,0xff,0xfb,0xff,0x00,0x1f,0xf0,0x7f,0xe0,0xff,0x00,0x1f,0xe0,0x3f,0xc0,0x7f,0x00,0x1f,0xe0,0x3f,
    0xc0,0x7f,0x00,0x1f,0xc0,0x3f,0x80,0x7f,0x00,0x1f,0xc0,0x3f,0x80,0x7f,0x00,0x1f,0xc0,0x3f,0x80,0x7f,0x00,0x1f,0xc0,0x3f,
    0x80,0x7f,0x00,0x1f,0xc0,0x3f,0x80,0x7f,0x00,0x1f,0xc0,0x3f,0x80,0x7f,0x00,0x1f,0xc0,0x3f,0x80,0x7f,0x00,0x1f,0xc0,0x3f,
    0x80,0x7f,0x00,0x1f,0xc0,0x3f,0x80,0x7f,0x00,0x1f,0xc0,0x3f,0x80,0x7f,0x00,0x1f,0xc0,0x3f,0x80,0x7f,0x00,0x1f,0xc0,0x3f,
    0x80,0x7f,0x00,0x1f,0xc0,0x3f,0x80,0x7f,0x00,0x1f,0xc0,0x3f,0x80,0x7f,0x00,0x1f,0xc0,0x3f,0x80,0x7f,0x00,0x1f,0xc0,0x3f,
    0x80,0x7f,0x00,0x1f,0x83,0xf8,0x00,0x1f,0x8f,0xfc,0x00,0x1f,0xbf,0xff,0x00,0x1f,0xff,0xff,0x00,0x1f,0xff,0xff,0x80,0x1f,
    0xfe,0xff,0x80,0x1f,0xf0,0x3f,0x80,0x1f,0xe0,0x3f,0xc0,0x1f,0xe0,0x1f,0xc0,0x1f,0xc0,0x1f,0xc0,0x1f,0xc0,0x1f,0xc0,0x1f,
    0xc0,0x1f,0xc0,0x1f,0xc0,0x1f,0xc0,0x1f,0xc0,0x1f,0xc0,0x1f,0xc0,0x1f,0xc0,0x1f,0xc0,0x1f,0xc0,0x1f,0xc0,0x1f,0xc0,0x1f,
    0xc0,0x1f,0xc0,0x1f,0xc0,0x1f,0xc0,0x1f,0xc0,0x1f,0xc0,0x1f,0xc0,0x1f,0xc0,0x1f,0xc0,0x1f,0xc0,0x1f,0xc0,0x1f,0xc0,0x1f,
    0xc0,0x1f,0xc0,0x1f,0xc0,0x1f,0xc0,0x00,0x3f,0xc0,0x00,0x01,0xff,0xf0,0x00,0x03,0xff,0xf8,0x00,0x07,0xff,0xfc,0x00,0x0f,
    0xff,0xfe,0x00,0x1f,0xfb,0xff,0x00,0x1f,0xe0,0x7f,0x00,0x1f,0xc0,0x7f,0x80,0x3f,0x80,0x3f,0x80,0x3f,0x80,0x3f,0x80,0x3f,
    0x80,0x3f,0x80,0x3f,0x80,0x3f,0x80,0x3f,0x80,0x3f,0x80,0x3f,0x80,0x3f,0x80,0x3f,0x80,0x3f,0x80,0x3f,0x80,0x3f,0x80,0x3f,
    0x80,0x3f,0x80,0x1f,0xc0,0x7f,0x80,0x1f,0xe0,0x7f,0x00,0x0f,0xfb,0xff,0x00,0x0f,0xff,0xfe,0x00,0x07,0xff,0xfc,0x00,0x03,
    0xff,0xf8,0x00,0x01,0xff,0xf0,0x00,0x00,0x3f,0x80,0x00,0x1f,0x83,0xf0,0x00,0x1f,0x8f,0xfc,0x00,0x1f,0x9f,0xfe,0x00,0x1f,
    0xff,0xff,0x00,0x1f,0xff,0xff,0x00,0x1f,0xfd,0xff,0x80,0x1f,0xf0,0x7f,0x80,0x1f,0xe0,0x3f,0x80,0x1f,0xe0,0x1f,0xc0,0x1f,
    0xc0,0x1f,0xc0,0x1f,0xc0,0x1f,0xc0,0x1f,0xc0,0x1f,0xc0,0x1f,0xc0,0x1f,0xc0,0x1f,0xc0,0x1f,0xc0,0x1f,0xc0,0x1f,0xc0,0x1f,
    0xc0,0x1f,0xc0,0x1f,0xe0,0x1f,0xc0,0x1f,0xe0,0x3f,0x80,0x1f,0xf0,0x7f,0x80,0x1f,0xfd,0xff,0x80,0x1f,0xff,0xff,0x00,0x1f,
    0xff,0xff,0x00,0x1f,0xff,0xfe,0x00,0x1f,0xcf,0xfc,0x00,0x1f,0xc7,0xf0,0x00,0x1f,0xc0,0x00,0x00,0x1f,0xc0,0x00,0x00,0x1f,
    0xc0,0x00,0x00,0x1f,0xc0,0x00,0x00,0x1f,0xc0,0x00,0x00,0x1f,0xc0,0x00,0x00,0x1f,0xc0,0x00,0x00,0x1f,0xc0,0x00,0x00,0x1f,
    0xc0,0x00,0x00,0x1f,0xc0,0x00,0x00,0x1f,0xc0,0x00,0x00,0x00,0xfc,0x1f,0x00,0x03,0xff,0x1f,0x00,0x07,0xff,0xbf,0x00,0x0f,
    0xff,0xff,0x00,0x0f,0xff,0xff,0x00,0x1f,0xfb,0xff,0x00,0x1f,0xe0,0xff,0x00,0x3f,0xc0,0x7f,0x00,0x3f,0x80,0x3f,0x00,0x3f,
    0x80,0x3f,0x00,0x3f,0x80,0x3f,0x00,0x3f,0x80,0x3f,0x00,0x3f,0x80,0x3f,0x00,0x3f,0x80,0x3f,0x00,0x3f,0x80,0x3f,0x00,0x3f,
    0x80,0x3f,0x00,0x3f,0x80,0x3f,0x00,0x3f,0xc0,0x7f,0x00,0x1f,0xe0,0x7f,0x00,0x1f,0xfb,0xff,0x00,0x0f,0xff,0xff,0x00,0x0f,
    0xff,0xff,0x00,0x07,0xff,0xbf,0x00,0x03,0xff,0x3f,0x00,0x00,0xfc,0x3f,0x00,0x00,0x00,0x3f,0x00,0x00,0x00,0x3f,0x00,0x00,
    0x00,0x3f,0x00,0x00,0x00,0x3f,0x00,0x00,0x00,0x3f,0x00,0x00,0x00,0x3f,0x00,0x00,0x00,0x3f,0x00,0x00,0x00,0x3f,0x00,0x00,
    0x00,0x3f,0x00,0x00,0x00,0x3f,0x00,0x00,0x00,0x3f,0x00,0x1f,0x83,0xe0,0x1f,0x8f,0xe0,0x1f,0x9f,0xe0,0x1f,0xbf,0xe0,0x1f,
    0xff,0xe0,0x1f,0xff,0xe0,0x1f,0xfc,0x00,0x1f,0xf0,0x00,0x1f,0xe0,0x00,0x1f,0xe0,0x00,0x1f,0xc0,0x00,0x1f,0xc0,0x00,0x1f,
    0xc0,0x00,0x1f,0xc0,0x00,0x1f,0xc0,0x00,0x1f,0xc0,0x00,0x1f,0xc0,0x00,0x1f,0xc0,0x00,0x1f,0xc0,0x00,0x1f,0xc0,0x00,0x1f,
    0xc0,0x00,0x1f,0xc0,0x00,0x1f,0xc0,0x00,0x1f,0xc0,0x00,0x1f,0xc0,0x00,0x01,0xff,0x00,0x07,0xff,0xe0,0x1f,0xff,0xf0,0x1f,
    0xff,0xe0,0x3f,0xff,0xe0,0x3f,0xef,0xe0,0x3f,0x80,0xc0,0x3f,0x80,0x00,0x3f,0xc0,0x00,0x1f,0xf0,0x00,0x1f,0xfc,0x00,0x0f,
    0xff,0x00,0x03,0xff,0xc0,0x01,0xff,0xe0,0x00,0x3f,0xf0,0x00,0x0f,0xf0,0x00,0x07,0xf0,0x00,0x03,0xf0,0x30,0x07,0xf0,0x3f,
    0xdf,0xf0,0x3f,0xff,0xf0,0x3f,0xff,0xe0,0x3f,0xff,0xc0,0x3f,0xff,0x80,0x07,0xfe,0x00,0x03,0xe0,0x00,0x03,0xe0,0x00,0x03,
    0xe0,0x00,0x07,0xe0,0x00,0x07,0xe0,0x00,0x0f,0xff,0x80,0x3f,0xff,0x80,0x7f,0xff,0x80,0x7f,0xff,0x80,0x7f,0xff,0x80,0x0f,
    0xe0,0x00,0x0f,0xe0,0x00,0x0f,0xe0,0x00,0x0f,0xe0,0x00,0x0f,0xe0,0x00,0x0f,0xe0,0x00,0x0f,0xe0,0x00,0x0f,0xe0,0x00,0x0f,
    0xe0,0x00,0x0f,0xe0,0x00,0x0f,0xe0,0x00,0x0f,0xe0,0x00,0x0f,0xe0,0x00,0x0f,0xe0,0x00,0x0f,0xfb,0xc0,0x07,0xff,0xc0,0x07,
    0xff,0xc0,0x03,0xff,0xc0,0x03,0xff,0xc0,0x00,0xff,0x00,0x1f,0xc0,0x1f,0xc0,0x1f,0xc0,0x1f,0xc0,0x1f,0xc0,0x1f,0xc0,0x1f,
    0xc0,0x1f,0xc0,0x1f,0xc0,0x1f,0xc0,0x1f,0xc0,0x1f,0xc0,0x1f,0xc0,0x1f,0xc0,0x1f,0xc0,0x1f,0xc0,0x1f,0xc0,0x1f,0xc0,0x1f,
    0xc0,0x1f,0xc0,0x1f,0xc0,0x1f,0xc0,0x1f,0xc0,0x1f,0xc0,0x1f,0xc0,0x1f,0xc0,0x1f,0xc0,0x1f,0xc0,0x1f,0xc0,0x1f,0xc0,0x1f,
    0xc0,0x3f,0xc0,0x1f,0xc0,0x3f,0xc0,0x1f,0xc0,0x3f,0xc0,0x1f,0xe0,0x7f,0xc0,0x0f,0xfb,0xff,0xc0,0x0f,0xff,0xff,0xc0,0x0f,
    0xff,0xff,0xc0,0x07,0xff,0xcf,0xc0,0x03,0xff,0x8f,0xc0,0x00,0xfe,0x0f,0xc0,0xfe,0x00,0x3f,0x80,0xfe,0x00,0x3f,0x80,0x7f,
    0x00,0x7f,0x00,0x7f,0x00,0x7f,0x00,0x3f,0x00,0x7e,0x00,0x3f,0x80,0xfe,0x00,0x3f,0x80,0xfe,0x00,0x1f,0x80,0xfc,0x00,0x1f,
    0xc1,0xfc,0x00,0x1f,0xc1,0xfc,0x00,0x0f,0xc1,0xf8,0x00,0x0f,0xe3,0xf8,0x00,0x07,0xe3,0xf8,0x00,0x07,0xe3,0xf0,0x00,0x07,
    0xf7,0xf0,0x00,0x03,0xf7,0xe0,0x00,0x03,0xf7,0xe0,0x00,0x03,0xf7,0xe0,0x00,0x01,0xff,0xc0,0x00,0x01,0xff,0xc0,0x00,0x01,
    0xff,0xc0,0x00,0x00,0xff,0x80,0x00,0x00,0xff,0x80,0x00,0x00,0x7f,0x80,0x00,0x00,0x7f,0x00,0x00,0xfe,0x01,0xfe,0x01,0xf8,
    0x7e,0x01,0xfe,0x03,0xf8,0x7f,0x01,0xfe,0x03,0xf8,0x7f,0x03,0xfe,0x03,0xf0,0x3f,0x03,0xff,0x03,0xf0,0x3f,0x03,0xff,0x07,
    0xf0,0x3f,0x83,0xff,0x07,0xe0,0x3f,0x87,0xdf,0x07,0xe0,0x1f,0x87,0xcf,0x87,0xe0,0x1f,0x87,0xcf,0x8f,0xe0,0x1f,0xc7,0xcf,
    0x8f,0xc0,0x0f,0xcf,0x8f,0x8f,0xc0,0x0f,0xcf,0x8f,0x8f,0xc0,0x0f,0xcf,0x87,0xdf,0xc0,0x0f,0xcf,0x87,0xdf,0x80,0x07,0xef,
    0x07,0xdf,0x80,0x07,0xff,0x07,0xdf,0x80,0x07,0xff,0x03,0xff,0x00,0x07,0xff,0x03,0xff,0x00,0x03,0xff,0x03,0xff,0x00,0x03,
    0xfe,0x03,0xff,0x00,0x03,0xfe,0x03,0xfe,0x00,0x01,0xfe,0x01,0xfe,0x00,0x01,0xfe,0x01,0xfe,0x00,0x01,0xfc,0x01,0xfe,0x00,
    0x7f,0x00,0x7f,0x80,0x7f,0x80,0xff,0x00,0x3f,0xc0,0xfe,0x00,0x1f,0xc1,0xfe,0x00,0x1f,0xe1,0xfc,0x00,0x0f,0xe3,0xf8,0x00,
    0x07,0xf3,0xf8,0x00,0x07,0xff,0xf0,0x00,0x03,0xff,0xe0,0x00,0x01,0xff,0xe0,0x00,0x01,0xff,0xc0,0x00,0x00,0xff,0xc0,0x00,
    0x00,0xff,0x80,0x00,0x01,0xff,0xc0,0x00,0x01,0xff,0xe0,0x00,0x03,0xff,0xe0,0x00,0x03,0xff,0xf0,0x00,0x07,0xf7,0xf0,0x00,
    0x0f,0xf3,0xf8,0x00,0x0f,0xe3,0xfc,0x00,0x1f,0xc1,0xfc,0x00,0x3f,0xc0,0xfe,0x00,0x3f,0x80,0xff,0x00,0x7f,0x80,0x7f,0x00,
    0xff,0x00,0x7f,0x80,0xfe,0x00,0x3f,0x80,0xff,0x00,0x7f,0x80,0x7f,0x00,0x7f,0x00,0x7f,0x00,0x7f,0x00,0x3f,0x80,0x7e,0x00,
    0x3f,0x80,0xfe,0x00,0x3f,0x80,0xfe,0x00,0x1f,0xc0,0xfc,0x00,0x1f,0xc1,0xfc,0x00,0x0f,0xc1,0xfc,0x00,0x0f,0xe1,0xf8,0x00,
    0x0f,0xe3,0xf8,0x00,0x07,0xe3,0xf8,0x00,0x07,0xf3,0xf0,0x00,0x07,0xf7,0xf0,0x00,0x03,0xf7,0xf0,0x00,0x03,0xf7,0xe0,0x00,
    0x01,0xff,0xe0,0x00,0x01,0xff,0xc0,0x00,0x01,0xff,0xc0,0x00,0x00,0xff,0xc0,0x00,0x00,0xff,0x80,0x00,0x00,0x7f,0x80,0x00,
    0x00,0x7f,0x80,0x00,0x00,0x7f,0x00,0x00,0x00,0x7f,0x00,0x00,0x00,0x7f,0x00,0x00,0x00,0x7e,0x00,0x00,0x00,0xfe,0x00,0x00,
    0x01,0xfc,0x00,0x00,0x27,0xfc,0x00,0x00,0x7f,0xf8,0x00,0x00,0x7f,0xf8,0x00,0x00,0x7f,0xf0,0x00,0x00,0x7f,0xc0,0x00,0x00,
    0x3f,0x00,0x00,0x00,0x3f,0xff,0xf0,0x3f,0xff,0xf0,0x3f,0xff,0xf0,0x3f,0xff,0xf0,0x3f,0xff,0xf0,0x00,0x0f,0xe0,0x00,0x1f,
    0xc0,0x00,0x1f,0xc0,0x00,0x3f,0x80,0x00,0x7f,0x00,0x00,0x7f,0x00,0x00,0xfe,0x00,0x01,0xfc,0x00,0x03,0xf8,0x00,0x03,0xf8,
    0x00,0x07,0xf0,0x00,0x0f,0xe0,0x00,0x0f,0xe0,0x00,0x1f,0xc0,0x00,0x3f,0xc0,0x00,0x7f,0xff,0xf0,0x7f,0xff,0xf0,0x7f,0xff,
    0xf0,0x7f,0xff,0xf0,0x7f,0xff,0xf0,0x00,0x3f,0x00,0x00,0xff,0x00,0x01,0xff,0x00,0x01,0xff,0x00,0x03,0xff,0x00,0x03,0xfe,
    0x00,0x03,0xf0,0x00,0x03,0xf0,0x00,0x03,0xf0,0x00,0x03,0xf0,0x00,0x03,0xf0,0x00,0x03,0xf0,0x00,0x03,0xf0,0x00,0x03,0xf0,
    0x00,0x03,0xf0,0x00,0x03,0xf0,0x00,0x07,0xf0,0x00,0x3f,0xe0,0x00,0x7f,0xe0,0x00,0x7f,0x80,0x00,0x7f,0x00,0x00,0x7f,0xc0,
    0x00,0x7f,0xe0,0x00,0x0f,0xf0,0x00,0x07,0xf0,0x00,0x03,0xf0,0x00,0x03,0xf0,0x00,0x03,0xf0,0x00,0x03,0xf0,0x00,0x03,0xf0,
    0x00,0x03,0xf0,0x00,0x03,0xf0,0x00,0x03,0xf0,0x00,0x03,0xf0,0x00,0x03,0xfe,0x00,0x03,0xff,0x00,0x01,0xff,0x00,0x01,0xff,
    0x00,0x00,0xff,0x00,0x00,0x3f,0x00,0x00,0x3e,0x00,0x00,0x3e,0x00,0x00,0x3e,0x00,0x00,0x3e,0x00,0x00,0x3e,0x00,0x00,0x3e,
    0x00,0x00,0x3e,0x00,0x00,0x3e,0x00,0x00,0x3e,0x00,0x00,0x3e,0x00,0x00,0x3e,0x00,0x00,0x3e,0x00,0x00,0x3e,0x00,0x00,0x3e,
    0x00,0x00,0x3e,0x00,0x00,0x3e,0x00,0x00,0x3e,0x00,0x00,0x3e,0x00,0x00,0x3e,0x00,0x00,0x3e,0x00,0x00,0x3e,0x00,0x00,0x3e,
    0x00,0x00,0x3e,0x00,0x00,0x3e,0x00,0x00,0x3e,0x00,0x00,0x3e,0x00,0x00,0x3e,0x00,0x00,0x3e,0x00,0x00,0x3e,0x00,0x00,0x3e,
    0x00,0x00,0x3e,0x00,0x00,0x3e,0x00,0x00,0x3e,0x00,0x00,0x3e,0x00,0x00,0x3e,0x00,0x00,0x3e,0x00,0x00,0x3e,0x00,0x00,0x3e,
    0x00,0x00,0x3e,0x00,0x00,0x3e,0x00,0x00,0x3e,0x00,0x00,0x3e,0x00,0x00,0x3e,0x00,0x00,0x3e,0x00,0x3e,0x00,0x00,0x3f,0x80,
    0x00,0x3f,0xc0,0x00,0x3f,0xe0,0x00,0x3f,0xe0,0x00,0x3f,0xe0,0x00,0x07,0xe0,0x00,0x07,0xe0,0x00,0x07,0xe0,0x00,0x07,0xe0,
    0x00,0x07,0xe0,0x00,0x07,0xe0,0x00,0x07,0xe0,0x00,0x07,0xe0,0x00,0x07,0xe0,0x00,0x07,0xf0,0x00,0x03,0xf0,0x00,0x03,0xff,
    0x00,0x01,0xff,0x80,0x00,0xff,0x80,0x00,0x3f,0x80,0x01,0xff,0x80,0x03,0xff,0x80,0x03,0xfc,0x00,0x07,0xf0,0x00,0x07,0xe0,
    0x00,0x07,0xe0,0x00,0x07,0xe0,0x00,0x07,0xe0,0x00,0x07,0xe0,0x00,0x07,0xe0,0x00,0x07,0xe0,0x00,0x07,0xe0,0x00,0x07,0xe0,
    0x00,0x3f,0xe0,0x00,0x3f,0xe0,0x00,0x3f,0xe0,0x00,0x3f,0xc0,0x00,0x3f,0x80,0x00,0x3e,0x00,0x00,0x00,0x00,0x00,0x00,0x0f,
    0xf0,0x02,0x00,0x1f,0xfc,0x06,0x00,0x3f,0xff,0xfe,0x00,0x3f,0xff,0xfe,0x00,0x3f,0xff,0xfe,0x00,0x38,0x7f,0xfe,0x00,0x30,
    0x0f,0xfc,0x00,0x00,0x03,0xf0,0x00,0x00,0x00,0x00,0x00,0x00,0x00,0x00,0x00,0x00,0x00,0x00,0x00,0x00,0x00,0x00,0x00,0x00,
    0x00,0x00,0x00,0x00,0x00,0x00,0x00,0x00,0x00,0x00,0x00,0x00,0x00,0x00,0x00,0x00,0x00,0x00,0x00,0x00,0x00,0x00,0x00,0x00,
    0x00,0x00,0x00,0x00,0x00,0x00,0x00,0x0f,0x00,0x1f,0xc0,0x1f,0xc0,0x3f,0xc0,0x1f,0xc0,0x1f,0xc0,0x0f,0x00,0x00,0x00,0x00,
    0x00,0x00,0x00,0x00,0x00,0x0f,0x80,0x1f,0x80,0x1f,0x80,0x1f,0x80,0x1f,0x80,0x1f,0x80,0x1f,0x80,0x1f,0x80,0x1f,0x80,0x1f,
    0x80,0x1f,0x80,0x1f,0xc0,0x1f,0xc0,0x1f,0xc0,0x1f,0xc0,0x1f,0xc0,0x1f,0xc0,0x1f,0xc0,0x1f,0xc0,0x1f,0xc0,0x3f,0xc0,0x00,
    0x0f,0x00,0x00,0x00,0x0f,0x00,0x00,0x00,0x0f,0x00,0x00,0x00,0x0f,0x00,0x00,0x00,0x7f,0xf8,0x00,0x01,0xff,0xfc,0x00,0x03,
    0xff,0xfc,0x00,0x07,0xff,0xfc,0x00,0x07,0xff,0xf8,0x00,0x0f,0xf8,0x38,0x00,0x0f,0xe0,0x00,0x00,0x1f,0xe0,0x00,0x00,0x1f,
    0xc0,0x00,0x00,0x1f,0xc0,0x00,0x00,0x1f,0xc0,0x00,0x00,0x1f,0xc0,0x00,0x00,0x1f,0xc0,0x00,0x00,0x1f,0xc0,0x00,0x00,0x1f,
    0xc0,0x00,0x00,0x1f,0xc0,0x00,0x00,0x0f,0xe0,0x00,0x00,0x0f,0xf0,0x0c,0x00,0x0f,0xfc,0xfc,0x00,0x07,0xff,0xfc,0x00,0x03,
    0xff,0xfc,0x00,0x03,0xff,0xfc,0x00,0x00,0xff,0xf8,0x00,0x00,0x3f,0xe0,0x00,0x00,0x0f,0x00,0x00,0x00,0x0f,0x00,0x00,0x00,
    0x0f,0x00,0x00,0x00,0x0f,0x00,0x00,0x00,0x03,0x00,0x00,0x00,0x3f,0xf8,0x00,0x00,0xff,0xfe,0x00,0x01,0xff,0xfe,0x00,0x01,
    0xff,0xfe,0x00,0x03,0xff,0xfc,0x00,0x03,0xfc,0x1c,0x00,0x03,0xf8,0x00,0x00,0x03,0xf0,0x00,0x00,0x03,0xf0,0x00,0x00,0x03,
    0xf0,0x00,0x00,0x03,0xf0,0x00,0x00,0x03,0xf0,0x00,0x00,0x07,0xf8,0x00,0x00,0x3f,0xff,0xf0,0x00,0x3f,0xff,0xf0,0x00,0x3f,
    0xff,0xf0,0x00,0x3f,0xff,0xf0,0x00,0x3f,0xff,0xf0,0x00,0x03,0xf0,0x00,0x00,0x03,0xf0,0x00,0x00,0x03,0xf0,0x00,0x00,0x03,
    0xf0,0x00,0x00,0x07,0xf0,0x00,0x00,0x07,0xf0,0x00,0x00,0x07,0xe0,0x00,0x00,0x0f,0xc0,0x00,0x00,0x3f,0xc0,0x00,0x00,0x3f,
    0xff,0xff,0x00,0x3f,0xff,0xff,0x00,0x3f,0xff,0xff,0x00,0x3f,0xff,0xff,0x00,0x3f,0xff,0xff,0x00,0x00,0x00,0x00,0x00,0x0e,
    0x00,0x38,0x00,0x0f,0x3e,0x7c,0x00,0x1f,0xff,0xfc,0x00,0x1f,0xff,0xfc,0x00,0x0f,0xff,0xf8,0x00,0x07,0xff,0xf0,0x00,0x07,
    0xe3,0xf0,0x00,0x0f,0x80,0xf8,0x00,0x0f,0x80,0xf8,0x00,0x0f,0x80,0x78,0x00,0x0f,0x80,0x78,0x00,0x0f,0x80,0xf8,0x00,0x0f,
    0x80,0xf8,0x00,0x07,0xe3,0xf0,0x00,0x07,0xff,0xf0,0x00,0x0f,0xff,0xf8,0x00,0x1f,0xff,0xfc,0x00,0x1f,0xff,0xfc,0x00,0x0f,
    0x3e,0x7c,0x00,0x06,0x00,0x38,0x00,0x00,0x00,0x00,0x00,0x00,0x00,0x00,0x00,0x00,0x00,0x00,0x00,0x00,0x00,0x00,0x00,0x00,
    0x00,0x00,0x00,0x00,0x00,0x00,0x00,0xfe,0x00,0x3f,0x80,0x7f,0x00,0x7f,0x00,0x7f,0x00,0x7f,0x00,0x3f,0x80,0x7e,0x00,0x3f,
    0x80,0xfe,0x00,0x1f,0x80,0xfc,0x00,0x1f,0xc1,0xfc,0x00,0x0f,0xc1,0xf8,0x00,0x0f,0xe3,0xf8,0x00,0x07,0xe3,0xf0,0x00,0x07,
    0xf3,0xf0,0x00,0x03,0xf7,0xe0,0x00,0x03,0xff,0xe0,0x00,0x01,0xff,0xc0,0x00,0x01,0xff,0xc0,0x00,0x00,0xff,0x80,0x00,0x0f,
    0xff,0xf8,0x00,0x0f,0xff,0xf8,0x00,0x0f,0xff,0xf8,0x00,0x0f,0xff,0xf8,0x00,0x00,0x7f,0x00,0x00,0x00,0x7f,0x00,0x00,0x00,
    0x7f,0x00,0x00,0x0f,0xff,0xf8,0x00,0x0f,0xff,0xf8,0x00,0x0f,0xff,0xf8,0x00,0x0f,0xff,0xf8,0x00,0x00,0x7f,0x00,0x00,0x00,
    0x7f,0x00,0x00,0x00,0x7f,0x00,0x00,0x00,0x7f,0x00,0x00,0x00,0x7f,0x00,0x00,0x00,0x3e,0x00,0x00,0x3e,0x00,0x00,0x3e,0x00,
    0x00,0x3e,0x00,0x00,0x3e,0x00,0x00,0x3e,0x00,0x00,0x3e,0x00,0x00,0x3e,0x00,0x00,0x3e,0x00,0x00,0x3e,0x00,0x00,0x3e,0x00,
    0x00,0x3e,0x00,0x00,0x3e,0x00,0x00,0x3e,0x00,0x00,0x3e,0x00,0x00,0x3e,0x00,0x00,0x3e,0x00,0x00,0x3e,0x00,0x00,0x00,0x00,
    0x00,0x00,0x00,0x00,0x00,0x00,0x00,0x00,0x00,0x00,0x00,0x00,0x00,0x00,0x00,0x00,0x00,0x00,0x00,0x00,0x00,0x00,0x3e,0x00,
    0x00,0x3e,0x00,0x00,0x3e,0x00,0x00,0x3e,0x00,0x00,0x3e,0x00,0x00,0x3e,0x00,0x00,0x3e,0x00,0x00,0x3e,0x00,0x00,0x3e,0x00,
    0x00,0x3e,0x00,0x00,0x3e,0x00,0x00,0x3e,0x00,0x00,0x3e,0x00,0x00,0x3e,0x00,0x00,0x3e,0x00,0x00,0x3e,0x00,0x00,0x3e,0x00,
    0x00,0x3e,0x00,0x01,0xff,0x00,0x07,0xff,0xe0,0x0f,0xff,0xe0,0x1f,0xff,0xc0,0x1f,0x83,0xc0,0x1f,0x00,0xc0,0x1f,0x00,0x00,
    0x1f,0x80,0x00,0x1f,0xc0,0x00,0x0f,0xf0,0x00,0x0f,0xfc,0x00,0x07,0xff,0x00,0x0f,0xff,0x80,0x1f,0xbf,0xc0,0x1f,0x0f,0xe0,
    0x1f,0x07,0xe0,0x1f,0x03,0xe0,0x1f,0x03,0xe0,0x1f,0x83,0xe0,0x1f,0xc3,0xe0,0x0f,0xff,0xc0,0x07,0xff,0xc0,0x01,0xff,0x80,
    0x00,0x7f,0xc0,0x00,0x1f,0xe0,0x00,0x07,0xe0,0x00,0x03,0xe0,0x00,0x03,0xe0,0x30,0x03,0xe0,0x3e,0x07,0xe0,0x3f,0xff,0xc0,
    0x3f,0xff,0x80,0x1f,0xff,0x00,0x07,0xfc,0x00,0x00,0x00,0x00,0x00,0x01,0xe1,0xf0,0x00,0x03,0xf1,0xf8,0x00,0x03,0xf1,0xf8,
    0x00,0x03,0xf1,0xf0,0x00,0x01,0xe0,0xf0,0x00,0x00,0x00,0x00,0x00,0x00,0x00,0x00,0x00,0x00,0x00,0x00,0x00,0x00,0x00,0x00,
    0x00,0x00,0x00,0x00,0x00,0x00,0x00,0x00,0x00,0x00,0x00,0x00,0x00,0x00,0x00,0x00,0x00,0x00,0x00,0x00,0x00,0x00,0x00,0x00,
    0x00,0x00,0x00,0x00,0x00,0x00,0x00,0x00,0x00,0x00,0x00,0x00,0x00,0x00,0x00,0x00,0x00,0x00,0x00,0x00,0x00,0x00,0x00,0x00,
    0x00,0x00,0x00,0x00,0x00,0x00,0x00,0x00,0x00,0x00,0x00,0x00,0x00,0x00,0x00,0x00,0x00,0x00,0x00,0x00,0x00,0x00,0x00,0x00,
    0x00,0x00,0x00,0x00,0x00,0x00,0x00,0x00,0x00,0x00,0x00,0x00,0x00,0x00,0x00,0x00,0x00,0x00,0x00,0x00,0x00,0x00,0x00,0x00,
    0x00,0x00,0x03,0xfe,0x00,0x00,0x00,0x1f,0xff,0x80,0x00,0x00,0x3f,0xff,0xe0,0x00,0x00,0xfc,0x03,0xf0,0x00,0x01,0xf0,0x00,
    0xfc,0x00,0x03,0xc0,0x00,0x3c,0x00,0x07,0x80,0xfe,0x1e,0x00,0x07,0x03,0xff,0x0f,0x00,0x0f,0x07,0xff,0x07,0x80,0x0e,0x0f,
    0x87,0x07,0x80,0x1c,0x1f,0x00,0x03,0x80,0x1c,0x1e,0x00,0x03,0xc0,0x1c,0x3c,0x00,0x01,0xc0,0x3c,0x3c,0x00,0x01,0xc0,0x38,
    0x3c,0x00,0x01,0xc0,0x38,0x3c,0x00,0x01,0xc0,0x38,0x3c,0x00,0x01,0xe0,0x38,0x3c,0x00,0x01,0xc0,0x38,0x3c,0x00,0x01,0xc0,
    0x38,0x3c,0x00,0x01,0xc0,0x1c,0x3c,0x00,0x01,0xc0,0x1c,0x1e,0x00,0x03,0xc0,0x1c,0x1e,0x00,0x03,0xc0,0x1e,0x0f,0x83,0x03,
    0x80,0x0e,0x07,0xff,0x07,0x80,0x0f,0x03,0xff,0x0f,0x00,0x07,0x80,0xfc,0x1e,0x00,0x03,0xc0,0x00,0x3e,0x00,0x01,0xf0,0x00,
    0x7c,0x00,0x00,0xfc,0x03,0xf8,0x00,0x00,0x7f,0xff,0xe0,0x00,0x00,0x1f,0xff,0x80,0x00,0x00,0x03,0xfe,0x00,0x00,0x00,0x00,
    0x00,0x0f,0xf0,0x00,0x3f,0xfc,0x00,0x3f,0xfc,0x00,0x18,0x3e,0x00,0x00,0x1e,0x00,0x0f,0xfe,0x00,0x3f,0xfe,0x00,0x3f,0xfe,
    0x00,0x7e,0x3e,0x00,0x7c,0x3e,0x00,0x7c,0x3e,0x00,0x7c,0x7e,0x00,0x7f,0xfe,0x00,0x3f,0xce,0x00,0x0f,0x8e,0x00,0x00,0x00,
    0x00,0x00,0x00,0x00,0x00,0x00,0x00,0x00,0x00,0x00,0x00,0x00,0x00,0x00,0x00,0x00,0x00,0x00,0x00,0x00,0x00,0x00,0x00,0x00,
    0x00,0x00,0x00,0x00,0x00,0x00,0x00,0x00,0x00,0x00,0x00,0x00,0x00,0x00,0x00,0x00,0x00,0x00,0x00,0x00,0x00,0x00,0x00,0x00,
    0x00,0x00,0x00,0x60,0x0c,0x00,0x00,0xf8,0x1f,0x00,0x00,0xfc,0x3f,0x80,0x01,0xfc,0x3f,0x80,0x03,0xf8,0x7f,0x00,0x07,0xf0,
    0xfe,0x00,0x0f,0xe1,0xfc,0x00,0x1f,0xc3,0xf8,0x00,0x1f,0xc3,0xf8,0x00,0x3f,0x87,0xf0,0x00,0x3f,0x87,0xf0,0x00,0x1f,0xc3,
    0xf8,0x00,0x0f,0xe3,0xf8,0x00,0x0f,0xe1,0xfc,0x00,0x07,0xf0,0xfe,0x00,0x03,0xf8,0x7f,0x00,0x01,0xfc,0x3f,0x80,0x00,0xfc,
    0x3f,0x80,0x00,0xf8,0x1e,0x00,0x00,0x60,0x0c,0x00,0x00,0x00,0x00,0x00,0x00,0x00,0x00,0x00,0x00,0x00,0x00,0x00,0x3f,0xff,
    0xfe,0x00,0x3f,0xff,0xfe,0x00,0x3f,0xff,0xfe,0x00,0x3f,0xff,0xfe,0x00,0x3f,0xff,0xfe,0x00,0x00,0x00,0x3e,0x00,0x00,0x00,
    0x3e,0x00,0x00,0x00,0x3e,0x00,0x00,0x00,0x3e,0x00,0x00,0x00,0x3e,0x00,0x00,0x00,0x3e,0x00,0x00,0x00,0x3e,0x00,0x00,0x00,
    0x3e,0x00,0x00,0x00,0x00,0x00,0x00,0x00,0x00,0x00,0x00,0x00,0x00,0x00,0x00,0x00,0x00,0x00,0x00,0x00,0x00,0x00,0x00,0x03,
    0xfe,0x00,0x00,0x00,0x1f,0xff,0x80,0x00,0x00,0x3f,0xff,0xe0,0x00,0x00,0xfc,0x03,0xf0,0x00,0x01,0xf0,0x00,0xfc,0x00,0x03,
    0xc0,0x00,0x3c,0x00,0x07,0x80,0x00,0x1e,0x00,0x07,0x0f,0xfc,0x0f,0x00,0x0f,0x0f,0xfe,0x07,0x80,0x0e,0x0f,0xff,0x07,0x80,
    0x1c,0x0f,0x0f,0x83,0x80,0x1c,0x0f,0x07,0x83,0xc0,0x1c,0x0f,0x07,0x81,0xc0,0x3c,0x0f,0x07,0x81,0xc0,0x38,0x0f,0x07,0x81,
    0xc0,0x38,0x0f,0x0f,0x01,0xc0,0x38,0x0f,0xfe,0x01,0xe0,0x38,0x0f,0xfc,0x01,0xc0,0x38,0x0f,0xfc,0x01,0xc0,0x38,0x0f,0x1c,
    0x01,0xc0,0x1c,0x0f,0x1e,0x01,0xc0,0x1c,0x0f,0x0f,0x03,0xc0,0x1c,0x0f,0x0f,0x03,0xc0,0x1e,0x0f,0x07,0x83,0x80,0x0e,0x0f,
    0x07,0x87,0x80,0x0f,0x0f,0x03,0xcf,0x00,0x07,0x80,0x00,0x1e,0x00,0x03,0xc0,0x00,0x3e,0x00,0x01,0xf0,0x00,0x7c,0x00,0x00,
    0xfc,0x03,0xf8,0x00,0x00,0x7f,0xff,0xe0,0x00,0x00,0x1f,0xff,0x80,0x00,0x00,0x03,0xfe,0x00,0x00,0x7f,0xff,0xfe,0x7f,0xff,
    0xfe,0x7f,0xff,0xfe,0x7f,0xff,0xfe,0x00,0x00,0x00,0x00,0x00,0x00,0x00,0x00,0x00,0x00,0x00,0x00,0x00,0x00,0x00,0x00,0x00,
    0x00,0x00,0x00,0x00,0x00,0x00,0x00,0x00,0x00,0x00,0x00,0x00,0x00,0x00,0x00,0x00,0x00,0x00,0x00,0x00,0x00,0x00,0x00,0x00,
    0x00,0x00,0x00,0x00,0x00,0x00,0x00,0x00,0x00,0x00,0x00,0x00,0x00,0x00,0x00,0x00,0x00,0x00,0x00,0x00,0x00,0x00,0x00,0x00,
    0x00,0x00,0x00,0x00,0x00,0x00,0x00,0x00,0x00,0x00,0x00,0x00,0x00,0x00,0x00,0x00,0x00,0x00,0x00,0x00,0x00,0x00,0x00,0x00,
    0x00,0x00,0x00,0x00,0x00,0x00,0x00,0x00,0x00,0x00,0x00,0x00,0x00,0x03,0xf0,0x00,0x07,0xfc,0x00,0x0f,0xfe,0x00,0x1f,0xff,
    0x00,0x3f,0x1f,0x80,0x3e,0x0f,0x80,0x3c,0x07,0x80,0x3c,0x07,0x80,0x3c,0x07,0x80,0x3e,0x0f,0x80,0x3f,0x1f,0x80,0x1f,0xff,
    0x00,0x1f,0xfe,0x00,0x07,0xfc,0x00,0x03,0xf0,0x00,0x00,0x00,0x00,0x00,0x00,0x00,0x00,0x00,0x00,0x00,0x00,0x00,0x00,0x00,
    0x00,0x00,0x00,0x00,0x00,0x00,0x00,0x00,0x00,0x00,0x00,0x00,0x00,0x00,0x00,0x00,0x00,0x00,0x00,0x00,0x00,0x00,0x00,0x00,
    0x00,0x00,0x00,0x00,0x00,0x00,0x00,0x00,0x00,0x00,0x00,0x00,0x00,0x00,0x3e,0x00,0x00,0x00,0x3e,0x00,0x00,0x00,0x3e,0x00,
    0x00,0x00,0x3e,0x00,0x00,0x00,0x3e,0x00,0x00,0x00,0x3e,0x00,0x00,0x00,0x3e,0x00,0x00,0x00,0x3e,0x00,0x00,0x3f,0xff,0xfe,
    0x00,0x3f,0xff,0xfe,0x00,0x3f,0xff,0xfe,0x00,0x3f,0xff,0xfe,0x00,0x3f,0xff,0xfe,0x00,0x00,0x3e,0x00,0x00,0x00,0x3e,0x00,
    0x00,0x00,0x3e,0x00,0x00,0x00,0x3e,0x00,0x00,0x00,0x3e,0x00,0x00,0x00,0x3e,0x00,0x00,0x00,0x3e,0x00,0x00,0x00,0x3e,0x00,
    0x00,0x00,0x3e,0x00,0x00,0x00,0x00,0x00,0x00,0x3f,0xff,0xfe,0x00,0x3f,0xff,0xfe,0x00,0x3f,0xff,0xfe,0x00,0x3f,0xff,0xfe,
    0x00,0x3f,0xff,0xfe,0x00,0x00,0x00,0x00,0x0f,0xf0,0x00,0x3f,0xf8,0x00,0x7f,0xfc,0x00,0x3f,0xfc,0x00,0x3c,0x7e,0x00,0x10,
    0x7e,0x00,0x00,0x7c,0x00,0x00,0x7c,0x00,0x00,0xfc,0x00,0x01,0xf8,0x00,0x03,0xf0,0x00,0x07,0xe0,0x00,0x0f,0xc0,0x00,0x1f,
    0x80,0x00,0x3f,0xfe,0x00,0x7f,0xfe,0x00,0x7f,0xfe,0x00,0x7f,0xfe,0x00,0x7f,0xfe,0x00,0x00,0x00,0x00,0x00,0x00,0x00,0x00,
    0x00,0x00,0x00,0x00,0x00,0x00,0x00,0x00,0x00,0x00,0x00,0x00,0x00,0x00,0x00,0x00,0x00,0x00,0x00,0x00,0x00,0x00,0x00,0x00,
    0x00,0x00,0x00,0x00,0x00,0x00,0x00,0x00,0x00,0x00,0x00,0x00,0x00,0x00,0x00,0x00,0x00,0x00,0x00,0x00,0x00,0x00,0x00,0x07,
    0xe0,0x00,0x1f,0xf8,0x00,0x3f,0xf8,0x00,0x3f,0xfc,0x00,0x3c,0x7c,0x00,0x10,0x7c,0x00,0x00,0x3c,0x00,0x00,0x7c,0x00,0x00,
    0xf8,0x00,0x0f,0xf0,0x00,0x0f,0xe0,0x00,0x0f,0xf8,0x00,0x00,0x7c,0x00,0x00,0x3e,0x00,0x00,0x3e,0x00,0x70,0x7e,0x00,0x7f,
    0xfe,0x00,0x7f,0xfc,0x00,0x3f,0xf8,0x00,0x0f,0xe0,0x00,0x00,0x00,0x00,0x00,0x00,0x00,0x00,0x00,0x00,0x00,0x00,0x00,0x00,
    0x00,0x00,0x00,0x00,0x00,0x00,0x00,0x00,0x00,0x00,0x00,0x00,0x00,0x00,0x00,0x00,0x00,0x00,0x00,0x00,0x00,0x00,0x00,0x00,
    0x00,0x00,0x00,0x00,0x00,0x00,0x00,0x00,0x00,0x00,0x00,0x00,0x00,0x00,0x00,0x00,0x00,0x03,0xfc,0x03,0xf8,0x07,0xf0,0x0f,
    0xe0,0x1f,0xc0,0x3f,0x00,0x3e,0x00,0x00,0x00,0x00,0x00,0x00,0x00,0x00,0x00,0x00,0x00,0x00,0x00,0x00,0x00,0x00,0x00,0x00,
    0x00,0x00,0x00,0x00,0x00,0x00,0x00,0x00,0x00,0x00,0x00,0x00,0x00,0x00,0x00,0x00,0x00,0x00,0x00,0x00,0x00,0x00,0x00,0x00,
    0x00,0x00,0x00,0x00,0x00,0x00,0x00,0x00,0x00,0x00,0x00,0x00,0x00,0x1f,0xc0,0x1f,0xc0,0x1f,0xc0,0x1f,0xc0,0x1f,0xc0,0x1f,
    0xc0,0x1f,0xc0,0x1f,0xc0,0x1f,0xc0,0x1f,0xc0,0x1f,0xc0,0x1f,0xc0,0x1f,0xc0,0x1f,0xc0,0x1f,0xc0,0x1f,0xc0,0x1f,0xc0,0x1f,
    0xc0,0x1f,0xc0,0x1f,0xc0,0x1f,0xc0,0x1f,0xc0,0x1f,0xc0,0x1f,0xc0,0x1f,0xc0,0x1f,0xc0,0x1f,0xc0,0x1f,0xc0,0x1f,0xc0,0x1f,
    0xc0,0x1f,0xc0,0x1f,0xc0,0x1f,0xc0,0x3f,0xc0,0x1f,0xe0,0x3f,0xc0,0x1f,0xe0,0x7f,0xc0,0x1f,0xfb,0xff,0xc0,0x1f,0xff,0xff,
    0xc0,0x1f,0xff,0xff,0xc0,0x1f,0xff,0xef,0xc0,0x1f,0xff,0xcf,0xc0,0x1f,0xdf,0x8f,0xc0,0x1f,0xc0,0x00,0x00,0x1f,0xc0,0x00,
    0x00,0x1f,0xc0,0x00,0x00,0x1f,0xc0,0x00,0x00,0x1f,0xc0,0x00,0x00,0x1f,0xc0,0x00,0x00,0x1f,0xc0,0x00,0x00,0x1f,0xc0,0x00,
    0x00,0x1f,0xc0,0x00,0x00,0x1f,0xc0,0x00,0x00,0x1f,0xc0,0x00,0x00,0x00,0xff,0xff,0x80,0x03,0xff,0xff,0x80,0x07,0xff,0xff,
    0x80,0x0f,0xff,0xff,0x80,0x0f,0xff,0xc3,0x80,0x1f,0xff,0xc3,0x80,0x1f,0xff,0xc3,0x80,0x1f,0xff,0xc3,0x80,0x3f,0xff,0xc3,
    0x80,0x3f,0xff,0xc3,0x80,0x3f,0xff,0xc3,0x80,0x3f,0xff,0xc3,0x80,0x3f,0xff,0xc3,0x80,0x3f,0xff,0xc3,0x80,0x1f,0xff,0xc3,
    0x80,0x1f,0xff,0xc3,0x80,0x1f,0xff,0xc3,0x80,0x1f,0xff,0xc3,0x80,0x0f,0xff,0xc3,0x80,0x07,0xff,0xc3,0x80,0x03,0xff,0xc3,
    0x80,0x00,0xff,0xc3,0x80,0x00,0x03,0xc3,0x80,0x00,0x03,0xc3,0x80,0x00,0x03,0xc3,0x80,0x00,0x03,0xc3,0x80,0x00,0x03,0xc3,
    0x80,0x00,0x03,0xc3,0x80,0x00,0x03,0xc3,0x80,0x00,0x03,0xc3,0x80,0x00,0x03,0xc3,0x80,0x00,0x03,0xc3,0x80,0x00,0x03,0xc3,
    0x80,0x00,0x03,0xc3,0x80,0x00,0x03,0xc3,0x80,0x00,0x03,0xc3,0x80,0x00,0x03,0xc3,0x80,0x00,0x03,0xc3,0x80,0x00,0x03,0xc3,
    0x80,0x00,0x01,0xc3,0x80,0x0f,0x00,0x1f,0xc0,0x1f,0xc0,0x3f,0xc0,0x1f,0xc0,0x1f,0xc0,0x0f,0x00,0x00,0x00,0x00,0x00,0x00,
    0x00,0x00,0x00,0x00,0x00,0x00,0x00,0x00,0x00,0x00,0x00,0x00,0x00,0x00,0x00,0x00,0x00,0x00,0x00,0x1e,0x00,0x3e,0x00,0x3f,
    0x80,0x3f,0x80,0x0f,0xc0,0x07,0xc0,0x0f,0xc0,0xff,0xc0,0xff,0x80,0xff,0x80,0xfe,0x00,0x00,0xf8,0x00,0x01,0xf8,0x00,0x07,
    0xf8,0x00,0x0f,0xf8,0x00,0x1f,0xf8,0x00,0x3f,0xf8,0x00,0x1d,0xf8,0x00,0x09,0xf8,0x00,0x01,0xf8,0x00,0x01,0xf8,0x00,0x01,
    0xf8,0x00,0x01,0xf8,0x00,0x01,0xf8,0x00,0x01,0xf8,0x00,0x01,0xf8,0x00,0x01,0xf8,0x00,0x01,0xf8,0x00,0x01,0xf8,0x00,0x01,
    0xf8,0x00,0x00,0x00,0x00,0x00,0x00,0x00,0x00,0x00,0x00,0x00,0x00,0x00,0x00,0x00,0x00,0x00,0x00,0x00,0x00,0x00,0x00,0x00,
    0x00,0x00,0x00,0x00,0x00,0x00,0x00,0x00,0x00,0x00,0x00,0x00,0x00,0x00,0x00,0x00,0x00,0x00,0x00,0x00,0x00,0x00,0x00,0x00,
    0x00,0x00,0x00,0x00,0x00,0x00,0x00,0x00,0x00,0x00,0x00,0x07,0xf0,0x00,0x0f,0xf8,0x00,0x1f,0xfc,0x00,0x3e,0x3e,0x00,0x3c,
    0x1e,0x00,0x7c,0x1f,0x00,0x7c,0x1f,0x00,0x7c,0x1f,0x00,0x7c,0x1f,0x00,0x7c,0x1f,0x00,0x3c,0x1e,0x00,0x3e,0x3e,0x00,0x1f,
    0xfc,0x00,0x0f,0xf8,0x00,0x07,0xf0,0x00,0x00,0x00,0x00,0x00,0x00,0x00,0x00,0x00,0x00,0x00,0x00,0x00,0x00,0x00,0x00,0x00,
    0x00,0x00,0x00,0x00,0x00,0x00,0x00,0x00,0x00,0x00,0x00,0x00,0x00,0x00,0x00,0x00,0x00,0x00,0x00,0x00,0x00,0x00,0x00,0x00,
    0x00,0x00,0x00,0x00,0x00,0x00,0x00,0x00,0x00,0x00,0x00,0x00,0x06,0x00,0xc0,0x00,0x1f,0x03,0xe0,0x00,0x3f,0x87,0xf0,0x00,
    0x1f,0x87,0xf0,0x00,0x1f,0xc3,0xf8,0x00,0x0f,0xe1,0xfc,0x00,0x07,0xf0,0xfe,0x00,0x03,0xf8,0x7f,0x00,0x01,0xfc,0x7f,0x00,
    0x01,0xfc,0x3f,0x80,0x01,0xfc,0x3f,0x80,0x03,0xf8,0x7f,0x00,0x03,0xf8,0xff,0x00,0x07,0xf0,0xfe,0x00,0x0f,0xe1,0xfc,0x00,
    0x1f,0xc3,0xf8,0x00,0x3f,0x87,0xf0,0x00,0x3f,0x87,0xe0,0x00,0x0f,0x03,0xe0,0x00,0x06,0x00,0xc0,0x00,0x00,0x00,0x00,0x00,
    0x00,0x00,0x00,0x00,0x01,0xf0,0x00,0xf8,0x00,0x03,0xf0,0x01,0xf8,0x00,0x0f,0xf0,0x01,0xf0,0x00,0x1f,0xf0,0x03,0xf0,0x00,
    0x3f,0xf0,0x03,0xe0,0x00,0x7f,0xf0,0x07,0xe0,0x00,0x3b,0xf0,0x07,0xc0,0x00,0x13,0xf0,0x0f,0x80,0x00,0x03,0xf0,0x0f,0x80,
    0x00,0x03,0xf0,0x1f,0x00,0x00,0x03,0xf0,0x3f,0x00,0x00,0x03,0xf0,0x3e,0x00,0x00,0x03,0xf0,0x7e,0x00,0x00,0x03,0xf0,0x7c,
    0x0f,0xc0,0x03,0xf0,0xfc,0x1f,0xc0,0x03,0xf0,0xf8,0x1f,0xc0,0x03,0xf1,0xf8,0x3f,0xc0,0x03,0xf1,0xf0,0x7f,0xc0,0x03,0xf3,
    0xe0,0x7f,0xc0,0x00,0x03,0xe0,0xff,0xc0,0x00,0x07,0xc1,0xef,0xc0,0x00,0x07,0xc1,0xcf,0xc0,0x00,0x0f,0x83,0xcf,0xc0,0x00,
    0x1f,0x87,0x8f,0xc0,0x00,0x1f,0x07,0x0f,0xc0,0x00,0x3f,0x0f,0xff,0xf0,0x00,0x3e,0x0f,0xff,0xf0,0x00,0x7e,0x0f,0xff,0xf0,
    0x00,0x7c,0x0f,0xff,0xf0,0x00,0xf8,0x00,0x0f,0xc0,0x00,0xf8,0x00,0x0f,0xc0,0x01,0xf0,0x00,0x0f,0xc0,0x01,0xf0,0x00,0xf8,
    0x00,0x07,0xf0,0x01,0xf8,0x00,0x0f,0xf0,0x01,0xf0,0x00,0x1f,0xf0,0x03,0xf0,0x00,0x3f,0xf0,0x03,0xe0,0x00,0x7f,0xf0,0x07,
    0xe0,0x00,0x3b,0xf0,0x07,0xc0,0x00,0x13,0xf0,0x0f,0x80,0x00,0x03,0xf0,0x0f,0x80,0x00,0x03,0xf0,0x1f,0x00,0x00,0x03,0xf0,
    0x3f,0x00,0x00,0x03,0xf0,0x3e,0x00,0x00,0x03,0xf0,0x7e,0x1f,0x80,0x03,0xf0,0x7c,0xff,0xe0,0x03,0xf0,0xfd,0xff,0xf0,0x03,
    0xf0,0xf9,0xff,0xf0,0x03,0xf1,0xf8,0xf1,0xf0,0x03,0xf1,0xf0,0x41,0xf0,0x03,0xf3,0xe0,0x01,0xf0,0x00,0x03,0xe0,0x01,0xf0,
    0x00,0x07,0xc0,0x03,0xf0,0x00,0x07,0xc0,0x07,0xe0,0x00,0x0f,0x80,0x07,0xe0,0x00,0x1f,0x80,0x0f,0xc0,0x00,0x1f,0x00,0x1f,
    0x80,0x00,0x3f,0x00,0x3f,0x00,0x00,0x3e,0x00,0x7e,0x00,0x00,0x7e,0x00,0xfc,0x00,0x00,0x7c,0x01,0xff,0xf8,0x00,0xf8,0x01,
    0xff,0xf8,0x00,0xf8,0x01,0xff,0xf8,0x01,0xf0,0x01,0xff,0xf8,0x07,0xf0,0x00,0x3e,0x00,0x1f,0xf8,0x00,0x7c,0x00,0x3f,0xfc,
    0x00,0x7c,0x00,0x1f,0xfe,0x00,0xf8,0x00,0x1c,0x3e,0x00,0xf8,0x00,0x00,0x3e,0x01,0xf0,0x00,0x00,0x3e,0x01,0xf0,0x00,0x00,
    0x7c,0x03,0xe0,0x00,0x07,0xf8,0x07,0xe0,0x00,0x07,0xf0,0x07,0xc0,0x00,0x07,0xf8,0x0f,0xc0,0x00,0x07,0xfc,0x0f,0x80,0x00,
    0x00,0x3e,0x1f,0x80,0x00,0x00,0x3e,0x1f,0x00,0x00,0x00,0x1f,0x3f,0x07,0xc0,0x20,0x1f,0x3e,0x0f,0xc0,0x38,0x3e,0x7c,0x1f,
    0xc0,0x3f,0xfe,0x7c,0x1f,0xc0,0x3f,0xfc,0xf8,0x3f,0xc0,0x3f,0xfc,0xf8,0x7f,0xc0,0x0f,0xf1,0xf0,0x77,0xc0,0x00,0x03,0xf0,
    0xf7,0xc0,0x00,0x03,0xe1,0xe7,0xc0,0x00,0x07,0xe1,0xe7,0xc0,0x00,0x07,0xc3,0xc7,0xc0,0x00,0x0f,0xc7,0x87,0xc0,0x00,0x0f,
    0x87,0xff,0xf8,0x00,0x1f,0x87,0xff,0xf8,0x00,0x1f,0x07,0xff,0xf8,0x00,0x3e,0x07,0xff,0xf8,0x00,0x3e,0x00,0x07,0xc0,0x00,
    0x7c,0x00,0x07,0xc0,0x00,0x7c,0x00,0x07,0xc0,0x00,0x3c,0x00,0x00,0x7e,0x00,0x00,0xff,0x00,0x00,0xff,0x00,0x00,0xff,0x00,
    0x00,0x7e,0x00,0x00,0x3c,0x00,0x00,0x00,0x00,0x00,0x00,0x00,0x00,0x00,0x00,0x00,0x00,0x00,0x00,0x7e,0x00,0x00,0x7e,0x00,
    0x00,0x7e,0x00,0x00,0x7e,0x00,0x00,0xfe,0x00,0x03,0xfc,0x00,0x07,0xf8,0x00,0x0f,0xf0,0x00,0x1f,0xe0,0x00,0x3f,0xc0,0x00,
    0x3f,0x80,0x00,0x7f,0x00,0x00,0x7f,0x00,0x00,0x7e,0x00,0x00,0x7f,0x00,0x60,0x7f,0x81,0xf0,0x3f,0xff,0xf0,0x3f,0xff,0xf0,
    0x1f,0xff,0xf8,0x0f,0xff,0xf0,0x03,0xff,0x80,0x00,0x30,0x00,0x01,0xfe,0x00,0x00,0x00,0xfe,0x00,0x00,0x00,0x7f,0x00,0x00,
    0x00,0x3f,0x80,0x00,0x00,0x1f,0xc0,0x00,0x00,0x07,0xc0,0x00,0x00,0x03,0xe0,0x00,0x00,0x00,0x00,0x00,0x00,0x00,0x00,0x00,
    0x00,0x1f,0xe0,0x00,0x00,0x1f,0xf0,0x00,0x00,0x3f,0xf0,0x00,0x00,0x3f,0xf8,0x00,0x00,0x7f,0xf8,0x00,0x00,0x7f,0xf8,0x00,
    0x00,0x7f,0xfc,0x00,0x00,0xfe,0xfc,0x00,0x00,0xfc,0xfc,0x00,0x00,0xfc,0xfe,0x00,0x01,0xfc,0x7e,0x00,0x01,0xf8,0x7e,0x00,
    0x01,0xf8,0x7f,0x00,0x03,0xf8,0x3f,0x00,0x03,0xf8,0x3f,0x00,0x03,0xf0,0x3f,0x80,0x07,0xf0,0x3f,0x80,0x07,0xf0,0x1f,0x80,
    0x07,0xe0,0x1f,0xc0,0x0f,0xff,0xff,0xc0,0x0f,0xff,0xff,0xc0,0x0f,0xff,0xff,0xe0,0x1f,0xff,0xff,0xe0,0x1f,0xff,0xff,0xe0,
    0x1f,0xc0,0x07,0xf0,0x3f,0x80,0x07,0xf0,0x3f,0x80,0x07,0xf8,0x7f,0x80,0x03,0xf8,0x7f,0x00,0x03,0xf8,0x7f,0x00,0x03,0xfc,
    0xff,0x00,0x01,0xfc,0xfe,0x00,0x01,0xfc,0x00,0x00,0xff,0x00,0x00,0x01,0xfe,0x00,0x00,0x03,0xf8,0x00,0x00,0x03,0xf0,0x00,
    0x00,0x07,0xe0,0x00,0x00,0x0f,0xc0,0x00,0x00,0x1f,0x00,0x00,0x00,0x00,0x00,0x00,0x00,0x00,0x00,0x00,0x00,0x1f,0xe0,0x00,
    0x00,0x1f,0xf0,0x00,0x00,0x3f,0xf0,0x00,0x00,0x3f,0xf8,0x00,0x00,0x7f,0xf8,0x00,0x00,0x7f,0xf8,0x00,0x00,0x7f,0xfc,0x00,
    0x00,0xfe,0xfc,0x00,0x00,0xfc,0xfc,0x00,0x00,0xfc,0xfe,0x00,0x01,0xfc,0x7e,0x00,0x01,0xf8,0x7e,0x00,0x01,0xf8,0x7f,0x00,
    0x03,0xf8,0x3f,0x00,0x03,0xf8,0x3f,0x00,0x03,0xf0,0x3f,0x80,0x07,0xf0,0x3f,0x80,0x07,0xf0,0x1f,0x80,0x07,0xe0,0x1f,0xc0,
    0x0f,0xff,0xff,0xc0,0x0f,0xff,0xff,0xc0,0x0f,0xff,0xff,0xe0,0x1f,0xff,0xff,0xe0,0x1f,0xff,0xff,0xe0,0x1f,0xc0,0x07,0xf0,
    0x3f,0x80,0x07,0xf0,0x3f,0x80,0x07,0xf8,0x7f,0x80,0x03,0xf8,0x7f,0x00,0x03,0xf8,0x7f,0x00,0x03,0xfc,0xff,0x00,0x01,0xfc,
    0xfe,0x00,0x01,0xfc,0x00,0x1f,0xe0,0x00,0x00,0x3f,0xf0,0x00,0x00,0x7f,0xf8,0x00,0x00,0x7f,0xfc,0x00,0x00,0xfc,0x7e,0x00,
    0x01,0xf8,0x3f,0x00,0x03,0xe0,0x1f,0x80,0x00,0x00,0x00,0x00,0x00,0x00,0x00,0x00,0x00,0x1f,0xe0,0x00,0x00,0x1f,0xf0,0x00,
    0x00,0x3f,0xf0,0x00,0x00,0x3f,0xf8,0x00,0x00,0x7f,0xf8,0x00,0x00,0x7f,0xf8,0x00,0x00,0x7f,0xfc,0x00,0x00,0xfe,0xfc,0x00,
    0x00,0xfc,0xfc,0x00,0x00,0xfc,0xfe,0x00,0x01,0xfc,0x7e,0x00,0x01,0xf8,0x7e,0x00,0x01,0xf8,0x7f,0x00,0x03,0xf8,0x3f,0x00,
    0x03,0xf8,0x3f,0x00,0x03,0xf0,0x3f,0x80,0x07,0xf0,0x3f,0x80,0x07,0xf0,0x1f,0x80,0x07,0xe0,0x1f,0xc0,0x0f,0xff,0xff,0xc0,
    0x0f,0xff,0xff,0xc0,0x0f,0xff,0xff,0xe0,0x1f,0xff,0xff,0xe0,0x1f,0xff,0xff,0xe0,0x1f,0xc0,0x07,0xf0,0x3f,0x80,0x07,0xf0,
    0x3f,0x80,0x07,0xf8,0x7f,0x80,0x03,0xf8,0x7f,0x00,0x03,0xf8,0x7f,0x00,0x03,0xfc,0xff,0x00,0x01,0xfc,0xfe,0x00,0x01,0xfc,
    0x00,0x3c,0x07,0x00,0x00,0xff,0x0f,0x00,0x01,0xff,0x8f,0x00,0x01,0xff,0xfe,0x00,0x01,0xe7,0xfe,0x00,0x03,0xc1,0xfc,0x00,
    0x03,0xc0,0xf8,0x00,0x00,0x00,0x00,0x00,0x00,0x00,0x00,0x00,0x00,0x1f,0xe0,0x00,0x00,0x1f,0xf0,0x00,0x00,0x3f,0xf0,0x00,
    0x00,0x3f,0xf8,0x00,0x00,0x7f,0xf8,0x00,0x00,0x7f,0xf8,0x00,0x00,0x7f,0xfc,0x00,0x00,0xfe,0xfc,0x00,0x00,0xfc,0xfc,0x00,
    0x00,0xfc,0xfe,0x00,0x01,0xfc,0x7e,0x00,0x01,0xf8,0x7e,0x00,0x01,0xf8,0x7f,0x00,0x03,0xf8,0x3f,0x00,0x03,0xf8,0x3f,0x00,
    0x03,0xf0,0x3f,0x80,0x07,0xf0,0x3f,0x80,0x07,0xf0,0x1f,0x80,0x07,0xe0,0x1f,0xc0,0x0f,0xff,0xff,0xc0,0x0f,0xff,0xff,0xc0,
    0x0f,0xff,0xff,0xe0,0x1f,0xff,0xff,0xe0,0x1f,0xff,0xff,0xe0,0x1f,0xc0,0x07,0xf0,0x3f,0x80,0x07,0xf0,0x3f,0x80,0x07,0xf8,
    0x7f,0x80,0x03,0xf8,0x7f,0x00,0x03,0xf8,0x7f,0x00,0x03,0xfc,0xff,0x00,0x01,0xfc,0xfe,0x00,0x01,0xfc,0x00,0x00,0x00,0x00,
    0x00,0xf8,0x7c,0x00,0x00,0xfc,0x7c,0x00,0x00,0xfc,0xfe,0x00,0x00,0xfc,0x7c,0x00,0x00,0x78,0x38,0x00,0x00,0x00,0x00,0x00,
    0x00,0x00,0x00,0x00,0x00,0x00,0x00,0x00,0x00,0x1f,0xe0,0x00,0x00,0x1f,0xf0,0x00,0x00,0x3f,0xf0,0x00,0x00,0x3f,0xf8,0x00,
    0x00,0x7f,0xf8,0x00,0x00,0x7f,0xf8,0x00,0x00,0x7f,0xfc,0x00,0x00,0xfe,0xfc,0x00,0x00,0xfc,0xfc,0x00,0x00,0xfc,0xfe,0x00,
    0x01,0xfc,0x7e,0x00,0x01,0xf8,0x7e,0x00,0x01,0xf8,0x7f,0x00,0x03,0xf8,0x3f,0x00,0x03,0xf8,0x3f,0x00,0x03,0xf0,0x3f,0x80,
    0x07,0xf0,0x3f,0x80,0x07,0xf0,0x1f,0x80,0x07,0xe0,0x1f,0xc0,0x0f,0xff,0xff,0xc0,0x0f,0xff,0xff,0xc0,0x0f,0xff,0xff,0xe0,
    0x1f,0xff,0xff,0xe0,0x1f,0xff,0xff,0xe0,0x1f,0xc0,0x07,0xf0,0x3f,0x80,0x07,0xf0,0x3f,0x80,0x07,0xf8,0x7f,0x80,0x03,0xf8,
    0x7f,0x00,0x03,0xf8,0x7f,0x00,0x03,0xfc,0xff,0x00,0x01,0xfc,0xfe,0x00,0x01,0xfc,0x00,0x0f,0xc0,0x00,0x00,0x1f,0xe0,0x00,
    0x00,0x3f,0xf0,0x00,0x00,0x3c,0xf0,0x00,0x00,0x38,0x78,0x00,0x00,0x38,0x78,0x00,0x00,0x3c,0xf0,0x00,0x00,0x3f,0xf0,0x00,
    0x00,0x3f,0xf0,0x00,0x00,0x3f,0xf0,0x00,0x00,0x3f,0xf8,0x00,0x00,0x7f,0xf8,0x00,0x00,0x7f,0xf8,0x00,0x00,0x7f,0xfc,0x00,
    0x00,0xfe,0xfc,0x00,0x00,0xfc,0xfc,0x00,0x00,0xfc,0xfe,0x00,0x01,0xfc,0x7e,0x00,0x01,0xf8,0x7e,0x00,0x01,0xf8,0x7f,0x00,
    0x03,0xf8,0x3f,0x00,0x03,0xf8,0x3f,0x00,0x03,0xf0,0x3f,0x80,0x07,0xf0,0x3f,0x80,0x07,0xf0,0x1f,0x80,0x07,0xe0,0x1f,0xc0,
    0x0f,0xff,0xff,0xc0,0x0f,0xff,0xff,0xc0,0x0f,0xff,0xff,0xe0,0x1f,0xff,0xff,0xe0,0x1f,0xff,0xff,0xe0,0x1f,0xc0,0x07,0xf0,
    0x3f,0x80,0x07,0xf0,0x3f,0x80,0x07,0xf8,0x7f,0x80,0x03,0xf8,0x7f,0x00,0x03,0xf8,0x7f,0x00,0x03,0xfc,0xff,0x00,0x01,0xfc,
    0xfe,0x00,0x01,0xfc,0x00,0x03,0xff,0xff,0xfe,0x00,0x00,0x07,0xff,0xff,0xfe,0x00,0x00,0x07,0xff,0xff,0xfe,0x00,0x00,0x0f,
    0xff,0xff,0xfe,0x00,0x00,0x0f,0xff,0xff,0xfe,0x00,0x00,0x0f,0xcf,0xf0,0x00,0x00,0x00,0x1f,0x8f,0xe0,0x00,0x00,0x00,0x1f,
    0x8f,0xe0,0x00,0x00,0x00,0x3f,0x8f,0xe0,0x00,0x00,0x00,0x3f,0x0f,0xe0,0x00,0x00,0x00,0x7f,0x0f,0xe0,0x00,0x00,0x00,0x7e,
    0x0f,0xe0,0x00,0x00,0x00,0x7e,0x0f,0xf0,0x00,0x00,0x00,0xfe,0x0f,0xff,0xfe,0x00,0x00,0xfc,0x0f,0xff,0xfe,0x00,0x01,0xfc,
    0x0f,0xff,0xfe,0x00,0x01,0xf8,0x0f,0xff,0xfe,0x00,0x03,0xf8,0x0f,0xff,0xfe,0x00,0x03,0xf8,0x0f,0xe0,0x00,0x00,0x07,0xff,
    0xff,0xe0,0x00,0x00,0x07,0xff,0xff,0xe0,0x00,0x00,0x07,0xff,0xff,0xe0,0x00,0x00,0x0f,0xff,0xff,0xe0,0x00,0x00,0x0f,0xff,
    0xff,0xe0,0x00,0x00,0x1f,0xc0,0x0f,0xe0,0x00,0x00,0x1f,0xc0,0x0f,0xe0,0x00,0x00,0x3f,0x80,0x0f,0xf0,0x00,0x00,0x3f,0x80,
    0x0f,0xff,0xfe,0x00,0x7f,0x00,0x0f,0xff,0xfe,0x00,0x7f,0x00,0x0f,0xff,0xfe,0x00,0x7e,0x00,0x0f,0xff,0xfe,0x00,0xfe,0x00,
    0x0f,0xff,0xfe,0x00,0x00,0x00,0xc0,0x00,0x00,0x1f,0xff,0x00,0x00,0x7f,0xff,0xc0,0x00,0xff,0xff,0xc0,0x01,0xff,0xff,0xc0,
    0x03,0xff,0xff,0x80,0x07,0xfc,0x0f,0x80,0x07,0xf8,0x01,0x80,0x0f,0xf0,0x00,0x00,0x0f,0xe0,0x00,0x00,0x1f,0xe0,0x00,0x00,
    0x1f,0xc0,0x00,0x00,0x1f,0xc0,0x00,0x00,0x1f,0xc0,0x00,0x00,0x1f,0xc0,0x00,0x00,0x1f,0xc0,0x00,0x00,0x3f,0xc0,0x00,0x00,
    0x1f,0xc0,0x00,0x00,0x1f,0xc0,0x00,0x00,0x1f,0xc0,0x00,0x00,0x1f,0xc0,0x00,0x00,0x1f,0xc0,0x00,0x00,0x1f,0xc0,0x00,0x00,
    0x1f,0xe0,0x00,0x00,0x0f,0xe0,0x00,0x00,0x0f,0xf0,0x00,0x00,0x07,0xf8,0x01,0x80,0x07,0xff,0xbf,0x80,0x03,0xff,0xff,0x80,
    0x01,0xff,0xff,0x80,0x00,0xff,0xff,0x80,0x00,0x3f,0xff,0x80,0x00,0x0f,0xfc,0x00,0x00,0x03,0xc0,0x00,0x00,0x03,0xc0,0x00,
    0x00,0x07,0xf0,0x00,0x00,0x07,0xf8,0x00,0x00,0x00,0xf8,0x00,0x00,0x00,0xf8,0x00,0x00,0x00,0xf8,0x00,0x00,0x0f,0xf8,0x00,
    0x00,0x0f,0xf8,0x00,0x00,0x0f,0xf0,0x00,0x00,0x0f,0xc0,0x00,0x07,0xf8,0x00,0x00,0x03,0xf8,0x00,0x00,0x01,0xfc,0x00,0x00,
    0x00,0xfe,0x00,0x00,0x00,0x7f,0x00,0x00,0x00,0x1f,0x80,0x00,0x00,0x0f,0x80,0x00,0x00,0x00,0x00,0x00,0x00,0x00,0x00,0x00,
    0x0f,0xff,0xfc,0x00,0x0f,0xff,0xfc,0x00,0x0f,0xff,0xfc,0x00,0x0f,0xff,0xfc,0x00,0x0f,0xff,0xfc,0x00,0x0f,0xe0,0x00,0x00,
    0x0f,0xe0,0x00,0x00,0x0f,0xe0,0x00,0x00,0x0f,0xe0,0x00,0x00,0x0f,0xe0,0x00,0x00,0x0f,0xe0,0x00,0x00,0x0f,0xe0,0x00,0x00,
    0x0f,0xe0,0x00,0x00,0x0f,0xff,0xf8,0x00,0x0f,0xff,0xf8,0x00,0x0f,0xff,0xf8,0x00,0x0f,0xff,0xf8,0x00,0x0f,0xff,0xf8,0x00,
    0x0f,0xe0,0x00,0x00,0x0f,0xe0,0x00,0x00,0x0f,0xe0,0x00,0x00,0x0f,0xe0,0x00,0x00,0x0f,0xe0,0x00,0x00,0x0f,0xe0,0x00,0x00,
    0x0f,0xe0,0x00,0x00,0x0f,0xe0,0x00,0x00,0x0f,0xe0,0x00,0x00,0x0f,0xff,0xfc,0x00,0x0f,0xff,0xfc,0x00,0x0f,0xff,0xfc,0x00,
    0x0f,0xff,0xfc,0x00,0x0f,0xff,0xfc,0x00,0x00,0x03,0xfc,0x00,0x00,0x07,0xf8,0x00,0x00,0x0f,0xe0,0x00,0x00,0x0f,0xc0,0x00,
    0x00,0x1f,0x80,0x00,0x00,0x3f,0x00,0x00,0x00,0x7c,0x00,0x00,0x00,0x00,0x00,0x00,0x00,0x00,0x00,0x00,0x0f,0xff,0xfc,0x00,
    0x0f,0xff,0xfc,0x00,0x0f,0xff,0xfc,0x00,0x0f,0xff,0xfc,0x00,0x0f,0xff,0xfc,0x00,0x0f,0xe0,0x00,0x00,0x0f,0xe0,0x00,0x00,
    0x0f,0xe0,0x00,0x00,0x0f,0xe0,0x00,0x00,0x0f,0xe0,0x00,0x00,0x0f,0xe0,0x00,0x00,0x0f,0xe0,0x00,0x00,0x0f,0xe0,0x00,0x00,
    0x0f,0xff,0xf8,0x00,0x0f,0xff,0xf8,0x00,0x0f,0xff,0xf8,0x00,0x0f,0xff,0xf8,0x00,0x0f,0xff,0xf8,0x00,0x0f,0xe0,0x00,0x00,
    0x0f,0xe0,0x00,0x00,0x0f,0xe0,0x00,0x00,0x0f,0xe0,0x00,0x00,0x0f,0xe0,0x00,0x00,0x0f,0xe0,0x00,0x00,0x0f,0xe0,0x00,0x00,
    0x0f,0xe0,0x00,0x00,0x0f,0xe0,0x00,0x00,0x0f,0xff,0xfc,0x00,0x0f,0xff,0xfc,0x00,0x0f,0xff,0xfc,0x00,0x0f,0xff,0xfc,0x00,
    0x0f,0xff,0xfc,0x00,0x00,0x7f,0xc0,0x00,0x00,0xff,0xc0,0x00,0x01,0xff,0xe0,0x00,0x01,0xff,0xf0,0x00,0x03,0xf1,0xf8,0x00,
    0x07,0xe0,0xfc,0x00,0x0f,0x80,0x7e,0x00,0x00,0x00,0x00,0x00,0x00,0x00,0x00,0x00,0x0f,0xff,0xfc,0x00,0x0f,0xff,0xfc,0x00,
    0x0f,0xff,0xfc,0x00,0x0f,0xff,0xfc,0x00,0x0f,0xff,0xfc,0x00,0x0f,0xe0,0x00,0x00,0x0f,0xe0,0x00,0x00,0x0f,0xe0,0x00,0x00,
    0x0f,0xe0,0x00,0x00,0x0f,0xe0,0x00,0x00,0x0f,0xe0,0x00,0x00,0x0f,0xe0,0x00,0x00,0x0f,0xe0,0x00,0x00,0x0f,0xff,0xf8,0x00,
    0x0f,0xff,0xf8,0x00,0x0f,0xff,0xf8,0x00,0x0f,0xff,0xf8,0x00,0x0f,0xff,0xf8,0x00,0x0f,0xe0,0x00,0x00,0x0f,0xe0,0x00,0x00,
    0x0f,0xe0,0x00,0x00,0x0f,0xe0,0x00,0x00,0x0f,0xe0,0x00,0x00,0x0f,0xe0,0x00,0x00,0x0f,0xe0,0x00,0x00,0x0f,0xe0,0x00,0x00,
    0x0f,0xe0,0x00,0x00,0x0f,0xff,0xfc,0x00,0x0f,0xff,0xfc,0x00,0x0f,0xff,0xfc,0x00,0x0f,0xff,0xfc,0x00,0x0f,0xff,0xfc,0x00,
    0x00,0x00,0x00,0x00,0x03,0xe1,0xf0,0x00,0x03,0xf1,0xf8,0x00,0x03,0xf1,0xf8,0x00,0x03,0xf1,0xf0,0x00,0x01,0xe0,0xe0,0x00,
    0x00,0x00,0x00,0x00,0x00,0x00,0x00,0x00,0x00,0x00,0x00,0x00,0x0f,0xff,0xfc,0x00,0x0f,0xff,0xfc,0x00,0x0f,0xff,0xfc,0x00,
    0x0f,0xff,0xfc,0x00,0x0f,0xff,0xfc,0x00,0x0f,0xe0,0x00,0x00,0x0f,0xe0,0x00,0x00,0x0f,0xe0,0x00,0x00,0x0f,0xe0,0x00,0x00,
    0x0f,0xe0,0x00,0x00,0x0f,0xe0,0x00,0x00,0x0f,0xe0,0x00,0x00,0x0f,0xe0,0x00,0x00,0x0f,0xff,0xf8,0x00,0x0f,0xff,0xf8,0x00,
    0x0f,0xff,0xf8,0x00,0x0f,0xff,0xf8,0x00,0x0f,0xff,0xf8,0x00,0x0f,0xe0,0x00,0x00,0x0f,0xe0,0x00,0x00,0x0f,0xe0,0x00,0x00,
    0x0f,0xe0,0x00,0x00,0x0f,0xe0,0x00,0x00,0x0f,0xe0,0x00,0x00,0x0f,0xe0,0x00,0x00,0x0f,0xe0,0x00,0x00,0x0f,0xe0,0x00,0x00,
    0x0f,0xff,0xfc,0x00,0x0f,0xff,0xfc,0x00,0x0f,0xff,0xfc,0x00,0x0f,0xff,0xfc,0x00,0x0f,0xff,0xfc,0x00,0xff,0x00,0x00,0x7f,
    0x80,0x00,0x3f,0x80,0x00,0x0f,0xc0,0x00,0x07,0xe0,0x00,0x03,0xf0,0x00,0x01,0xf8,0x00,0x00,0x00,0x00,0x00,0x00,0x00,0x7f,
    0xff,0x00,0x7f,0xff,0x00,0x7f,0xff,0x00,0x7f,0xff,0x00,0x3f,0xfe,0x00,0x0f,0xf8,0x00,0x07,0xf0,0x00,0x07,0xf0,0x00,0x07,
    0xf0,0x00,0x07,0xf0,0x00,0x07,0xf0,0x00,0x07,0xf0,0x00,0x07,0xf0,0x00,0x07,0xf0,0x00,0x07,0xf0,0x00,0x07,0xf0,0x00,0x07,
    0xf0,0x00,0x07,0xf0,0x00,0x07,0xf0,0x00,0x07,0xf0,0x00,0x07,0xf0,0x00,0x07,0xf0,0x00,0x07,0xf0,0x00,0x07,0xf0,0x00,0x07,
    0xf0,0x00,0x07,0xf0,0x00,0x07,0xf0,0x00,0x1f,0xfc,0x00,0x7f,0xff,0x00,0x7f,0xff,0x00,0x7f,0xff,0x00,0x7f,0xff,0x00,0x00,
    0x7f,0x80,0x00,0x7f,0x00,0x00,0xfe,0x00,0x01,0xfc,0x00,0x03,0xf0,0x00,0x07,0xe0,0x00,0x07,0xc0,0x00,0x00,0x00,0x00,0x00,
    0x00,0x00,0x7f,0xff,0x00,0x7f,0xff,0x00,0x7f,0xff,0x00,0x7f,0xff,0x00,0x3f,0xfe,0x00,0x0f,0xf8,0x00,0x07,0xf0,0x00,0x07,
    0xf0,0x00,0x07,0xf0,0x00,0x07,0xf0,0x00,0x07,0xf0,0x00,0x07,0xf0,0x00,0x07,0xf0,0x00,0x07,0xf0,0x00,0x07,0xf0,0x00,0x07,
    0xf0,0x00,0x07,0xf0,0x00,0x07,0xf0,0x00,0x07,0xf0,0x00,0x07,0xf0,0x00,0x07,0xf0,0x00,0x07,0xf0,0x00,0x07,0xf0,0x00,0x07,
    0xf0,0x00,0x07,0xf0,0x00,0x07,0xf0,0x00,0x07,0xf0,0x00,0x1f,0xfc,0x00,0x7f,0xff,0x00,0x7f,0xff,0x00,0x7f,0xff,0x00,0x7f,
    0xff,0x00,0x07,0xfc,0x00,0x07,0xfe,0x00,0x0f,0xfe,0x00,0x1f,0xff,0x00,0x3f,0x1f,0x80,0x7e,0x0f,0xc0,0xf8,0x03,0xe0,0x00,
    0x00,0x00,0x00,0x00,0x00,0x3f,0xff,0x80,0x3f,0xff,0x80,0x3f,0xff,0x80,0x3f,0xff,0x80,0x1f,0xff,0x00,0x07,0xfc,0x00,0x03,
    0xf8,0x00,0x03,0xf8,0x00,0x03,0xf8,0x00,0x03,0xf8,0x00,0x03,0xf8,0x00,0x03,0xf8,0x00,0x03,0xf8,0x00,0x03,0xf8,0x00,0x03,
    0xf8,0x00,0x03,0xf8,0x00,0x03,0xf8,0x00,0x03,0xf8,0x00,0x03,0xf8,0x00,0x03,0xf8,0x00,0x03,0xf8,0x00,0x03,0xf8,0x00,0x03,
    0xf8,0x00,0x03,0xf8,0x00,0x03,0xf8,0x00,0x03,0xf8,0x00,0x03,0xf8,0x00,0x0f,0xfe,0x00,0x3f,0xff,0x80,0x3f,0xff,0x80,0x3f,
    0xff,0x80,0x3f,0xff,0x80,0x00,0x00,0x00,0x3e,0x3e,0x00,0x7e,0x3f,0x00,0x7e,0x3f,0x00,0x7e,0x3f,0x00,0x3c,0x1e,0x00,0x00,
    0x00,0x00,0x00,0x00,0x00,0x00,0x00,0x00,0x7f,0xff,0x00,0x7f,0xff,0x00,0x7f,0xff,0x00,0x7f,0xff,0x00,0x3f,0xfe,0x00,0x0f,
    0xf8,0x00,0x07,0xf0,0x00,0x07,0xf0,0x00,0x07,0xf0,0x00,0x07,0xf0,0x00,0x07,0xf0,0x00,0x07,0xf0,0x00,0x07,0xf0,0x00,0x07,
    0xf0,0x00,0x07,0xf0,0x00,0x07,0xf0,0x00,0x07,0xf0,0x00,0x07,0xf0,0x00,0x07,0xf0,0x00,0x07,0xf0,0x00,0x07,0xf0,0x00,0x07,
    0xf0,0x00,0x07,0xf0,0x00,0x07,0xf0,0x00,0x07,0xf0,0x00,0x07,0xf0,0x00,0x07,0xf0,0x00,0x1f,0xfc,0x00,0x7f,0xff,0x00,0x7f,
    0xff,0x00,0x7f,0xff,0x00,0x7f,0xff,0x00,0x0f,0xff,0xe0,0x00,0x00,0x0f,0xff,0xfc,0x00,0x00,0x0f,0xff,0xff,0x00,0x00,0x0f,
    0xff,0xff,0x80,0x00,0x0f,0xff,0xff,0xc0,0x00,0x0f,0xe1,0xff,0xe0,0x00,0x0f,0xe0,0x1f,0xf0,0x00,0x0f,0xe0,0x0f,0xf0,0x00,
    0x0f,0xe0,0x07,0xf8,0x00,0x0f,0xe0,0x03,0xf8,0x00,0x0f,0xe0,0x03,0xf8,0x00,0x0f,0xe0,0x01,0xfc,0x00,0x0f,0xe0,0x01,0xfc,
    0x00,0x0f,0xe0,0x01,0xfc,0x00,0x7f,0xff,0x01,0xfc,0x00,0x7f,0xff,0x01,0xfc,0x00,0x7f,0xff,0x01,0xfc,0x00,0x7f,0xff,0x01,
    0xfc,0x00,0x7f,0xff,0x01,0xfc,0x00,0x0f,0xe0,0x01,0xfc,0x00,0x0f,0xe0,0x03,0xfc,0x00,0x0f,0xe0,0x03,0xf8,0x00,0x0f,0xe0,
    0x03,0xf8,0x00,0x0f,0xe0,0x07,0xf8,0x00,0x0f,0xe0,0x0f,0xf0,0x00,0x0f,0xe0,0x3f,0xf0,0x00,0x0f,0xe3,0xff,0xe0,0x00,0x0f,
    0xff,0xff,0xc0,0x00,0x0f,0xff,0xff,0x80,0x00,0x0f,0xff,0xfe,0x00,0x00,0x0f,0xff,0xfc,0x00,0x00,0x0f,0xff,0xc0,0x00,0x00,
    0x00,0x0f,0x81,0xe0,0x00,0x00,0x1f,0xc1,0xe0,0x00,0x00,0x3f,0xf3,0xc0,0x00,0x00,0x3f,0xff,0xc0,0x00,0x00,0x78,0xff,0xc0,
    0x00,0x00,0x78,0x7f,0x80,0x00,0x00,0x70,0x1e,0x00,0x00,0x00,0x00,0x00,0x00,0x00,0x00,0x00,0x00,0x00,0x00,0x0f,0xf8,0x00,
    0x3f,0x00,0x0f,0xf8,0x00,0x3f,0x00,0x0f,0xfc,0x00,0x3f,0x00,0x0f,0xfc,0x00,0x3f,0x00,0x0f,0xfe,0x00,0x3f,0x00,0x0f,0xff,
    0x00,0x3f,0x00,0x0f,0xff,0x00,0x3f,0x00,0x0f,0xff,0x80,0x3f,0x00,0x0f,0xff,0x80,0x3f,0x00,0x0f,0xff,0xc0,0x3f,0x00,0x0f,
    0xdf,0xc0,0x3f,0x00,0x0f,0xcf,0xe0,0x3f,0x00,0x0f,0xcf,0xf0,0x3f,0x00,0x0f,0xc7,0xf0,0x3f,0x00,0x0f,0xc7,0xf8,0x3f,0x00,
    0x0f,0xc3,0xf8,0x3f,0x00,0x0f,0xc3,0xfc,0x3f,0x00,0x0f,0xc1,0xfc,0x3f,0x00,0x0f,0xc0,0xfe,0x3f,0x00,0x0f,0xc0,0xfe,0x3f,
    0x00,0x0f,0xc0,0x7f,0x3f,0x00,0x0f,0xc0,0x7f,0xbf,0x00,0x0f,0xc0,0x3f,0xbf,0x00,0x0f,0xc0,0x3f,0xff,0x00,0x0f,0xc0,0x1f,
    0xff,0x00,0x0f,0xc0,0x0f,0xff,0x00,0x0f,0xc0,0x0f,0xff,0x00,0x0f,0xc0,0x07,0xff,0x00,0x0f,0xc0,0x07,0xff,0x00,0x0f,0xc0,
    0x03,0xff,0x00,0x0f,0xc0,0x03,0xff,0x00,0x0f,0xc0,0x01,0xff,0x00,0x00,0x7f,0x80,0x00,0x00,0x00,0x3f,0xc0,0x00,0x00,0x00,
    0x1f,0xc0,0x00,0x00,0x00,0x0f,0xe0,0x00,0x00,0x00,0x03,0xf0,0x00,0x00,0x00,0x01,0xf8,0x00,0x00,0x00,0x00,0xfc,0x00,0x00,
    0x00,0x00,0x00,0x00,0x00,0x00,0x00,0xe0,0x00,0x00,0x00,0x1f,0xff,0x00,0x00,0x00,0x7f,0xff,0xc0,0x00,0x00,0xff,0xff,0xe0,
    0x00,0x01,0xff,0xff,0xf0,0x00,0x03,0xff,0xff,0xf8,0x00,0x07,0xfc,0x07,0xfc,0x00,0x0f,0xf8,0x03,0xfe,0x00,0x0f,0xf0,0x01,
    0xfe,0x00,0x0f,0xe0,0x00,0xfe,0x00,0x1f,0xe0,0x00,0xff,0x00,0x1f,0xc0,0x00,0x7f,0x00,0x1f,0xc0,0x00,0x7f,0x00,0x1f,0xc0,
    0x00,0x7f,0x00,0x1f,0xc0,0x00,0x7f,0x00,0x1f,0xc0,0x00,0x7f,0x00,0x3f,0xc0,0x00,0x7f,0x80,0x1f,0xc0,0x00,0x7f,0x80,0x1f,
    0xc0,0x00,0x7f,0x00,0x1f,0xc0,0x00,0x7f,0x00,0x1f,0xc0,0x00,0x7f,0x00,0x1f,0xc0,0x00,0x7f,0x00,0x1f,0xc0,0x00,0x7f,0x00,
    0x1f,0xe0,0x00,0xff,0x00,0x0f,0xe0,0x00,0xfe,0x00,0x0f,0xf0,0x01,0xfe,0x00,0x07,0xf8,0x03,0xfc,0x00,0x07,0xff,0xbf,0xfc,
    0x00,0x03,0xff,0xff,0xf8,0x00,0x01,0xff,0xff,0xf0,0x00,0x00,0xff,0xff,0xe0,0x00,0x00,0x3f,0xff,0x80,0x00,0x00,0x07,0xfc,
    0x00,0x00,0x00,0x00,0x3f,0xc0,0x00,0x00,0x00,0x3f,0x80,0x00,0x00,0x00,0x7f,0x00,0x00,0x00,0x00,0xfe,0x00,0x00,0x00,0x01,
    0xf8,0x00,0x00,0x00,0x03,0xf0,0x00,0x00,0x00,0x03,0xe0,0x00,0x00,0x00,0x00,0x00,0x00,0x00,0x00,0x00,0xe0,0x00,0x00,0x00,
    0x1f,0xff,0x00,0x00,0x00,0x7f,0xff,0xc0,0x00,0x00,0xff,0xff,0xe0,0x00,0x01,0xff,0xff,0xf0,0x00,0x03,0xff,0xff,0xf8,0x00,
    0x07,0xfc,0x07,0xfc,0x00,0x0f,0xf8,0x03,0xfe,0x00,0x0f,0xf0,0x01,0xfe,0x00,0x0f,0xe0,0x00,0xfe,0x00,0x1f,0xe0,0x00,0xff,
    0x00,0x1f,0xc0,0x00,0x7f,0x00,0x1f,0xc0,0x00,0x7f,0x00,0x1f,0xc0,0x00,0x7f,0x00,0x1f,0xc0,0x00,0x7f,0x00,0x1f,0xc0,0x00,
    0x7f,0x00,0x3f,0xc0,0x00,0x7f,0x80,0x1f,0xc0,0x00,0x7f,0x80,0x1f,0xc0,0x00,0x7f,0x00,0x1f,0xc0,0x00,0x7f,0x00,0x1f,0xc0,
    0x00,0x7f,0x00,0x1f,0xc0,0x00,0x7f,0x00,0x1f,0xc0,0x00,0x7f,0x00,0x1f,0xe0,0x00,0xff,0x00,0x0f,0xe0,0x00,0xfe,0x00,0x0f,
    0xf0,0x01,0xfe,0x00,0x07,0xf8,0x03,0xfc,0x00,0x07,0xff,0xbf,0xfc,0x00,0x03,0xff,0xff,0xf8,0x00,0x01,0xff,0xff,0xf0,0x00,
    0x00,0xff,0xff,0xe0,0x00,0x00,0x3f,0xff,0x80,0x00,0x00,0x07,0xfc,0x00,0x00,0x00,0x07,0xfc,0x00,0x00,0x00,0x07,0xfe,0x00,
    0x00,0x00,0x0f,0xfe,0x00,0x00,0x00,0x1f,0xff,0x00,0x00,0x00,0x3f,0x1f,0x80,0x00,0x00,0x7e,0x0f,0xc0,0x00,0x00,0xf8,0x03,
    0xe0,0x00,0x00,0x00,0x00,0x00,0x00,0x00,0x00,0xe0,0x00,0x00,0x00,0x1f,0xff,0x00,0x00,0x00,0x7f,0xff,0xc0,0x00,0x00,0xff,
    0xff,0xe0,0x00,0x01,0xff,0xff,0xf0,0x00,0x03,0xff,0xff,0xf8,0x00,0x07,0xfc,0x07,0xfc,0x00,0x0f,0xf8,0x03,0xfe,0x00,0x0f,
    0xf0,0x01,0xfe,0x00,0x0f,0xe0,0x00,0xfe,0x00,0x1f,0xe0,0x00,0xff,0x00,0x1f,0xc0,0x00,0x7f,0x00,0x1f,0xc0,0x00,0x7f,0x00,
    0x1f,0xc0,0x00,0x7f,0x00,0x1f,0xc0,0x00,0x7f,0x00,0x1f,0xc0,0x00,0x7f,0x00,0x3f,0xc0,0x00,0x7f,0x80,0x1f,0xc0,0x00,0x7f,
    0x80,0x1f,0xc0,0x00,0x7f,0x00,0x1f,0xc0,0x00,0x7f,0x00,0x1f,0xc0,0x00,0x7f,0x00,0x1f,0xc0,0x00,0x7f,0x00,0x1f,0xc0,0x00,
    0x7f,0x00,0x1f,0xe0,0x00,0xff,0x00,0x0f,0xe0,0x00,0xfe,0x00,0x0f,0xf0,0x01,0xfe,0x00,0x07,0xf8,0x03,0xfc,0x00,0x07,0xff,
    0xbf,0xfc,0x00,0x03,0xff,0xff,0xf8,0x00,0x01,0xff,0xff,0xf0,0x00,0x00,0xff,0xff,0xe0,0x00,0x00,0x3f,0xff,0x80,0x00,0x00,
    0x07,0xfc,0x00,0x00,0x00,0x0f,0x01,0xc0,0x00,0x00,0x1f,0xc1,0xc0,0x00,0x00,0x3f,0xf3,0xc0,0x00,0x00,0x7f,0xff,0xc0,0x00,
    0x00,0x79,0xff,0x80,0x00,0x00,0x70,0x7f,0x00,0x00,0x00,0x70,0x1e,0x00,0x00,0x00,0x00,0x00,0x00,0x00,0x00,0x00,0xe0,0x00,
    0x00,0x00,0x1f,0xff,0x00,0x00,0x00,0x7f,0xff,0xc0,0x00,0x00,0xff,0xff,0xe0,0x00,0x01,0xff,0xff,0xf0,0x00,0x03,0xff,0xff,
    0xf8,0x00,0x07,0xfc,0x07,0xfc,0x00,0x0f,0xf8,0x03,0xfe,0x00,0x0f,0xf0,0x01,0xfe,0x00,0x0f,0xe0,0x00,0xfe,0x00,0x1f,0xe0,
    0x00,0xff,0x00,0x1f,0xc0,0x00,0x7f,0x00,0x1f,0xc0,0x00,0x7f,0x00,0x1f,0xc0,0x00,0x7f,0x00,0x1f,0xc0,0x00,0x7f,0x00,0x1f,
    0xc0,0x00,0x7f,0x00,0x3f,0xc0,0x00,0x7f,0x80,0x1f,0xc0,0x00,0x7f,0x80,0x1f,0xc0,0x00,0x7f,0x00,0x1f,0xc0,0x00,0x7f,0x00,
    0x1f,0xc0,0x00,0x7f,0x00,0x1f,0xc0,0x00,0x7f,0x00,0x1f,0xc0,0x00,0x7f,0x00,0x1f,0xe0,0x00,0xff,0x00,0x0f,0xe0,0x00,0xfe,
    0x00,0x0f,0xf0,0x01,0xfe,0x00,0x07,0xf8,0x03,0xfc,0x00,0x07,0xff,0xbf,0xfc,0x00,0x03,0xff,0xff,0xf8,0x00,0x01,0xff,0xff,
    0xf0,0x00,0x00,0xff,0xff,0xe0,0x00,0x00,0x3f,0xff,0x80,0x00,0x00,0x07,0xfc,0x00,0x00,0x00,0x00,0x00,0x00,0x00,0x00,0x1f,
    0x1f,0x00,0x00,0x00,0x3f,0x1f,0x80,0x00,0x00,0x3f,0x1f,0x80,0x00,0x00,0x3f,0x1f,0x80,0x00,0x00,0x1e,0x0f,0x00,0x00,0x00,
    0x00,0x00,0x00,0x00,0x00,0x00,0x00,0x00,0x00,0x00,0x00,0xe0,0x00,0x00,0x00,0x1f,0xff,0x00,0x00,0x00,0x7f,0xff,0xc0,0x00,
    0x00,0xff,0xff,0xe0,0x00,0x01,0xff,0xff,0xf0,0x00,0x03,0xff,0xff,0xf8,0x00,0x07,0xfc,0x07,0xfc,0x00,0x0f,0xf8,0x03,0xfe,
    0x00,0x0f,0xf0,0x01,0xfe,0x00,0x0f,0xe0,0x00,0xfe,0x00,0x1f,0xe0,0x00,0xff,0x00,0x1f,0xc0,0x00,0x7f,0x00,0x1f,0xc0,0x00,
    0x7f,0x00,0x1f,0xc0,0x00,0x7f,0x00,0x1f,0xc0,0x00,0x7f,0x00,0x1f,0xc0,0x00,0x7f,0x00,0x3f,0xc0,0x00,0x7f,0x80,0x1f,0xc0,
    0x00,0x7f,0x80,0x1f,0xc0,0x00,0x7f,0x00,0x1f,0xc0,0x00,0x7f,0x00,0x1f,0xc0,0x00,0x7f,0x00,0x1f,0xc0,0x00,0x7f,0x00,0x1f,
    0xc0,0x00,0x7f,0x00,0x1f,0xe0,0x00,0xff,0x00,0x0f,0xe0,0x00,0xfe,0x00,0x0f,0xf0,0x01,0xfe,0x00,0x07,0xf8,0x03,0xfc,0x00,
    0x07,0xff,0xbf,0xfc,0x00,0x03,0xff,0xff,0xf8,0x00,0x01,0xff,0xff,0xf0,0x00,0x00,0xff,0xff,0xe0,0x00,0x00,0x3f,0xff,0x80,
    0x00,0x00,0x07,0xfc,0x00,0x00,0x00,0x00,0x00,0x00,0x06,0x00,0x30,0x00,0x0f,0x00,0x78,0x00,0x1f,0x80,0xfc,0x00,0x1f,0xc1,
    0xfc,0x00,0x0f,0xe3,0xf8,0x00,0x07,0xf7,0xf0,0x00,0x03,0xff,0xe0,0x00,0x01,0xff,0xc0,0x00,0x00,0xff,0x80,0x00,0x00,0x7f,
    0x00,0x00,0x00,0xff,0x80,0x00,0x01,0xff,0xc0,0x00,0x03,0xff,0xe0,0x00,0x07,0xf7,0xf0,0x00,0x0f,0xe3,0xf8,0x00,0x1f,0xc1,
    0xfc,0x00,0x1f,0x80,0xfc,0x00,0x0f,0x00,0x78,0x00,0x06,0x00,0x30,0x00,0x00,0x00,0x00,0x00,0x00,0x00,0x00,0x00,0x00,0x00,
    0x00,0x00,0x00,0x00,0x00,0x00,0x00,0x00,0x00,0x00,0x00,0x00,0x00,0x00,0x00,0x00,0x00,0x00,0x00,0x00,0x00,0xe0,0x38,0x00,
    0x00,0x1f,0xff,0x7c,0x00,0x00,0x7f,0xff,0xfc,0x00,0x00,0xff,0xff,0xf8,0x00,0x01,0xff,0xff,0xf8,0x00,0x03,0xff,0xff,0xf8,
    0x00,0x07,0xfc,0x07,0xfc,0x00,0x0f,0xf8,0x07,0xfe,0x00,0x0f,0xf0,0x07,0xfe,0x00,0x0f,0xe0,0x0f,0xfe,0x00,0x1f,0xe0,0x1f,
    0xff,0x00,0x1f,0xc0,0x1f,0x7f,0x00,0x1f,0xc0,0x3e,0x7f,0x00,0x1f,0xc0,0x7c,0x7f,0x00,0x1f,0xc0,0x7c,0x7f,0x00,0x1f,0xc0,
    0xf8,0x7f,0x00,0x3f,0xc1,0xf0,0x7f,0x80,0x3f,0xc1,0xf0,0x7f,0x80,0x1f,0xc3,0xe0,0x7f,0x00,0x1f,0xc7,0xc0,0x7f,0x00,0x1f,
    0xc7,0xc0,0x7f,0x00,0x1f,0xcf,0x80,0x7f,0x00,0x1f,0xdf,0x00,0x7f,0x00,0x1f,0xff,0x00,0xff,0x00,0x0f,0xfe,0x00,0xfe,0x00,
    0x0f,0xfe,0x01,0xfe,0x00,0x07,0xfc,0x03,0xfc,0x00,0x07,0xff,0xbf,0xfc,0x00,0x03,0xff,0xff,0xf8,0x00,0x01,0xff,0xff,0xf0,
    0x00,0x03,0xff,0xff,0xe0,0x00,0x07,0xff,0xff,0x80,0x00,0x07,0xc7,0xfc,0x00,0x00,0x01,0x80,0x00,0x00,0x00,0x00,0x00,0x00,
    0x00,0x00,0x00,0xff,0x00,0x00,0x00,0x00,0x7f,0x80,0x00,0x00,0x00,0x3f,0x80,0x00,0x00,0x00,0x0f,0xc0,0x00,0x00,0x00,0x07,
    0xe0,0x00,0x00,0x00,0x03,0xf0,0x00,0x00,0x00,0x01,0xf8,0x00,0x00,0x00,0x00,0x00,0x00,0x00,0x00,0x00,0x00,0x00,0x00,0x0f,
    0xc0,0x01,0xfc,0x00,0x0f,0xc0,0x01,0xfc,0x00,0x0f,0xc0,0x01,0xfc,0x00,0x0f,0xc0,0x01,0xfc,0x00,0x0f,0xc0,0x01,0xfc,0x00,
    0x0f,0xc0,0x01,0xfc,0x00,0x0f,0xc0,0x01,0xfc,0x00,0x0f,0xc0,0x01,0xfc,0x00,0x0f,0xc0,0x01,0xfc,0x00,0x0f,0xc0,0x01,0xfc,
    0x00,0x0f,0xc0,0x01,0xfc,0x00,0x0f,0xc0,0x01,0xfc,0x00,0x0f,0xc0,0x01,0xfc,0x00,0x0f,0xc0,0x01,0xfc,0x00,0x0f,0xc0,0x01,
    0xfc,0x00,0x0f,0xc0,0x01,0xfc,0x00,0x0f,0xc0,0x01,0xfc,0x00,0x0f,0xc0,0x01,0xfc,0x00,0x0f,0xc0,0x01,0xfc,0x00,0x0f,0xc0,
    0x01,0xfc,0x00,0x0f,0xe0,0x01,0xfc,0x00,0x0f,0xe0,0x01,0xfc,0x00,0x0f,0xe0,0x03,0xf8,0x00,0x0f,0xe0,0x03,0xf8,0x00,0x0f,
    0xf0,0x03,0xf8,0x00,0x07,0xf8,0x07,0xf8,0x00,0x07,0xff,0x7f,0xf0,0x00,0x03,0xff,0xff,0xe0,0x00,0x01,0xff,0xff,0xe0,0x00,
    0x00,0xff,0xff,0x80,0x00,0x00,0x7f,0xff,0x00,0x00,0x00,0x0f,0xf8,0x00,0x00,0x00,0x00,0x7f,0x80,0x00,0x00,0x00,0x7f,0x00,
    0x00,0x00,0x00,0xfe,0x00,0x00,0x00,0x01,0xfc,0x00,0x00,0x00,0x03,0xf0,0x00,0x00,0x00,0x07,0xe0,0x00,0x00,0x00,0x07,0xc0,
    0x00,0x00,0x00,0x00,0x00,0x00,0x00,0x00,0x00,0x00,0x00,0x00,0x0f,0xc0,0x01,0xfc,0x00,0x0f,0xc0,0x01,0xfc,0x00,0x0f,0xc0,
    0x01,0xfc,0x00,0x0f,0xc0,0x01,0xfc,0x00,0x0f,0xc0,0x01,0xfc,0x00,0x0f,0xc0,0x01,0xfc,0x00,0x0f,0xc0,0x01,0xfc,0x00,0x0f,
    0xc0,0x01,0xfc,0x00,0x0f,0xc0,0x01,0xfc,0x00,0x0f,0xc0,0x01,0xfc,0x00,0x0f,0xc0,0x01,0xfc,0x00,0x0f,0xc0,0x01,0xfc,0x00,
    0x0f,0xc0,0x01,0xfc,0x00,0x0f,0xc0,0x01,0xfc,0x00,0x0f,0xc0,0x01,0xfc,0x00,0x0f,0xc0,0x01,0xfc,0x00,0x0f,0xc0,0x01,0xfc,
    0x00,0x0f,0xc0,0x01,0xfc,0x00,0x0f,0xc0,0x01,0xfc,0x00,0x0f,0xc0,0x01,0xfc,0x00,0x0f,0xe0,0x01,0xfc,0x00,0x0f,0xe0,0x01,
    0xfc,0x00,0x0f,0xe0,0x03,0xf8,0x00,0x0f,0xe0,0x03,0xf8,0x00,0x0f,0xf0,0x03,0xf8,0x00,0x07,0xf8,0x07,0xf8,0x00,0x07,0xff,
    0x7f,0xf0,0x00,0x03,0xff,0xff,0xe0,0x00,0x01,0xff,0xff,0xe0,0x00,0x00,0xff,0xff,0x80,0x00,0x00,0x7f,0xff,0x00,0x00,0x00,
    0x0f,0xf8,0x00,0x00,0x00,0x0f,0xf8,0x00,0x00,0x00,0x0f,0xfc,0x00,0x00,0x00,0x1f,0xfc,0x00,0x00,0x00,0x3f,0xfe,0x00,0x00,
    0x00,0x7e,0x3f,0x00,0x00,0x00,0xfc,0x1f,0x80,0x00,0x01,0xf8,0x07,0xc0,0x00,0x00,0x00,0x00,0x00,0x00,0x00,0x00,0x00,0x00,
    0x00,0x0f,0xc0,0x01,0xfc,0x00,0x0f,0xc0,0x01,0xfc,0x00,0x0f,0xc0,0x01,0xfc,0x00,0x0f,0xc0,0x01,0xfc,0x00,0x0f,0xc0,0x01,
    0xfc,0x00,0x0f,0xc0,0x01,0xfc,0x00,0x0f,0xc0,0x01,0xfc,0x00,0x0f,0xc0,0x01,0xfc,0x00,0x0f,0xc0,0x01,0xfc,0x00,0x0f,0xc0,
    0x01,0xfc,0x00,0x0f,0xc0,0x01,0xfc,0x00,0x0f,0xc0,0x01,0xfc,0x00,0x0f,0xc0,0x01,0xfc,0x00,0x0f,0xc0,0x01,0xfc,0x00,0x0f,
    0xc0,0x01,0xfc,0x00,0x0f,0xc0,0x01,0xfc,0x00,0x0f,0xc0,0x01,0xfc,0x00,0x0f,0xc0,0x01,0xfc,0x00,0x0f,0xc0,0x01,0xfc,0x00,
    0x0f,0xc0,0x01,0xfc,0x00,0x0f,0xe0,0x01,0xfc,0x00,0x0f,0xe0,0x01,0xfc,0x00,0x0f,0xe0,0x03,0xf8,0x00,0x0f,0xe0,0x03,0xf8,
    0x00,0x0f,0xf0,0x03,0xf8,0x00,0x07,0xf8,0x07,0xf8,0x00,0x07,0xff,0x7f,0xf0,0x00,0x03,0xff,0xff,0xe0,0x00,0x01,0xff,0xff,
    0xe0,0x00,0x00,0xff,0xff,0x80,0x00,0x00,0x7f,0xff,0x00,0x00,0x00,0x0f,0xf8,0x00,0x00,0x00,0x00,0x00,0x00,0x00,0x00,0x3e,
    0x1e,0x00,0x00,0x00,0x7e,0x3f,0x00,0x00,0x00,0x7e,0x3f,0x00,0x00,0x00,0x7e,0x3f,0x00,0x00,0x00,0x3c,0x1e,0x00,0x00,0x00,
    0x00,0x00,0x00,0x00,0x00,0x00,0x00,0x00,0x00,0x00,0x00,0x00,0x00,0x00,0x0f,0xc0,0x01,0xfc,0x00,0x0f,0xc0,0x01,0xfc,0x00,
    0x0f,0xc0,0x01,0xfc,0x00,0x0f,0xc0,0x01,0xfc,0x00,0x0f,0xc0,0x01,0xfc,0x00,0x0f,0xc0,0x01,0xfc,0x00,0x0f,0xc0,0x01,0xfc,
    0x00,0x0f,0xc0,0x01,0xfc,0x00,0x0f,0xc0,0x01,0xfc,0x00,0x0f,0xc0,0x01,0xfc,0x00,0x0f,0xc0,0x01,0xfc,0x00,0x0f,0xc0,0x01,
    0xfc,0x00,0x0f,0xc0,0x01,0xfc,0x00,0x0f,0xc0,0x01,0xfc,0x00,0x0f,0xc0,0x01,0xfc,0x00,0x0f,0xc0,0x01,0xfc,0x00,0x0f,0xc0,
    0x01,0xfc,0x00,0x0f,0xc0,0x01,0xfc,0x00,0x0f,0xc0,0x01,0xfc,0x00,0x0f,0xc0,0x01,0xfc,0x00,0x0f,0xe0,0x01,0xfc,0x00,0x0f,
    0xe0,0x01,0xfc,0x00,0x0f,0xe0,0x03,0xf8,0x00,0x0f,0xe0,0x03,0xf8,0x00,0x0f,0xf0,0x03,0xf8,0x00,0x07,0xf8,0x07,0xf8,0x00,
    0x07,0xff,0x7f,0xf0,0x00,0x03,0xff,0xff,0xe0,0x00,0x01,0xff,0xff,0xe0,0x00,0x00,0xff,0xff,0x80,0x00,0x00,0x7f,0xff,0x00,
    0x00,0x00,0x0f,0xf8,0x00,0x00,0x00,0x03,0xfc,0x00,0x00,0x03,0xf8,0x00,0x00,0x07,0xf0,0x00,0x00,0x0f,0xe0,0x00,0x00,0x1f,
    0xc0,0x00,0x00,0x1f,0x00,0x00,0x00,0x3e,0x00,0x00,0x00,0x00,0x00,0x00,0x00,0x00,0x00,0x00,0xff,0x00,0x0f,0xe0,0x7f,0x00,
    0x1f,0xe0,0x7f,0x80,0x1f,0xc0,0x3f,0x80,0x3f,0xc0,0x3f,0xc0,0x3f,0x80,0x1f,0xc0,0x7f,0x80,0x1f,0xe0,0x7f,0x00,0x0f,0xe0,
    0xff,0x00,0x0f,0xf0,0xfe,0x00,0x07,0xf1,0xfc,0x00,0x07,0xf9,0xfc,0x00,0x03,0xfb,0xf8,0x00,0x03,0xff,0xf8,0x00,0x01,0xff,
    0xf0,0x00,0x00,0xff,0xf0,0x00,0x00,0xff,0xe0,0x00,0x00,0x7f,0xe0,0x00,0x00,0x7f,0xc0,0x00,0x00,0x3f,0xc0,0x00,0x00,0x3f,
    0x80,0x00,0x00,0x3f,0x80,0x00,0x00,0x3f,0x80,0x00,0x00,0x3f,0x80,0x00,0x00,0x3f,0x80,0x00,0x00,0x3f,0x80,0x00,0x00,0x3f,
    0x80,0x00,0x00,0x3f,0x80,0x00,0x00,0x3f,0x80,0x00,0x00,0x3f,0x80,0x00,0x00,0x3f,0x80,0x00,0x00,0x3f,0x80,0x00,0x00,0x3f,
    0x80,0x00,0x0f,0xe0,0x00,0x00,0x0f,0xe0,0x00,0x00,0x0f,0xe0,0x00,0x00,0x0f,0xe0,0x00,0x00,0x0f,0xe0,0x00,0x00,0x0f,0xff,
    0xe0,0x00,0x0f,0xff,0xf8,0x00,0x0f,0xff,0xfe,0x00,0x0f,0xff,0xff,0x00,0x0f,0xff,0xff,0x00,0x0f,0xe3,0xff,0x80,0x0f,0xe0,
    0x7f,0x80,0x0f,0xe0,0x3f,0x80,0x0f,0xe0,0x1f,0xc0,0x0f,0xe0,0x1f,0xc0,0x0f,0xe0,0x1f,0xc0,0x0f,0xe0,0x1f,0xc0,0x0f,0xe0,
    0x3f,0x80,0x0f,0xe0,0x3f,0x80,0x0f,0xe0,0xff,0x80,0x0f,0xff,0xff,0x00,0x0f,0xff,0xff,0x00,0x0f,0xff,0xfe,0x00,0x0f,0xff,
    0xfc,0x00,0x0f,0xff,0xf0,0x00,0x0f,0xe0,0x00,0x00,0x0f,0xe0,0x00,0x00,0x0f,0xe0,0x00,0x00,0x0f,0xe0,0x00,0x00,0x0f,0xe0,
    0x00,0x00,0x0f,0xe0,0x00,0x00,0x0f,0xe0,0x00,0x00,0x00,0x1f,0xf0,0x00,0x00,0xff,0xfe,0x00,0x03,0xff,0xff,0x80,0x07,0xff,
    0xff,0xc0,0x07,0xff,0xff,0xc0,0x0f,0xfe,0xff,0xe0,0x0f,0xf0,0x1f,0xe0,0x0f,0xe0,0x0f,0xe0,0x1f,0xc0,0x0f,0xe0,0x1f,0xc0,
    0x0f,0xc0,0x1f,0xc0,0x1f,0xc0,0x1f,0xc0,0x3f,0x80,0x1f,0xc0,0x7f,0x00,0x1f,0xc1,0xfe,0x00,0x1f,0xc1,0xfc,0x00,0x1f,0xc3,
    0xf8,0x00,0x1f,0xc3,0xf8,0x00,0x1f,0xc3,0xfc,0x00,0x1f,0xc3,0xff,0x00,0x1f,0xc1,0xff,0x80,0x1f,0xc0,0xff,0xe0,0x1f,0xc0,
    0x7f,0xf0,0x1f,0xc0,0x1f,0xf8,0x1f,0xc0,0x07,0xf8,0x1f,0xc0,0x03,0xfc,0x1f,0xc0,0x01,0xfc,0x1f,0xc0,0x01,0xfc,0x1f,0xc0,
    0x01,0xfc,0x1f,0xc7,0x83,0xfc,0x1f,0xc7,0xff,0xf8,0x1f,0xc7,0xff,0xf8,0x1f,0xc7,0xff,0xf0,0x1f,0xc7,0xff,0xe0,0x1f,0xc1,
    0xff,0x00,0x07,0xf8,0x00,0x00,0x03,0xf8,0x00,0x00,0x01,0xfc,0x00,0x00,0x00,0xfe,0x00,0x00,0x00,0x3f,0x00,0x00,0x00,0x1f,
    0x80,0x00,0x00,0x0f,0x80,0x00,0x00,0x00,0x00,0x00,0x00,0x00,0x00,0x00,0x00,0x7f,0xc0,0x00,0x03,0xff,0xf0,0x00,0x0f,0xff,
    0xf8,0x00,0x07,0xff,0xfc,0x00,0x07,0xff,0xfe,0x00,0x03,0xf7,0xfe,0x00,0x02,0x00,0xfe,0x00,0x00,0x00,0x7e,0x00,0x00,0x00,
    0x7e,0x00,0x00,0xff,0xfe,0x00,0x07,0xff,0xfe,0x00,0x0f,0xff,0xfe,0x00,0x1f,0xff,0xfe,0x00,0x3f,0xe0,0x7e,0x00,0x3f,0x80,
    0x7e,0x00,0x3f,0x80,0x7e,0x00,0x3f,0x80,0xfe,0x00,0x3f,0x80,0xfe,0x00,0x3f,0x81,0xfe,0x00,0x3f,0xef,0xfe,0x00,0x3f,0xff,
    0xfe,0x00,0x1f,0xff,0xfe,0x00,0x1f,0xff,0x3e,0x00,0x0f,0xfe,0x3e,0x00,0x03,0xf8,0x3e,0x00,0x00,0x03,0xfc,0x00,0x00,0x07,
    0xf8,0x00,0x00,0x07,0xf0,0x00,0x00,0x0f,0xc0,0x00,0x00,0x1f,0x80,0x00,0x00,0x3f,0x00,0x00,0x00,0x7c,0x00,0x00,0x00,0x00,
    0x00,0x00,0x00,0x00,0x00,0x00,0x00,0x7f,0xc0,0x00,0x03,0xff,0xf0,0x00,0x0f,0xff,0xf8,0x00,0x07,0xff,0xfc,0x00,0x07,0xff,
    0xfe,0x00,0x03,0xf7,0xfe,0x00,0x02,0x00,0xfe,0x00,0x00,0x00,0x7e,0x00,0x00,0x00,0x7e,0x00,0x00,0xff,0xfe,0x00,0x07,0xff,
    0xfe,0x00,0x0f,0xff,0xfe,0x00,0x1f,0xff,0xfe,0x00,0x3f,0xe0,0x7e,0x00,0x3f,0x80,0x7e,0x00,0x3f,0x80,0x7e,0x00,0x3f,0x80,
    0xfe,0x00,0x3f,0x80,0xfe,0x00,0x3f,0x81,0xfe,0x00,0x3f,0xef,0xfe,0x00,0x3f,0xff,0xfe,0x00,0x1f,0xff,0xfe,0x00,0x1f,0xff,
    0x3e,0x00,0x0f,0xfe,0x3e,0x00,0x03,0xf8,0x3e,0x00,0x00,0x7f,0xc0,0x00,0x00,0xff,0xc0,0x00,0x00,0xff,0xe0,0x00,0x01,0xff,
    0xf0,0x00,0x03,0xf1,0xf8,0x00,0x07,0xe0,0xfc,0x00,0x0f,0x80,0x7e,0x00,0x00,0x00,0x00,0x00,0x00,0x00,0x00,0x00,0x00,0x7f,
    0xc0,0x00,0x03,0xff,0xf0,0x00,0x0f,0xff,0xf8,0x00,0x07,0xff,0xfc,0x00,0x07,0xff,0xfe,0x00,0x03,0xf7,0xfe,0x00,0x02,0x00,
    0xfe,0x00,0x00,0x00,0x7e,0x00,0x00,0x00,0x7e,0x00,0x00,0xff,0xfe,0x00,0x07,0xff,0xfe,0x00,0x0f,0xff,0xfe,0x00,0x1f,0xff,
    0xfe,0x00,0x3f,0xe0,0x7e,0x00,0x3f,0x80,0x7e,0x00,0x3f,0x80,0x7e,0x00,0x3f,0x80,0xfe,0x00,0x3f,0x80,0xfe,0x00,0x3f,0x81,
    0xfe,0x00,0x3f,0xef,0xfe,0x00,0x3f,0xff,0xfe,0x00,0x1f,0xff,0xfe,0x00,0x1f,0xff,0x3e,0x00,0x0f,0xfe,0x3e,0x00,0x03,0xf8,
    0x3e,0x00,0x00,0xf0,0x1c,0x00,0x03,0xfc,0x3c,0x00,0x03,0xfe,0x3c,0x00,0x07,0xff,0xf8,0x00,0x07,0x9f,0xf8,0x00,0x0f,0x07,
    0xf0,0x00,0x0f,0x03,0xe0,0x00,0x00,0x00,0x00,0x00,0x00,0x00,0x00,0x00,0x00,0x7f,0xc0,0x00,0x03,0xff,0xf0,0x00,0x0f,0xff,
    0xf8,0x00,0x07,0xff,0xfc,0x00,0x07,0xff,0xfe,0x00,0x03,0xf7,0xfe,0x00,0x02,0x00,0xfe,0x00,0x00,0x00,0x7e,0x00,0x00,0x00,
    0x7e,0x00,0x00,0xff,0xfe,0x00,0x07,0xff,0xfe,0x00,0x0f,0xff,0xfe,0x00,0x1f,0xff,0xfe,0x00,0x3f,0xe0,0x7e,0x00,0x3f,0x80,
    0x7e,0x00,0x3f,0x80,0x7e,0x00,0x3f,0x80,0xfe,0x00,0x3f,0x80,0xfe,0x00,0x3f,0x81,0xfe,0x00,0x3f,0xef,0xfe,0x00,0x3f,0xff,
    0xfe,0x00,0x1f,0xff,0xfe,0x00,0x1f,0xff,0x3e,0x00,0x0f,0xfe,0x3e,0x00,0x03,0xf8,0x3e,0x00,0x00,0x00,0x00,0x00,0x01,0xe1,
    0xf0,0x00,0x03,0xf1,0xf8,0x00,0x03,0xf1,0xf8,0x00,0x03,0xf1,0xf0,0x00,0x01,0xe0,0xe0,0x00,0x00,0x00,0x00,0x00,0x00,0x00,
    0x00,0x00,0x00,0x00,0x00,0x00,0x00,0x7f,0xc0,0x00,0x03,0xff,0xf0,0x00,0x0f,0xff,0xf8,0x00,0x07,0xff,0xfc,0x00,0x07,0xff,
    0xfe,0x00,0x03,0xf7,0xfe,0x00,0x02,0x00,0xfe,0x00,0x00,0x00,0x7e,0x00,0x00,0x00,0x7e,0x00,0x00,0xff,0xfe,0x00,0x07,0xff,
    0xfe,0x00,0x0f,0xff,0xfe,0x00,0x1f,0xff,0xfe,0x00,0x3f,0xe0,0x7e,0x00,0x3f,0x80,0x7e,0x00,0x3f,0x80,0x7e,0x00,0x3f,0x80,
    0xfe,0x00,0x3f,0x80,0xfe,0x00,0x3f,0x81,0xfe,0x00,0x3f,0xef,0xfe,0x00,0x3f,0xff,0xfe,0x00,0x1f,0xff,0xfe,0x00,0x1f,0xff,
    0x3e,0x00,0x0f,0xfe,0x3e,0x00,0x03,0xf8,0x3e,0x00,0x00,0x1f,0x00,0x00,0x00,0x7f,0x80,0x00,0x00,0x7f,0xc0,0x00,0x00,0xf1,
    0xe0,0x00,0x00,0xe1,0xe0,0x00,0x00,0xe1,0xe0,0x00,0x00,0xf1,0xe0,0x00,0x00,0x7f,0xc0,0x00,0x00,0x7f,0x80,0x00,0x00,0x1f,
    0x00,0x00,0x00,0x00,0x00,0x00,0x00,0x00,0x00,0x00,0x00,0x7f,0xc0,0x00,0x03,0xff,0xf0,0x00,0x0f,0xff,0xf8,0x00,0x07,0xff,
    0xfc,0x00,0x07,0xff,0xfe,0x00,0x03,0xf7,0xfe,0x00,0x02,0x00,0xfe,0x00,0x00,0x00,0x7e,0x00,0x00,0x00,0x7e,0x00,0x00,0xff,
    0xfe,0x00,0x07,0xff,0xfe,0x00,0x0f,0xff,0xfe,0x00,0x1f,0xff,0xfe,0x00,0x3f,0xe0,0x7e,0x00,0x3f,0x80,0x7e,0x00,0x3f,0x80,
    0x7e,0x00,0x3f,0x80,0xfe,0x00,0x3f,0x80,0xfe,0x00,0x3f,0x81,0xfe,0x00,0x3f,0xef,0xfe,0x00,0x3f,0xff,0xfe,0x00,0x1f,0xff,
    0xfe,0x00,0x1f,0xff,0x3e,0x00,0x0f,0xfe,0x3e,0x00,0x03,0xf8,0x3e,0x00,0x00,0x7f,0x80,0x7f,0x00,0x03,0xff,0xe3,0xff,0xc0,
    0x0f,0xff,0xf7,0xff,0xe0,0x07,0xff,0xff,0xff,0xf0,0x07,0xff,0xff,0xff,0xf8,0x03,0xf7,0xff,0xf7,0xf8,0x02,0x00,0xff,0x01,
    0xfc,0x00,0x00,0xff,0x00,0xfc,0x00,0x00,0xfe,0x00,0xfc,0x01,0xff,0xff,0xff,0xfc,0x07,0xff,0xff,0xff,0xfe,0x0f,0xff,0xff,
    0xff,0xfe,0x1f,0xff,0xff,0xff,0xfe,0x3f,0xe0,0xff,0xff,0xfe,0x3f,0x80,0xfe,0x00,0x00,0x3f,0x80,0xfe,0x00,0x00,0x3f,0x80,
    0xff,0x00,0x00,0x3f,0x80,0xff,0x00,0x00,0x3f,0x81,0xff,0x80,0x18,0x3f,0xef,0xff,0xf3,0xf8,0x3f,0xff,0xff,0xff,0xf8,0x1f,
    0xff,0xcf,0xff,0xf8,0x0f,0xff,0x87,0xff,0xf8,0x07,0xff,0x01,0xff,0xf0,0x03,0xfc,0x00,0x7f,0xc0,0x00,0x3f,0xc0,0x01,0xff,
    0xf8,0x03,0xff,0xf8,0x07,0xff,0xf8,0x0f,0xff,0xf0,0x1f,0xfb,0xf0,0x1f,0xe0,0x20,0x1f,0xc0,0x00,0x3f,0x80,0x00,0x3f,0x80,
    0x00,0x3f,0x80,0x00,0x3f,0x80,0x00,0x3f,0x80,0x00,0x3f,0x80,0x00,0x3f,0x80,0x00,0x3f,0x80,0x00,0x3f,0x80,0x00,0x3f,0xc0,
    0x00,0x1f,0xe0,0x18,0x1f,0xfb,0xf8,0x0f,0xff,0xf8,0x0f,0xff,0xf8,0x07,0xff,0xf8,0x01,0xff,0xf0,0x00,0x7f,0xc0,0x00,0x1e,
    0x00,0x00,0x3e,0x00,0x00,0x3f,0x00,0x00,0x3f,0x80,0x00,0x0f,0xc0,0x00,0x07,0xc0,0x00,0x0f,0xc0,0x00,0xff,0xc0,0x00,0xff,
    0x80,0x00,0xff,0x80,0x00,0xfe,0x00,0x07,0xf0,0x00,0x00,0x03,0xf8,0x00,0x00,0x01,0xfc,0x00,0x00,0x00,0xfe,0x00,0x00,0x00,
    0x7e,0x00,0x00,0x00,0x3f,0x00,0x00,0x00,0x0f,0x80,0x00,0x00,0x00,0x00,0x00,0x00,0x00,0x00,0x00,0x00,0x7f,0x80,0x00,0x01,
    0xff,0xf0,0x00,0x03,0xff,0xf8,0x00,0x07,0xff,0xfc,0x00,0x0f,0xff,0xfe,0x00,0x1f,0xe1,0xfe,0x00,0x1f,0xc0,0x7f,0x00,0x1f,
    0x80,0x7f,0x00,0x3f,0x80,0x3f,0x00,0x3f,0x80,0x3f,0x00,0x3f,0xff,0xff,0x00,0x3f,0xff,0xff,0x00,0x3f,0xff,0xff,0x00,0x3f,
    0xff,0xff,0x00,0x3f,0x80,0x00,0x00,0x3f,0x80,0x00,0x00,0x3f,0x80,0x00,0x00,0x1f,0xc0,0x00,0x00,0x1f,0xe0,0x06,0x00,0x1f,
    0xfd,0xfe,0x00,0x0f,0xff,0xfe,0x00,0x07,0xff,0xfe,0x00,0x03,0xff,0xfe,0x00,0x00,0xff,0xfc,0x00,0x00,0x3f,0xe0,0x00,0x00,
    0x03,0xf8,0x00,0x00,0x07,0xf0,0x00,0x00,0x0f,0xe0,0x00,0x00,0x1f,0xc0,0x00,0x00,0x1f,0x80,0x00,0x00,0x3f,0x00,0x00,0x00,
    0x7c,0x00,0x00,0x00,0x00,0x00,0x00,0x00,0x00,0x00,0x00,0x00,0x7f,0x80,0x00,0x01,0xff,0xf0,0x00,0x03,0xff,0xf8,0x00,0x07,
    0xff,0xfc,0x00,0x0f,0xff,0xfe,0x00,0x1f,0xe1,0xfe,0x00,0x1f,0xc0,0x7f,0x00,0x1f,0x80,0x7f,0x00,0x3f,0x80,0x3f,0x00,0x3f,
    0x80,0x3f,0x00,0x3f,0xff,0xff,0x00,0x3f,0xff,0xff,0x00,0x3f,0xff,0xff,0x00,0x3f,0xff,0xff,0x00,0x3f,0x80,0x00,0x00,0x3f,
    0x80,0x00,0x00,0x3f,0x80,0x00,0x00,0x1f,0xc0,0x00,0x00,0x1f,0xe0,0x06,0x00,0x1f,0xfd,0xfe,0x00,0x0f,0xff,0xfe,0x00,0x07,
    0xff,0xfe,0x00,0x03,0xff,0xfe,0x00,0x00,0xff,0xfc,0x00,0x00,0x3f,0xe0,0x00,0x00,0x7f,0x80,0x00,0x00,0xff,0xc0,0x00,0x01,
    0xff,0xe0,0x00,0x03,0xff,0xf0,0x00,0x03,0xf3,0xf8,0x00,0x07,0xc0,0xfc,0x00,0x0f,0x80,0x7c,0x00,0x00,0x00,0x00,0x00,0x00,
    0x00,0x00,0x00,0x00,0x7f,0x80,0x00,0x01,0xff,0xf0,0x00,0x03,0xff,0xf8,0x00,0x07,0xff,0xfc,0x00,0x0f,0xff,0xfe,0x00,0x1f,
    0xe1,0xfe,0x00,0x1f,0xc0,0x7f,0x00,0x1f,0x80,0x7f,0x00,0x3f,0x80,0x3f,0x00,0x3f,0x80,0x3f,0x00,0x3f,0xff,0xff,0x00,0x3f,
    0xff,0xff,0x00,0x3f,0xff,0xff,0x00,0x3f,0xff,0xff,0x00,0x3f,0x80,0x00,0x00,0x3f,0x80,0x00,0x00,0x3f,0x80,0x00,0x00,0x1f,
    0xc0,0x00,0x00,0x1f,0xe0,0x06,0x00,0x1f,0xfd,0xfe,0x00,0x0f,0xff,0xfe,0x00,0x07,0xff,0xfe,0x00,0x03,0xff,0xfe,0x00,0x00,
    0xff,0xfc,0x00,0x00,0x3f,0xe0,0x00,0x00,0x00,0x00,0x00,0x03,0xe1,0xf0,0x00,0x03,0xf3,0xf0,0x00,0x03,0xf3,0xf0,0x00,0x03,
    0xe1,0xf0,0x00,0x01,0xe1,0xe0,0x00,0x00,0x00,0x00,0x00,0x00,0x00,0x00,0x00,0x00,0x00,0x00,0x00,0x00,0x7f,0x80,0x00,0x01,
    0xff,0xf0,0x00,0x03,0xff,0xf8,0x00,0x07,0xff,0xfc,0x00,0x0f,0xff,0xfe,0x00,0x1f,0xe1,0xfe,0x00,0x1f,0xc0,0x7f,0x00,0x1f,
    0x80,0x7f,0x00,0x3f,0x80,0x3f,0x00,0x3f,0x80,0x3f,0x00,0x3f,0xff,0xff,0x00,0x3f,0xff,0xff,0x00,0x3f,0xff,0xff,0x00,0x3f,
    0xff,0xff,0x00,0x3f,0x80,0x00,0x00,0x3f,0x80,0x00,0x00,0x3f,0x80,0x00,0x00,0x1f,0xc0,0x00,0x00,0x1f,0xe0,0x06,0x00,0x1f,
    0xfd,0xfe,0x00,0x0f,0xff,0xfe,0x00,0x07,0xff,0xfe,0x00,0x03,0xff,0xfe,0x00,0x00,0xff,0xfc,0x00,0x00,0x3f,0xe0,0x00,0xff,
    0x00,0x7f,0x80,0x1f,0xc0,0x0f,0xc0,0x07,0xe0,0x03,0xf0,0x00,0xf8,0x00,0x00,0x00,0x00,0x07,0xf0,0x07,0xf0,0x07,0xf0,0x07,
    0xf0,0x07,0xf0,0x07,0xf0,0x07,0xf0,0x07,0xf0,0x07,0xf0,0x07,0xf0,0x07,0xf0,0x07,0xf0,0x07,0xf0,0x07,0xf0,0x07,0xf0,0x07,
    0xf0,0x07,0xf0,0x07,0xf0,0x07,0xf0,0x07,0xf0,0x07,0xf0,0x07,0xf0,0x07,0xf0,0x07,0xf0,0x07,0xf0,0x01,0xfe,0x01,0xfc,0x03,
    0xf8,0x07,0xf0,0x0f,0xe0,0x0f,0x80,0x1f,0x00,0x00,0x00,0x00,0x00,0x1f,0xc0,0x1f,0xc0,0x1f,0xc0,0x1f,0xc0,0x1f,0xc0,0x1f,
    0xc0,0x1f,0xc0,0x1f,0xc0,0x1f,0xc0,0x1f,0xc0,0x1f,0xc0,0x1f,0xc0,0x1f,0xc0,0x1f,0xc0,0x1f,0xc0,0x1f,0xc0,0x1f,0xc0,0x1f,
    0xc0,0x1f,0xc0,0x1f,0xc0,0x1f,0xc0,0x1f,0xc0,0x1f,0xc0,0x1f,0xc0,0x1f,0xc0,0x03,0xfc,0x00,0x07,0xfe,0x00,0x0f,0xff,0x00,
    0x1f,0xff,0x00,0x3f,0x1f,0x80,0x7e,0x0f,0xc0,0xfc,0x03,0xe0,0x00,0x00,0x00,0x00,0x00,0x00,0x03,0xf8,0x00,0x03,0xf8,0x00,
    0x03,0xf8,0x00,0x03,0xf8,0x00,0x03,0xf8,0x00,0x03,0xf8,0x00,0x03,0xf8,0x00,0x03,0xf8,0x00,0x03,0xf8,0x00,0x03,0xf8,0x00,
    0x03,0xf8,0x00,0x03,0xf8,0x00,0x03,0xf8,0x00,0x03,0xf8,0x00,0x03,0xf8,0x00,0x03,0xf8,0x00,0x03,0xf8,0x00,0x03,0xf8,0x00,
    0x03,0xf8,0x00,0x03,0xf8,0x00,0x03,0xf8,0x00,0x03,0xf8,0x00,0x03,0xf8,0x00,0x03,0xf8,0x00,0x03,0xf8,0x00,0x00,0x00,0x7c,
    0x3c,0xfc,0x7e,0xfc,0x7e,0x7c,0x7e,0x78,0x3c,0x00,0x00,0x00,0x00,0x00,0x00,0x0f,0xe0,0x0f,0xe0,0x0f,0xe0,0x0f,0xe0,0x0f,
    0xe0,0x0f,0xe0,0x0f,0xe0,0x0f,0xe0,0x0f,0xe0,0x0f,0xe0,0x0f,0xe0,0x0f,0xe0,0x0f,0xe0,0x0f,0xe0,0x0f,0xe0,0x0f,0xe0,0x0f,
    0xe0,0x0f,0xe0,0x0f,0xe0,0x0f,0xe0,0x0f,0xe0,0x0f,0xe0,0x0f,0xe0,0x0f,0xe0,0x0f,0xe0,0x00,0x20,0x08,0x00,0x00,0x78,0x38,
    0x00,0x00,0xfc,0xfc,0x00,0x00,0xff,0xfc,0x00,0x00,0x7f,0xf8,0x00,0x00,0x3f,0xe0,0x00,0x00,0x3f,0xf0,0x00,0x00,0xff,0xf0,
    0x00,0x01,0xff,0xf8,0x00,0x00,0xf9,0xfc,0x00,0x00,0xe0,0xfe,0x00,0x00,0x40,0x7e,0x00,0x00,0x00,0x7f,0x00,0x00,0xff,0xbf,
    0x00,0x03,0xff,0xff,0x00,0x07,0xff,0xff,0x80,0x0f,0xff,0xff,0x80,0x1f,0xff,0xff,0x80,0x1f,0xe0,0xff,0x80,0x1f,0xc0,0x7f,
    0x80,0x3f,0x80,0x3f,0x80,0x3f,0x80,0x3f,0x80,0x3f,0x80,0x3f,0x80,0x3f,0x80,0x3f,0x80,0x3f,0x80,0x3f,0x80,0x3f,0x80,0x3f,
    0x80,0x3f,0x80,0x3f,0x80,0x3f,0xc0,0x3f,0x00,0x1f,0xc0,0x7f,0x00,0x1f,0xfb,0xff,0x00,0x0f,0xff,0xfe,0x00,0x07,0xff,0xfc,
    0x00,0x03,0xff,0xf8,0x00,0x01,0xff,0xf0,0x00,0x00,0x3f,0x80,0x00,0x00,0x78,0x0e,0x00,0x00,0xfe,0x0e,0x00,0x01,0xff,0x1e,
    0x00,0x03,0xff,0xfe,0x00,0x03,0xcf,0xfc,0x00,0x03,0x83,0xf8,0x00,0x03,0x80,0xf0,0x00,0x00,0x00,0x00,0x00,0x00,0x00,0x00,
    0x00,0x1f,0x83,0xf8,0x00,0x1f,0x8f,0xfc,0x00,0x1f,0xbf,0xff,0x00,0x1f,0xff,0xff,0x00,0x1f,0xff,0xff,0x80,0x1f,0xfe,0xff,
    0x80,0x1f,0xf0,0x3f,0x80,0x1f,0xe0,0x3f,0xc0,0x1f,0xe0,0x1f,0xc0,0x1f,0xc0,0x1f,0xc0,0x1f,0xc0,0x1f,0xc0,0x1f,0xc0,0x1f,
    0xc0,0x1f,0xc0,0x1f,0xc0,0x1f,0xc0,0x1f,0xc0,0x1f,0xc0,0x1f,0xc0,0x1f,0xc0,0x1f,0xc0,0x1f,0xc0,0x1f,0xc0,0x1f,0xc0,0x1f,
    0xc0,0x1f,0xc0,0x1f,0xc0,0x1f,0xc0,0x1f,0xc0,0x1f,0xc0,0x1f,0xc0,0x1f,0xc0,0x1f,0xc0,0x1f,0xc0,0x1f,0xc0,0x1f,0xc0,0x1f,
    0xc0,0x1f,0xc0,0x1f,0xc0,0x07,0xf8,0x00,0x00,0x03,0xfc,0x00,0x00,0x01,0xfc,0x00,0x00,0x00,0x7e,0x00,0x00,0x00,0x3f,0x00,
    0x00,0x00,0x1f,0x80,0x00,0x00,0x0f,0xc0,0x00,0x00,0x00,0x00,0x00,0x00,0x00,0x00,0x00,0x00,0x3f,0xc0,0x00,0x01,0xff,0xf0,
    0x00,0x03,0xff,0xf8,0x00,0x07,0xff,0xfc,0x00,0x0f,0xff,0xfe,0x00,0x1f,0xfb,0xff,0x00,0x1f,0xe0,0x7f,0x00,0x1f,0xc0,0x7f,
    0x80,0x3f,0x80,0x3f,0x80,0x3f,0x80,0x3f,0x80,0x3f,0x80,0x3f,0x80,0x3f,0x80,0x3f,0x80,0x3f,0x80,0x3f,0x80,0x3f,0x80,0x3f,
    0x80,0x3f,0x80,0x3f,0x80,0x3f,0x80,0x3f,0x80,0x3f,0x80,0x3f,0x80,0x1f,0xc0,0x7f,0x80,0x1f,0xe0,0x7f,0x00,0x0f,0xfb,0xff,
    0x00,0x0f,0xff,0xfe,0x00,0x07,0xff,0xfc,0x00,0x03,0xff,0xf8,0x00,0x01,0xff,0xf0,0x00,0x00,0x3f,0x80,0x00,0x00,0x03,0xfc,
    0x00,0x00,0x03,0xf8,0x00,0x00,0x07,0xf0,0x00,0x00,0x0f,0xe0,0x00,0x00,0x1f,0x80,0x00,0x00,0x3f,0x00,0x00,0x00,0x3e,0x00,
    0x00,0x00,0x00,0x00,0x00,0x00,0x00,0x00,0x00,0x00,0x3f,0xc0,0x00,0x01,0xff,0xf0,0x00,0x03,0xff,0xf8,0x00,0x07,0xff,0xfc,
    0x00,0x0f,0xff,0xfe,0x00,0x1f,0xfb,0xff,0x00,0x1f,0xe0,0x7f,0x00,0x1f,0xc0,0x7f,0x80,0x3f,0x80,0x3f,0x80,0x3f,0x80,0x3f,
    0x80,0x3f,0x80,0x3f,0x80,0x3f,0x80,0x3f,0x80,0x3f,0x80,0x3f,0x80,0x3f,0x80,0x3f,0x80,0x3f,0x80,0x3f,0x80,0x3f,0x80,0x3f,
    0x80,0x3f,0x80,0x3f,0x80,0x1f,0xc0,0x7f,0x80,0x1f,0xe0,0x7f,0x00,0x0f,0xfb,0xff,0x00,0x0f,0xff,0xfe,0x00,0x07,0xff,0xfc,
    0x00,0x03,0xff,0xf8,0x00,0x01,0xff,0xf0,0x00,0x00,0x3f,0x80,0x00,0x00,0x7f,0xc0,0x00,0x00,0x7f,0xe0,0x00,0x00,0xff,0xe0,
    0x00,0x01,0xff,0xf0,0x00,0x03,0xf1,0xf8,0x00,0x07,0xe0,0xfc,0x00,0x0f,0xc0,0x3e,0x00,0x00,0x00,0x00,0x00,0x00,0x00,0x00,
    0x00,0x00,0x3f,0xc0,0x00,0x01,0xff,0xf0,0x00,0x03,0xff,0xf8,0x00,0x07,0xff,0xfc,0x00,0x0f,0xff,0xfe,0x00,0x1f,0xfb,0xff,
    0x00,0x1f,0xe0,0x7f,0x00,0x1f,0xc0,0x7f,0x80,0x3f,0x80,0x3f,0x80,0x3f,0x80,0x3f,0x80,0x3f,0x80,0x3f,0x80,0x3f,0x80,0x3f,
    0x80,0x3f,0x80,0x3f,0x80,0x3f,0x80,0x3f,0x80,0x3f,0x80,0x3f,0x80,0x3f,0x80,0x3f,0x80,0x3f,0x80,0x3f,0x80,0x1f,0xc0,0x7f,
    0x80,0x1f,0xe0,0x7f,0x00,0x0f,0xfb,0xff,0x00,0x0f,0xff,0xfe,0x00,0x07,0xff,0xfc,0x00,0x03,0xff,0xf8,0x00,0x01,0xff,0xf0,
    0x00,0x00,0x3f,0x80,0x00,0x00,0xf0,0x1e,0x00,0x01,0xfc,0x1c,0x00,0x03,0xff,0x3c,0x00,0x07,0xff,0xfc,0x00,0x07,0x8f,0xf8,
    0x00,0x07,0x07,0xf0,0x00,0x07,0x01,0xe0,0x00,0x00,0x00,0x00,0x00,0x00,0x00,0x00,0x00,0x00,0x3f,0xc0,0x00,0x01,0xff,0xf0,
    0x00,0x03,0xff,0xf8,0x00,0x07,0xff,0xfc,0x00,0x0f,0xff,0xfe,0x00,0x1f,0xfb,0xff,0x00,0x1f,0xe0,0x7f,0x00,0x1f,0xc0,0x7f,
    0x80,0x3f,0x80,0x3f,0x80,0x3f,0x80,0x3f,0x80,0x3f,0x80,0x3f,0x80,0x3f,0x80,0x3f,0x80,0x3f,0x80,0x3f,0x80,0x3f,0x80,0x3f,
    0x80,0x3f,0x80,0x3f,0x80,0x3f,0x80,0x3f,0x80,0x3f,0x80,0x3f,0x80,0x1f,0xc0,0x7f,0x80,0x1f,0xe0,0x7f,0x00,0x0f,0xfb,0xff,
    0x00,0x0f,0xff,0xfe,0x00,0x07,0xff,0xfc,0x00,0x03,0xff,0xf8,0x00,0x01,0xff,0xf0,0x00,0x00,0x3f,0x80,0x00,0x00,0x00,0x00,
    0x00,0x01,0xf0,0xf0,0x00,0x03,0xf1,0xf8,0x00,0x03,0xf1,0xf8,0x00,0x03,0xf1,0xf8,0x00,0x01,0xe0,0xf0,0x00,0x00,0x00,0x00,
    0x00,0x00,0x00,0x00,0x00,0x00,0x00,0x00,0x00,0x00,0x3f,0xc0,0x00,0x01,0xff,0xf0,0x00,0x03,0xff,0xf8,0x00,0x07,0xff,0xfc,
    0x00,0x0f,0xff,0xfe,0x00,0x1f,0xfb,0xff,0x00,0x1f,0xe0,0x7f,0x00,0x1f,0xc0,0x7f,0x80,0x3f,0x80,0x3f,0x80,0x3f,0x80,0x3f,
    0x80,0x3f,0x80,0x3f,0x80,0x3f,0x80,0x3f,0x80,0x3f,0x80,0x3f,0x80,0x3f,0x80,0x3f,0x80,0x3f,0x80,0x3f,0x80,0x3f,0x80,0x3f,
    0x80,0x3f,0x80,0x3f,0x80,0x1f,0xc0,0x7f,0x80,0x1f,0xe0,0x7f,0x00,0x0f,0xfb,0xff,0x00,0x0f,0xff,0xfe,0x00,0x07,0xff,0xfc,
    0x00,0x03,0xff,0xf8,0x00,0x01,0xff,0xf0,0x00,0x00,0x3f,0x80,0x00,0x00,0x1c,0x00,0x00,0x00,0x3e,0x00,0x00,0x00,0x3f,0x00,
    0x00,0x00,0x7f,0x00,0x00,0x00,0x3e,0x00,0x00,0x00,0x3e,0x00,0x00,0x00,0x1c,0x00,0x00,0x00,0x00,0x00,0x00,0x00,0x00,0x00,
    0x00,0x3f,0xff,0xfe,0x00,0x3f,0xff,0xfe,0x00,0x3f,0xff,0xfe,0x00,0x3f,0xff,0xfe,0x00,0x3f,0xff,0xfe,0x00,0x00,0x00,0x00,
    0x00,0x00,0x1c,0x00,0x00,0x00,0x3e,0x00,0x00,0x00,0x3f,0x00,0x00,0x00,0x7f,0x00,0x00,0x00,0x3e,0x00,0x00,0x00,0x3e,0x00,
    0x00,0x00,0x1c,0x00,0x00,0x00,0x00,0x00,0x00,0x00,0x00,0x00,0x00,0x00,0x00,0x00,0x00,0x00,0x00,0x00,0x00,0x00,0x00,0x00,
    0x00,0x00,0x00,0x00,0x00,0x00,0x3f,0xdc,0x00,0x01,0xff,0xfe,0x00,0x03,0xff,0xfe,0x00,0x07,0xff,0xfc,0x00,0x0f,0xff,0xfe,
    0x00,0x1f,0xfb,0xff,0x00,0x1f,0xe1,0xff,0x00,0x1f,0xc1,0xff,0x80,0x3f,0x83,0xff,0x80,0x3f,0x87,0xff,0x80,0x3f,0x87,0xff,
    0x80,0x3f,0x8f,0xbf,0x80,0x3f,0x9f,0x3f,0x80,0x3f,0x9f,0x3f,0x80,0x3f,0xbe,0x3f,0x80,0x3f,0xfc,0x3f,0x80,0x3f,0xfc,0x3f,
    0x80,0x1f,0xf8,0x7f,0x80,0x1f,0xf0,0x7f,0x00,0x0f,0xfb,0xff,0x00,0x0f,0xff,0xfe,0x00,0x07,0xff,0xfc,0x00,0x07,0xff,0xf8,
    0x00,0x0f,0xff,0xf0,0x00,0x0f,0x3f,0xc0,0x00,0x03,0x00,0x00,0x00,0x00,0x00,0x00,0x00,0x03,0xfc,0x00,0x00,0x01,0xfe,0x00,
    0x00,0x00,0xfe,0x00,0x00,0x00,0x7f,0x00,0x00,0x00,0x1f,0x80,0x00,0x00,0x0f,0xc0,0x00,0x00,0x07,0xc0,0x00,0x00,0x00,0x00,
    0x00,0x00,0x00,0x00,0x00,0x1f,0xc0,0x1f,0xc0,0x1f,0xc0,0x1f,0xc0,0x1f,0xc0,0x1f,0xc0,0x1f,0xc0,0x1f,0xc0,0x1f,0xc0,0x1f,
    0xc0,0x1f,0xc0,0x1f,0xc0,0x1f,0xc0,0x1f,0xc0,0x1f,0xc0,0x1f,0xc0,0x1f,0xc0,0x1f,0xc0,0x1f,0xc0,0x1f,0xc0,0x1f,0xc0,0x1f,
    0xc0,0x1f,0xc0,0x1f,0xc0,0x1f,0xc0,0x1f,0xc0,0x1f,0xc0,0x1f,0xc0,0x1f,0xc0,0x1f,0xc0,0x1f,0xc0,0x3f,0xc0,0x1f,0xc0,0x3f,
    0xc0,0x1f,0xc0,0x3f,0xc0,0x1f,0xe0,0x7f,0xc0,0x0f,0xfb,0xff,0xc0,0x0f,0xff,0xff,0xc0,0x0f,0xff,0xff,0xc0,0x07,0xff,0xcf,
    0xc0,0x03,0xff,0x8f,0xc0,0x00,0xfe,0x0f,0xc0,0x00,0x01,0xfe,0x00,0x00,0x03,0xfc,0x00,0x00,0x03,0xf8,0x00,0x00,0x07,0xf0,
    0x00,0x00,0x0f,0xc0,0x00,0x00,0x1f,0x80,0x00,0x00,0x1f,0x00,0x00,0x00,0x00,0x00,0x00,0x00,0x00,0x00,0x00,0x1f,0xc0,0x1f,
    0xc0,0x1f,0xc0,0x1f,0xc0,0x1f,0xc0,0x1f,0xc0,0x1f,0xc0,0x1f,0xc0,0x1f,0xc0,0x1f,0xc0,0x1f,0xc0,0x1f,0xc0,0x1f,0xc0,0x1f,
    0xc0,0x1f,0xc0,0x1f,0xc0,0x1f,0xc0,0x1f,0xc0,0x1f,0xc0,0x1f,0xc0,0x1f,0xc0,0x1f,0xc0,0x1f,0xc0,0x1f,0xc0,0x1f,0xc0,0x1f,
    0xc0,0x1f,0xc0,0x1f,0xc0,0x1f,0xc0,0x1f,0xc0,0x1f,0xc0,0x3f,0xc0,0x1f,0xc0,0x3f,0xc0,0x1f,0xc0,0x3f,0xc0,0x1f,0xe0,0x7f,
    0xc0,0x0f,0xfb,0xff,0xc0,0x0f,0xff,0xff,0xc0,0x0f,0xff,0xff,0xc0,0x07,0xff,0xcf,0xc0,0x03,0xff,0x8f,0xc0,0x00,0xfe,0x0f,
    0xc0,0x00,0x3f,0xe0,0x00,0x00,0x3f,0xe0,0x00,0x00,0x7f,0xf0,0x00,0x00,0xff,0xf8,0x00,0x01,0xf8,0xfc,0x00,0x03,0xf0,0x7e,
    0x00,0x07,0xc0,0x1f,0x00,0x00,0x00,0x00,0x00,0x00,0x00,0x00,0x00,0x1f,0xc0,0x1f,0xc0,0x1f,0xc0,0x1f,0xc0,0x1f,0xc0,0x1f,
    0xc0,0x1f,0xc0,0x1f,0xc0,0x1f,0xc0,0x1f,0xc0,0x1f,0xc0,0x1f,0xc0,0x1f,0xc0,0x1f,0xc0,0x1f,0xc0,0x1f,0xc0,0x1f,0xc0,0x1f,
    0xc0,0x1f,0xc0,0x1f,0xc0,0x1f,0xc0,0x1f,0xc0,0x1f,0xc0,0x1f,0xc0,0x1f,0xc0,0x1f,0xc0,0x1f,0xc0,0x1f,0xc0,0x1f,0xc0,0x1f,
    0xc0,0x1f,0xc0,0x3f,0xc0,0x1f,0xc0,0x3f,0xc0,0x1f,0xc0,0x3f,0xc0,0x1f,0xe0,0x7f,0xc0,0x0f,0xfb,0xff,0xc0,0x0f,0xff,0xff,
    0xc0,0x0f,0xff,0xff,0xc0,0x07,0xff,0xcf,0xc0,0x03,0xff,0x8f,0xc0,0x00,0xfe,0x0f,0xc0,0x00,0x00,0x00,0x00,0x00,0xf0,0xf8,
    0x00,0x01,0xf8,0xfc,0x00,0x01,0xf8,0xfc,0x00,0x01,0xf8,0xfc,0x00,0x00,0xf0,0x78,0x00,0x00,0x00,0x00,0x00,0x00,0x00,0x00,
    0x00,0x00,0x00,0x00,0x00,0x1f,0xc0,0x1f,0xc0,0x1f,0xc0,0x1f,0xc0,0x1f,0xc0,0x1f,0xc0,0x1f,0xc0,0x1f,0xc0,0x1f,0xc0,0x1f,
    0xc0,0x1f,0xc0,0x1f,0xc0,0x1f,0xc0,0x1f,0xc0,0x1f,0xc0,0x1f,0xc0,0x1f,0xc0,0x1f,0xc0,0x1f,0xc0,0x1f,0xc0,0x1f,0xc0,0x1f,
    0xc0,0x1f,0xc0,0x1f,0xc0,0x1f,0xc0,0x1f,0xc0,0x1f,0xc0,0x1f,0xc0,0x1f,0xc0,0x1f,0xc0,0x1f,0xc0,0x3f,0xc0,0x1f,0xc0,0x3f,
    0xc0,0x1f,0xc0,0x3f,0xc0,0x1f,0xe0,0x7f,0xc0,0x0f,0xfb,0xff,0xc0,0x0f,0xff,0xff,0xc0,0x0f,0xff,0xff,0xc0,0x07,0xff,0xcf,
    0xc0,0x03,0xff,0x8f,0xc0,0x00,0xfe,0x0f,0xc0,0x00,0x07,0xf8,0x00,0x00,0x07,0xf0,0x00,0x00,0x0f,0xe0,0x00,0x00,0x1f,0xc0,
    0x00,0x00,0x3f,0x00,0x00,0x00,0x7e,0x00,0x00,0x00,0x7c,0x00,0x00,0x00,0x00,0x00,0x00,0x00,0x00,0x00,0x00,0xfe,0x00,0x3f,
    0x80,0xff,0x00,0x7f,0x80,0x7f,0x00,0x7f,0x00,0x7f,0x00,0x7f,0x00,0x3f,0x80,0x7e,0x00,0x3f,0x80,0xfe,0x00,0x3f,0x80,0xfe,
    0x00,0x1f,0xc0,0xfc,0x00,0x1f,0xc1,0xfc,0x00,0x0f,0xc1,0xfc,0x00,0x0f,0xe1,0xf8,0x00,0x0f,0xe3,0xf8,0x00,0x07,0xe3,0xf8,
    0x00,0x07,0xf3,0xf0,0x00,0x07,0xf7,0xf0,0x00,0x03,0xf7,0xf0,0x00,0x03,0xf7,0xe0,0x00,0x01,0xff,0xe0,0x00,0x01,0xff,0xc0,
    0x00,0x01,0xff,0xc0,0x00,0x00,0xff,0xc0,0x00,0x00,0xff,0x80,0x00,0x00,0x7f,0x80,0x00,0x00,0x7f,0x80,0x00,0x00,0x7f,0x00,
    0x00,0x00,0x7f,0x00,0x00,0x00,0x7f,0x00,0x00,0x00,0x7e,0x00,0x00,0x00,0xfe,0x00,0x00,0x01,0xfc,0x00,0x00,0x27,0xfc,0x00,
    0x00,0x7f,0xf8,0x00,0x00,0x7f,0xf8,0x00,0x00,0x7f,0xf0,0x00,0x00,0x7f,0xc0,0x00,0x00,0x3f,0x00,0x00,0x00,0x1f,0xc0,0x00,
    0x00,0x1f,0xc0,0x00,0x00,0x1f,0xc0,0x00,0x00,0x1f,0xc0,0x00,0x00,0x1f,0xc0,0x00,0x00,0x1f,0xc0,0x00,0x00,0x1f,0xc0,0x00,
    0x00,0x1f,0xc0,0x00,0x00,0x1f,0xc0,0x00,0x00,0x1f,0xc3,0xf0,0x00,0x1f,0xcf,0xfc,0x00,0x1f,0xdf,0xfe,0x00,0x1f,0xff,0xff,
    0x00,0x1f,0xff,0xff,0x00,0x1f,0xfd,0xff,0x80,0x1f,0xf0,0x7f,0x80,0x1f,0xe0,0x3f,0x80,0x1f,0xe0,0x1f,0xc0,0x1f,0xc0,0x1f,
    0xc0,0x1f,0xc0,0x1f,0xc0,0x1f,0xc0,0x1f,0xc0,0x1f,0xc0,0x1f,0xc0,0x1f,0xc0,0x1f,0xc0,0x1f,0xc0,0x1f,0xc0,0x1f,0xc0,0x1f,
    0xc0,0x1f,0xe0,0x1f,0xc0,0x1f,0xe0,0x3f,0x80,0x1f,0xf0,0x7f,0x80,0x1f,0xfd,0xff,0x80,0x1f,0xff,0xff,0x00,0x1f,0xff,0xff,
    0x00,0x1f,0xff,0xfe,0x00,0x1f,0xdf,0xfc,0x00,0x1f,0xc7,0xf0,0x00,0x1f,0xc0,0x00,0x00,0x1f,0xc0,0x00,0x00,0x1f,0xc0,0x00,
    0x00,0x1f,0xc0,0x00,0x00,0x1f,0xc0,0x00,0x00,0x1f,0xc0,0x00,0x00,0x1f,0xc0,0x00,0x00,0x1f,0xc0,0x00,0x00,0x1f,0xc0,0x00,
    0x00,0x1f,0xc0,0x00,0x00,0x1f,0xc0,0x00,0x00,0x00,0x00,0x00,0x00,0x03,0xe3,0xe0,0x00,0x07,0xe3,0xf0,0x00,0x07,0xe3,0xf0,
    0x00,0x07,0xe3,0xf0,0x00,0x03,0xc1,0xe0,0x00,0x00,0x00,0x00,0x00,0x00,0x00,0x00,0x00,0x00,0x00,0x00,0x00,0xfe,0x00,0x3f,
    0x80,0xff,0x00,0x7f,0x80,0x7f,0x00,0x7f,0x00,0x7f,0x00,0x7f,0x00,0x3f,0x80,0x7e,0x00,0x3f,0x80,0xfe,0x00,0x3f,0x80,0xfe,
    0x00,0x1f,0xc0,0xfc,0x00,0x1f,0xc1,0xfc,0x00,0x0f,0xc1,0xfc,0x00,0x0f,0xe1,0xf8,0x00,0x0f,0xe3,0xf8,0x00,0x07,0xe3,0xf8,
    0x00,0x07,0xf3,0xf0,0x00,0x07,0xf7,0xf0,0x00,0x03,0xf7,0xf0,0x00,0x03,0xf7,0xe0,0x00,0x01,0xff,0xe0,0x00,0x01,0xff,0xc0,
    0x00,0x01,0xff,0xc0,0x00,0x00,0xff,0xc0,0x00,0x00,0xff,0x80,0x00,0x00,0x7f,0x80,0x00,0x00,0x7f,0x80,0x00,0x00,0x7f,0x00,
    0x00,0x00,0x7f,0x00,0x00,0x00,0x7f,0x00,0x00,0x00,0x7e,0x00,0x00,0x00,0xfe,0x00,0x00,0x01,0xfc,0x00,0x00,0x27,0xfc,0x00,
    0x00,0x7f,0xf8,0x00,0x00,0x7f,0xf8,0x00,0x00,0x7f,0xf0,0x00,0x00,0x7f,0xc0,0x00,0x00,0x3f,0x00,0x00,0x00,0x01,0xc0,0x0e,
    0x00,0x01,0xe0,0x0f,0x00,0x01,0xf0,0x3e,0x00,0x01,0xff,0xfe,0x00,0x00,0xff,0xfc,0x00,0x00,0x7f,0xfc,0x00,0x00,0x3f,0xf0,
    0x00,0x00,0x0f,0xe0,0x00,0x00,0x00,0x00,0x00,0x00,0x00,0x00,0x00,0x00,0x1f,0xe0,0x00,0x00,0x1f,0xf0,0x00,0x00,0x3f,0xf0,
    0x00,0x00,0x3f,0xf8,0x00,0x00,0x7f,0xf8,0x00,0x00,0x7f,0xf8,0x00,0x00,0x7f,0xfc,0x00,0x00,0xfe,0xfc,0x00,0x00,0xfc,0xfc,
    0x00,0x00,0xfc,0xfe,0x00,0x01,0xfc,0x7e,0x00,0x01,0xf8,0x7e,0x00,0x01,0xf8,0x7f,0x00,0x03,0xf8,0x3f,0x00,0x03,0xf8,0x3f,
    0x00,0x03,0xf0,0x3f,0x80,0x07,0xf0,0x3f,0x80,0x07,0xf0,0x1f,0x80,0x07,0xe0,0x1f,0xc0,0x0f,0xff,0xff,0xc0,0x0f,0xff,0xff,
    0xc0,0x0f,0xff,0xff,0xe0,0x1f,0xff,0xff,0xe0,0x1f,0xff,0xff,0xe0,0x1f,0xc0,0x07,0xf0,0x3f,0x80,0x07,0xf0,0x3f,0x80,0x07,
    0xf8,0x7f,0x80,0x03,0xf8,0x7f,0x00,0x03,0xf8,0x7f,0x00,0x03,0xfc,0xff,0x00,0x01,0xfc,0xfe,0x00,0x01,0xfc,0x07,0x00,0x38,
    0x00,0x07,0x80,0x3c,0x00,0x07,0xc0,0xfc,0x00,0x03,0xff,0xf8,0x00,0x03,0xff,0xf8,0x00,0x01,0xff,0xf0,0x00,0x00,0xff,0xe0,
    0x00,0x00,0x3f,0x80,0x00,0x00,0x00,0x00,0x00,0x00,0x00,0x00,0x00,0x00,0x7f,0xc0,0x00,0x03,0xff,0xf0,0x00,0x0f,0xff,0xf8,
    0x00,0x07,0xff,0xfc,0x00,0x07,0xff,0xfe,0x00,0x03,0xf7,0xfe,0x00,0x02,0x00,0xfe,0x00,0x00,0x00,0x7e,0x00,0x00,0x00,0x7e,
    0x00,0x00,0xff,0xfe,0x00,0x07,0xff,0xfe,0x00,0x0f,0xff,0xfe,0x00,0x1f,0xff,0xfe,0x00,0x3f,0xe0,0x7e,0x00,0x3f,0x80,0x7e,
    0x00,0x3f,0x80,0x7e,0x00,0x3f,0x80,0xfe,0x00,0x3f,0x80,0xfe,0x00,0x3f,0x81,0xfe,0x00,0x3f,0xef,0xfe,0x00,0x3f,0xff,0xfe,
    0x00,0x1f,0xff,0xfe,0x00,0x1f,0xff,0x3e,0x00,0x0f,0xfe,0x3e,0x00,0x03,0xf8,0x3e,0x00,0x0f,0xff,0xe0,0x00,0x00,0x0f,0xff,
    0xfc,0x00,0x00,0x0f,0xff,0xff,0x00,0x00,0x0f,0xff,0xff,0x80,0x00,0x0f,0xff,0xff,0xc0,0x00,0x0f,0xe1,0xff,0xe0,0x00,0x0f,
    0xe0,0x1f,0xf0,0x00,0x0f,0xe0,0x0f,0xf0,0x00,0x0f,0xe0,0x07,0xf8,0x00,0x0f,0xe0,0x03,0xf8,0x00,0x0f,0xe0,0x03,0xf8,0x00,
    0x0f,0xe0,0x01,0xfc,0x00,0x0f,0xe0,0x01,0xfc,0x00,0x0f,0xe0,0x01,0xfc,0x00,0x7f,0xff,0x01,0xfc,0x00,0x7f,0xff,0x01,0xfc,
    0x00,0x7f,0xff,0x01,0xfc,0x00,0x7f,0xff,0x01,0xfc,0x00,0x7f,0xff,0x01,0xfc,0x00,0x0f,0xe0,0x01,0xfc,0x00,0x0f,0xe0,0x03,
    0xfc,0x00,0x0f,0xe0,0x03,0xf8,0x00,0x0f,0xe0,0x03,0xf8,0x00,0x0f,0xe0,0x07,0xf8,0x00,0x0f,0xe0,0x0f,0xf0,0x00,0x0f,0xe0,
    0x3f,0xf0,0x00,0x0f,0xe3,0xff,0xe0,0x00,0x0f,0xff,0xff,0xc0,0x00,0x0f,0xff,0xff,0x80,0x00,0x0f,0xff,0xfe,0x00,0x00,0x0f,
    0xff,0xfc,0x00,0x00,0x0f,0xff,0xc0,0x00,0x00,0x00,0x00,0x3f,0x00,0x00,0x00,0x3f,0x00,0x00,0x00,0x3f,0x00,0x00,0x1f,0xff,
    0xf0,0x00,0x1f,0xff,0xf0,0x00,0x1f,0xff,0xf0,0x00,0x1f,0xff,0xf0,0x00,0x00,0x3f,0x00,0x00,0x00,0x3f,0x00,0x00,0x00,0x3f,
    0x00,0x00,0xfe,0x3f,0x00,0x03,0xff,0x3f,0x00,0x07,0xff,0xbf,0x00,0x0f,0xff,0xff,0x00,0x0f,0xff,0xff,0x00,0x1f,0xfb,0xff,
    0x00,0x1f,0xe0,0x7f,0x00,0x3f,0xc0,0x7f,0x00,0x3f,0x80,0x3f,0x00,0x3f,0x80,0x3f,0x00,0x3f,0x80,0x3f,0x00,0x3f,0x80,0x3f,
    0x00,0x3f,0x80,0x3f,0x00,0x3f,0x80,0x3f,0x00,0x3f,0x80,0x3f,0x00,0x3f,0x80,0x3f,0x00,0x3f,0xc0,0x7f,0x00,0x1f,0xc0,0x7f,
    0x00,0x1f,0xfb,0xff,0x00,0x0f,0xff,0xff,0x00,0x0f,0xff,0xff,0x00,0x07,0xff,0xbf,0x00,0x03,0xff,0x1f,0x00,0x00,0xfc,0x1f,
    0x00,0x0f,0x01,0xc0,0x1f,0xc1,0xc0,0x3f,0xf3,0xc0,0x7f,0xff,0xc0,0x78,0xff,0x80,0x70,0x7f,0x00,0x70,0x1e,0x00,0x00,0x00,
    0x00,0x00,0x00,0x00,0x3f,0xff,0x80,0x3f,0xff,0x80,0x3f,0xff,0x80,0x3f,0xff,0x80,0x1f,0xff,0x00,0x07,0xfc,0x00,0x03,0xf8,
    0x00,0x03,0xf8,0x00,0x03,0xf8,0x00,0x03,0xf8,0x00,0x03,0xf8,0x00,0x03,0xf8,0x00,0x03,0xf8,0x00,0x03,0xf8,0x00,0x03,0xf8,
    0x00,0x03,0xf8,0x00,0x03,0xf8,0x00,0x03,0xf8,0x00,0x03,0xf8,0x00,0x03,0xf8,0x00,0x03,0xf8,0x00,0x03,0xf8,0x00,0x03,0xf8,
    0x00,0x03,0xf8,0x00,0x03,0xf8,0x00,0x03,0xf8,0x00,0x03,0xf8,0x00,0x0f,0xfe,0x00,0x3f,0xff,0x80,0x3f,0xff,0x80,0x3f,0xff,
    0x80,0x3f,0xff,0x80,0x0f,0x81,0xe0,0x1f,0xc1,0xc0,0x3f,0xf3,0xc0,0x3f,0xff,0xc0,0x78,0xff,0x80,0x78,0x7f,0x00,0x70,0x1e,
    0x00,0x00,0x00,0x00,0x00,0x00,0x00,0x03,0xf8,0x00,0x03,0xf8,0x00,0x03,0xf8,0x00,0x03,0xf8,0x00,0x03,0xf8,0x00,0x03,0xf8,
    0x00,0x03,0xf8,0x00,0x03,0xf8,0x00,0x03,0xf8,0x00,0x03,0xf8,0x00,0x03,0xf8,0x00,0x03,0xf8,0x00,0x03,0xf8,0x00,0x03,0xf8,
    0x00,0x03,0xf8,0x00,0x03,0xf8,0x00,0x03,0xf8,0x00,0x03,0xf8,0x00,0x03,0xf8,0x00,0x03,0xf8,0x00,0x03,0xf8,0x00,0x03,0xf8,
    0x00,0x03,0xf8,0x00,0x03,0xf8,0x00,0x03,0xf8,0x00,0x00,0x1e,0x03,0xc0,0x00,0x00,0x3f,0x83,0x80,0x00,0x00,0x7f,0xe7,0x80,
    0x00,0x00,0xff,0xff,0x80,0x00,0x00,0xf1,0xff,0x00,0x00,0x00,0xe0,0xfe,0x00,0x00,0x00,0xe0,0x3c,0x00,0x00,0x00,0x00,0x00,
    0x00,0x00,0x00,0x00,0x00,0x00,0x00,0x0f,0xc0,0x01,0xfc,0x00,0x0f,0xc0,0x01,0xfc,0x00,0x0f,0xc0,0x01,0xfc,0x00,0x0f,0xc0,
    0x01,0xfc,0x00,0x0f,0xc0,0x01,0xfc,0x00,0x0f,0xc0,0x01,0xfc,0x00,0x0f,0xc0,0x01,0xfc,0x00,0x0f,0xc0,0x01,0xfc,0x00,0x0f,
    0xc0,0x01,0xfc,0x00,0x0f,0xc0,0x01,0xfc,0x00,0x0f,0xc0,0x01,0xfc,0x00,0x0f,0xc0,0x01,0xfc,0x00,0x0f,0xc0,0x01,0xfc,0x00,
    0x0f,0xc0,0x01,0xfc,0x00,0x0f,0xc0,0x01,0xfc,0x00,0x0f,0xc0,0x01,0xfc,0x00,0x0f,0xc0,0x01,0xfc,0x00,0x0f,0xc0,0x01,0xfc,
    0x00,0x0f,0xc0,0x01,0xfc,0x00,0x0f,0xc0,0x01,0xfc,0x00,0x0f,0xe0,0x01,0xfc,0x00,0x0f,0xe0,0x01,0xfc,0x00,0x0f,0xe0,0x03,
    0xf8,0x00,0x0f,0xe0,0x03,0xf8,0x00,0x0f,0xf0,0x03,0xf8,0x00,0x07,0xf8,0x07,0xf8,0x00,0x07,0xff,0x7f,0xf0,0x00,0x03,0xff,
    0xff,0xe0,0x00,0x01,0xff,0xff,0xe0,0x00,0x00,0xff,0xff,0x80,0x00,0x00,0x7f,0xff,0x00,0x00,0x00,0x0f,0xf8,0x00,0x00,0x00,
    0x78,0x0e,0x00,0x00,0xfe,0x0e,0x00,0x01,0xff,0x1e,0x00,0x03,0xff,0xfe,0x00,0x03,0xcf,0xfc,0x00,0x03,0x83,0xf8,0x00,0x03,
    0x80,0xf0,0x00,0x00,0x00,0x00,0x00,0x00,0x00,0x00,0x00,0x1f,0xc0,0x1f,0xc0,0x1f,0xc0,0x1f,0xc0,0x1f,0xc0,0x1f,0xc0,0x1f,
    0xc0,0x1f,0xc0,0x1f,0xc0,0x1f,0xc0,0x1f,0xc0,0x1f,0xc0,0x1f,0xc0,0x1f,0xc0,0x1f,0xc0,0x1f,0xc0,0x1f,0xc0,0x1f,0xc0,0x1f,
    0xc0,0x1f,0xc0,0x1f,0xc0,0x1f,0xc0,0x1f,0xc0,0x1f,0xc0,0x1f,0xc0,0x1f,0xc0,0x1f,0xc0,0x1f,0xc0,0x1f,0xc0,0x1f,0xc0,0x1f,
    0xc0,0x3f,0xc0,0x1f,0xc0,0x3f,0xc0,0x1f,0xc0,0x3f,0xc0,0x1f,0xe0,0x7f,0xc0,0x0f,0xfb,0xff,0xc0,0x0f,0xff,0xff,0xc0,0x0f,
    0xff,0xff,0xc0,0x07,0xff,0xcf,0xc0,0x03,0xff,0x8f,0xc0,0x00,0xfe,0x0f,0xc0,0x00,0x00,0x00,0x01,0xfc,0x00,0x00,0xe0,0x01,
    0xf8,0x00,0x1f,0xff,0x01,0xf8,0x00,0x7f,0xff,0xc3,0xf8,0x00,0xff,0xff,0xf3,0xf0,0x01,0xff,0xff,0xff,0xf0,0x03,0xff,0xff,
    0xff,0xe0,0x07,0xfc,0x07,0xff,0xc0,0x0f,0xf8,0x03,0xff,0x80,0x0f,0xf0,0x01,0xff,0x00,0x0f,0xe0,0x00,0xff,0x00,0x1f,0xe0,
    0x00,0xff,0x00,0x1f,0xc0,0x00,0x7f,0x00,0x1f,0xc0,0x00,0x7f,0x00,0x1f,0xc0,0x00,0x7f,0x00,0x1f,0xc0,0x00,0x7f,0x00,0x1f,
    0xc0,0x00,0x7f,0x00,0x3f,0xc0,0x00,0x7f,0x80,0x1f,0xc0,0x00,0x7f,0x80,0x1f,0xc0,0x00,0x7f,0x00,0x1f,0xc0,0x00,0x7f,0x00,
    0x1f,0xc0,0x00,0x7f,0x00,0x1f,0xc0,0x00,0x7f,0x00,0x1f,0xc0,0x00,0x7f,0x00,0x1f,0xe0,0x00,0xff,0x00,0x0f,0xe0,0x00,0xfe,
    0x00,0x0f,0xf0,0x01,0xfe,0x00,0x07,0xf8,0x03,0xfc,0x00,0x07,0xff,0xbf,0xfc,0x00,0x03,0xff,0xff,0xf8,0x00,0x01,0xff,0xff,
    0xf0,0x00,0x00,0xff,0xff,0xe0,0x00,0x00,0x3f,0xff,0x80,0x00,0x00,0x07,0xfc,0x00,0x00,0x00,0x00,0x00,0x7e,0x00,0x00,0x00,
    0x7f,0x00,0x00,0x00,0x7f,0x00,0x00,0x00,0x7e,0x00,0x3f,0xc0,0xfe,0x01,0xff,0xf0,0xfe,0x03,0xff,0xf9,0xfc,0x07,0xff,0xff,
    0xf8,0x0f,0xff,0xff,0xf0,0x1f,0xfb,0xff,0xe0,0x1f,0xe0,0x7f,0x80,0x1f,0xc0,0x7f,0x80,0x3f,0x80,0x3f,0x80,0x3f,0x80,0x3f,
    0x80,0x3f,0x80,0x3f,0x80,0x3f,0x80,0x3f,0x80,0x3f,0x80,0x3f,0x80,0x3f,0x80,0x3f,0x80,0x3f,0x80,0x3f,0x80,0x3f,0x80,0x3f,
    0x80,0x3f,0x80,0x3f,0x80,0x1f,0xc0,0x7f,0x80,0x1f,0xe0,0x7f,0x00,0x0f,0xfb,0xff,0x00,0x0f,0xff,0xfe,0x00,0x07,0xff,0xfc,
    0x00,0x03,0xff,0xf8,0x00,0x01,0xff,0xf0,0x00,0x00,0x3f,0xc0,0x00,0x00,0x00,0xe0,0x00,0x1c,0x00,0x00,0x00,0x1f,0xfe,0x00,
    0xff,0x80,0x00,0x00,0x7f,0xff,0x83,0xff,0xe0,0x00,0x01,0xff,0xff,0xe7,0xff,0xf0,0x00,0x03,0xff,0xff,0xff,0xff,0xf8,0x00,
    0x03,0xff,0xff,0xff,0xff,0xf8,0x00,0x07,0xfc,0x0f,0xff,0x07,0xf8,0x00,0x0f,0xf8,0x03,0xfe,0x03,0xfc,0x00,0x0f,0xf0,0x01,
    0xfc,0x01,0xfc,0x00,0x0f,0xe0,0x01,0xfe,0x01,0xfc,0x00,0x1f,0xe0,0x00,0xfe,0x01,0xfc,0x00,0x1f,0xc0,0x00,0xfe,0x01,0xfc,
    0x00,0x1f,0xc0,0x00,0xfe,0x01,0xfc,0x00,0x1f,0xc0,0x00,0xfe,0x01,0xfc,0x00,0x1f,0xc0,0x00,0xff,0x01,0xfc,0x00,0x1f,0xc0,
    0x00,0xff,0x01,0xfc,0x00,0x3f,0xc0,0x00,0x7f,0x01,0xfc,0x00,0x1f,0xc0,0x00,0xff,0x01,0xfc,0x00,0x1f,0xc0,0x00,0xff,0x01,
    0xfc,0x00,0x1f,0xc0,0x00,0xff,0x01,0xfc,0x00,0x1f,0xc0,0x00,0xfe,0x01,0xfc,0x00,0x1f,0xc0,0x00,0xfe,0x01,0xfc,0x00,0x1f,
    0xc0,0x00,0xfe,0x01,0xfc,0x00,0x1f,0xe0,0x01,0xfe,0x01,0xfc,0x00,0x0f,0xe0,0x01,0xfc,0x01,0xfc,0x00,0x0f,0xf0,0x03,0xfc,
    0x01,0xfc,0x00,0x07,0xf8,0x07,0xf8,0x01,0xfc,0x00,0x07,0xff,0xff,0xf8,0x01,0xfc,0x00,0x03,0xff,0xff,0xf0,0x01,0xfc,0x00,
    0x01,0xff,0xff,0xe0,0x01,0xfc,0x00,0x00,0xff,0xff,0xc0,0x01,0xfc,0x00,0x00,0x3f,0xff,0x00,0x01,0xfc,0x00,0x00,0x0f,0xfc,
    0x00,0x01,0xfc,0x00,0x00,0x7f,0x80,0x3f,0x80,0x00,0x01,0xff,0xe0,0xff,0xc0,0x00,0x03,0xff,0xf3,0xff,0xf0,0x00,0x07,0xff,
    0xff,0xff,0xf0,0x00,0x0f,0xff,0xff,0xff,0xf8,0x00,0x1f,0xff,0xff,0xef,0xf8,0x00,0x1f,0xc0,0xff,0x03,0xf8,0x00,0x1f,0xc0,
    0x7f,0x03,0xfc,0x00,0x3f,0x80,0x7f,0x01,0xfc,0x00,0x3f,0x80,0x7f,0x01,0xfc,0x00,0x3f,0x80,0x3f,0x01,0xfc,0x00,0x3f,0x80,
    0x3f,0x01,0xfc,0x00,0x3f,0x80,0x3f,0x01,0xfc,0x00,0x3f,0x80,0x3f,0x01,0xfc,0x00,0x3f,0x80,0x7f,0x01,0xfc,0x00,0x3f,0x80,
    0x7f,0x01,0xfc,0x00,0x3f,0x80,0x7f,0x01,0xfc,0x00,0x1f,0xc0,0x7f,0x01,0xfc,0x00,0x1f,0xc0,0xfe,0x01,0xfc,0x00,0x1f,0xfb,
    0xfe,0x01,0xfc,0x00,0x0f,0xff,0xfc,0x01,0xfc,0x00,0x07,0xff,0xfc,0x01,0xfc,0x00,0x03,0xff,0xf8,0x01,0xfc,0x00,0x01,0xff,
    0xe0,0x01,0xfc,0x00,0x00,0x7f,0x80,0x01,0xfc,0x00,0x00,0x00,0x00,0x01,0xfc,0x00,0x00,0x00,0x00,0x01,0xfc,0x00,0x00,0x00,
    0x00,0x01,0xfc,0x00,0x00,0x00,0x00,0x01,0xfc,0x00,0x00,0x00,0x00,0x01,0xfc,0x00,0x00,0x00,0x00,0x01,0xfc,0x00,0x00,0x00,
    0x00,0x01,0xfc,0x00,0x00,0x00,0x00,0x01,0xfc,0x00,0x00,0x00,0x00,0x01,0xfc,0x00,0x00,0x00,0x00,0x01,0xfc,0x00,0x00,0x00,
    0x00,0x01,0xfc,0x00,0x07,0xff,0xff,0x00,0x00,0x1f,0xff,0xff,0xe0,0x00,0x3f,0xff,0xff,0xf0,0x00,0x7f,0xff,0xff,0xf8,0x00,
    0x7f,0xff,0xff,0xfc,0x00,0xff,0x7f,0x0f,0xfc,0x00,0xfc,0x7f,0x01,0xfe,0x00,0xfc,0x7f,0x00,0xfe,0x00,0xfc,0x7f,0x00,0xfe,
    0x00,0xfc,0x7f,0x00,0xfe,0x00,0x00,0x7f,0x00,0xfe,0x00,0x00,0x7f,0x00,0xfe,0x00,0x00,0x7f,0x00,0xfe,0x00,0x00,0x7f,0x01,
    0xfe,0x00,0x00,0x7f,0x07,0xfc,0x00,0x00,0x7f,0xff,0xfc,0x00,0x00,0x7f,0xff,0xf8,0x00,0x00,0x7f,0xff,0xf0,0x00,0x00,0x7f,
    0xff,0xe0,0x00,0x00,0x7f,0xff,0x80,0x00,0x00,0x7f,0x00,0x00,0x00,0x00,0x7f,0x00,0x00,0x00,0x00,0x7f,0x00,0x00,0x00,0x00,
    0x7f,0x00,0x00,0x00,0x00,0x7f,0x00,0x00,0x00,0x00,0x7f,0x00,0x00,0x00,0x00,0x7f,0x00,0x00,0x00,0x00,0x7f,0x00,0x00,0x00,
    0x00,0x7f,0x00,0x00,0x00,0x00,0x7f,0x00,0x00,0x00,0x00,0x7f,0x00,0x00,0x00,0x00,0x7f,0x00,0x00,0x00,0x00,0xfc,0x00,0x00,
    0x03,0xfe,0x00,0x00,0x07,0xfe,0x00,0x00,0x0f,0xfe,0x00,0x00,0x0f,0xfe,0x00,0x00,0x0f,0xfc,0x00,0x00,0x1f,0xc0,0x00,0x00,
    0x1f,0xc0,0x00,0x00,0x1f,0xc0,0x00,0x00,0x1f,0xc3,0xf0,0x00,0x1f,0xcf,0xfc,0x00,0x1f,0xdf,0xfe,0x00,0x1f,0xff,0xff,0x00,
    0x1f,0xff,0xff,0x00,0x1f,0xfd,0xff,0x80,0x1f,0xf0,0x7f,0x80,0x1f,0xe0,0x3f,0x80,0x1f,0xe0,0x1f,0xc0,0x1f,0xc0,0x1f,0xc0,
    0x1f,0xc0,0x1f,0xc0,0x1f,0xc0,0x1f,0xc0,0x1f,0xc0,0x1f,0xc0,0x1f,0xc0,0x1f,0xc0,0x1f,0xc0,0x1f,0xc0,0x1f,0xc0,0x1f,0xc0,
    0x1f,0xe0,0x1f,0xc0,0x1f,0xe0,0x3f,0x80,0x1f,0xf0,0x7f,0x80,0x1f,0xfd,0xff,0x80,0x1f,0xff,0xff,0x00,0x1f,0xff,0xff,0x00,
    0x1f,0xff,0xfe,0x00,0x1f,0xcf,0xfc,0x00,0x1f,0xc7,0xf0,0x00,0x1f,0xc0,0x00,0x00,0x1f,0xc0,0x00,0x00,0x1f,0xc0,0x00,0x00,
    0x1f,0xc0,0x00,0x00,0x1f,0xc0,0x00,0x00,0x1f,0xc0,0x00,0x00,0x1f,0xc0,0x00,0x00,0x1f,0xc0,0x00,0x00,0x1f,0xc0,0x00,0x00,
    0x1f,0xc0,0x00,0x00,0x1f,0xc0,0x00,0x00,0x0f,0xe0,0x00,0x00,0x0f,0xe0,0x00,0x00,0x0f,0xe0,0x00,0x00,0x0f,0xe0,0x00,0x00,
    0x0f,0xe0,0x00,0x00,0x0f,0xff,0xf0,0x00,0x0f,0xff,0xfc,0x00,0x0f,0xff,0xfe,0x00,0x0f,0xff,0xff,0x00,0x0f,0xff,0xff,0x80,
    0x0f,0xe0,0xff,0x80,0x0f,0xe0,0x3f,0x80,0x0f,0xe0,0x1f,0xc0,0x0f,0xe0,0x1f,0xc0,0x0f,0xe0,0x1f,0xc0,0x0f,0xe0,0x1f,0xc0,
    0x0f,0xe0,0x3f,0x80,0x0f,0xe0,0x7f,0x80,0x0f,0xe3,0xff,0x00,0x0f,0xff,0xff,0x00,0x0f,0xff,0xfe,0x00,0x0f,0xff,0xf8,0x00,
    0x0f,0xff,0xf0,0x00,0x0f,0xff,0xf8,0x00,0x0f,0xe3,0xf8,0x00,0x0f,0xe1,0xfc,0x00,0x0f,0xe0,0xfe,0x00,0x0f,0xe0,0xfe,0x00,
    0x0f,0xe0,0x7f,0x00,0x0f,0xe0,0x7f,0x80,0x0f,0xe0,0x3f,0x80,0x0f,0xe0,0x1f,0xc0,0x00,0x00,0x1f,0xe0,0x00,0x00,0x0f,0xe0,
    0x00,0x00,0x0f,0xf0,0x00,0x00,0x07,0xf0,0x00,0x00,0x03,0xf0,0x00,0x18,0x00,0x07,0xff,0xc0,0x1f,0xff,0xe0,0x1f,0xff,0xf0,
    0x1f,0xff,0xf8,0x1f,0xff,0xfc,0x0f,0x03,0xfc,0x08,0x01,0xfc,0x00,0x00,0xfc,0x00,0x00,0xfc,0x00,0x01,0xfc,0x00,0x01,0xfc,
    0x00,0x07,0xfc,0x00,0x1f,0xfc,0x00,0x7f,0xf8,0x01,0xff,0xf0,0x07,0xff,0xe0,0x0f,0xff,0x80,0x1f,0xff,0x00,0x1f,0xf8,0x00,
    0x3f,0xe0,0x00,0x3f,0xc0,0x00,0x3f,0x80,0x00,0x3f,0x80,0x00,0x3f,0x00,0x00,0x3f,0x80,0x00,0x3f,0x80,0x1c,0x3f,0xf3,0xfc,
    0x1f,0xff,0xfc,0x1f,0xff,0xfc,0x0f,0xff,0xfc,0x03,0xff,0xf8,0x00,0xff,0xc0,0x03,0xfe,0x00,0x1f,0xff,0x80,0x3f,0xff,0xe0,
    0x1f,0xff,0xe0,0x1f,0xff,0xf0,0x1f,0xdf,0xf0,0x0c,0x07,0xf0,0x00,0x07,0xf0,0x00,0x07,0xf0,0x00,0x1f,0xf0,0x00,0xff,0xe0,
    0x03,0xff,0xc0,0x0f,0xff,0x00,0x1f,0xfc,0x00,0x3f,0xf0,0x00,0x3f,0xc0,0x00,0x3f,0x80,0x00,0x3f,0x00,0x00,0x3f,0x80,0x30,
    0x3f,0xf7,0xf0,0x3f,0xff,0xf0,0x1f,0xff,0xf0,0x1f,0xff,0xf0,0x07,0xff,0xe0,0x01,0xff,0x00,0x3f,0xff,0xfe,0x00,0x3f,0xff,
    0xfe,0x00,0x3f,0xff,0xfe,0x00,0x3f,0xff,0xfe,0x00,0x3f,0xff,0xfe,0x00,0x3f,0xc0,0x00,0x00,0x1f,0xc0,0x00,0x00,0x0f,0xe0,
    0x00,0x00,0x07,0xf0,0x00,0x00,0x03,0xf8,0x00,0x00,0x01,0xfc,0x00,0x00,0x00,0xfe,0x00,0x00,0x00,0x7f,0x00,0x00,0x00,0x3f,
    0x80,0x00,0x00,0x1f,0xc0,0x00,0x00,0x1f,0xe0,0x00,0x00,0x1f,0xc0,0x00,0x00,0x3f,0x80,0x00,0x00,0x7f,0x00,0x00,0x00,0xfe,
    0x00,0x00,0x01,0xfc,0x00,0x00,0x03,0xf8,0x00,0x00,0x07,0xf8,0x00,0x00,0x07,0xf0,0x00,0x00,0x0f,0xe0,0x00,0x00,0x1f,0xc0,
    0x00,0x00,0x3f,0x80,0x00,0x00,0x3f,0xff,0xff,0x80,0x3f,0xff,0xff,0x80,0x3f,0xff,0xff,0x80,0x3f,0xff,0xff,0x80,0x3f,0xff,
    0xff,0x80,0x0f,0xe0,0x00,0x3f,0xf0,0x00,0x7f,0xf8,0x00,0x7f,0xfc,0x00,0x79,0xfc,0x00,0x78,0xfc,0x00,0x78,0xfe,0x00,0x7f,
    0xfe,0x00,0x3f,0xfe,0x00,0x0f,0xfe,0x00,0x00,0xfe,0x00,0x00,0xfe,0x00,0x00,0xfe,0x00,0x00,0xfe,0x00,0x00,0xfe,0x00,0x00,
    0xfe,0x00,0x00,0xfe,0x00,0x00,0xfe,0x00,0x00,0xfe,0x00,0x00,0xfe,0x00,0x00,0xfe,0x00,0x00,0xfe,0x00,0x00,0xfe,0x00,0x00,
    0xfe,0x00,0x00,0xfe,0x00,0x00,0xfe,0x00,0x00,0xfe,0x00,0x00,0xfe,0x00,0x00,0xfe,0x00,0x00,0xfe,0x00,0x00,0xfe,0x00,0x00,
    0xfe,0x00,0x00,0xfe,0x00,0x00,0xfe,0x00,0x00,0xfe,0x00,0x00,0xfe,0x00,0x00,0xfe,0x00,0x00,0xfe,0x00,0x00,0xfe,0x00,0x00,
    0xff,0xbc,0x00,0x7f,0xfc,0x00,0x7f,0xfc,0x00,0x3f,0xfc,0x00,0x1f,0xfc,0x00,0x0f,0xf0,0x01,0xc0,0x00,0x03,0xe0,0x00,0x03,
    0xe0,0x00,0x07,0xe0,0x00,0x07,0xe0,0x00,0x0f,0xff,0x80,0x3f,0xff,0x80,0x7f,0xff,0x80,0x7f,0xff,0x80,0x7f,0xff,0x80,0x0f,
    0xe0,0x00,0x0f,0xe0,0x00,0x0f,0xe0,0x00,0x0f,0xe0,0x00,0x0f,0xe0,0x00,0x0f,0xe0,0x00,0x0f,0xe0,0x00,0x0f,0xe0,0x00,0x0f,
    0xe0,0x00,0x0f,0xe0,0x00,0x0f,0xe0,0x00,0x0f,0xe0,0x00,0x0f,0xe0,0x00,0x0f,0xe0,0x00,0x0f,0xf1,0xc0,0x07,0xff,0xc0,0x07,
    0xff,0xc0,0x03,0xff,0xc0,0x03,0xff,0xc0,0x00,0xff,0xc0,0x00,0x0f,0xc0,0x00,0x0f,0xc0,0x00,0x0f,0xc0,0x00,0x0f,0xc0,0x00,
    0x0f,0xc0,0x00,0xff,0xc0,0x00,0xff,0x80,0x00,0xff,0x80,0x00,0xff,0x80,0x00,0xff,0x00,0x00,0xfc,0x00,0x07,0xff,0xff,0xc0,
    0x1f,0xff,0xff,0xc0,0x3f,0xff,0xff,0xc0,0x7f,0xff,0xff,0xc0,0x7f,0xff,0xff,0xc0,0xff,0x1f,0xc0,0x00,0xfc,0x1f,0xc0,0x00,
    0xfc,0x1f,0xc0,0x00,0xfc,0x1f,0xc0,0x00,0xfc,0x1f,0xc0,0x00,0x00,0x1f,0xc0,0x00,0x00,0x1f,0xc0,0x00,0x00,0x1f,0xc0,0x00,
    0x00,0x1f,0xc0,0x00,0x00,0x1f,0xc0,0x00,0x00,0x1f,0xc0,0x00,0x00,0x1f,0xc0,0x00,0x00,0x1f,0xc0,0x00,0x00,0x1f,0xc0,0x00,
    0x00,0x1f,0xc0,0x00,0x00,0x1f,0xc0,0x00,0x00,0x1f,0xc0,0x00,0x00,0x1f,0xc0,0x00,0x00,0x1f,0xc0,0x00,0x00,0x1f,0xc0,0x00,
    0x00,0x1f,0xc0,0x00,0x00,0x1f,0xc0,0x00,0x00,0x1f,0xc0,0x00,0x00,0x1f,0xc0,0x00,0x00,0x1f,0xc0,0x00,0x00,0x1f,0xc0,0x00,
    0x00,0x1f,0xc0,0x00,0x00,0x7f,0x00,0x01,0xff,0x80,0x03,0xff,0x80,0x07,0xff,0x80,0x0f,0xff,0x80,0x0f,0xfb,0x00,0x0f,0xe0,
    0x00,0x0f,0xe0,0x00,0x0f,0xe0,0x00,0x0f,0xff,0x80,0x3f,0xff,0x80,0x7f,0xff,0x80,0x7f,0xff,0x80,0x7f,0xff,0x80,0x0f,0xe0,
    0x00,0x0f,0xe0,0x00,0x0f,0xe0,0x00,0x0f,0xe0,0x00,0x0f,0xe0,0x00,0x0f,0xe0,0x00,0x0f,0xe0,0x00,0x0f,0xe0,0x00,0x0f,0xe0,
    0x00,0x0f,0xe0,0x00,0x0f,0xe0,0x00,0x0f,0xe0,0x00,0x0f,0xe0,0x00,0x0f,0xe0,0x00,0x0f,0xfb,0xc0,0x07,0xff,0xc0,0x07,0xff,
    0xc0,0x03,0xff,0xc0,0x03,0xff,0xc0,0x00,0xff,0x00,0x7f,0xff,0xff,0x80,0x7f,0xff,0xff,0x80,0x7f,0xff,0xff,0x80,0x7f,0xff,
    0xff,0x80,0x7f,0xff,0xff,0x80,0x00,0x7f,0x00,0x00,0x00,0x7f,0x00,0x00,0x00,0x7f,0x00,0x00,0x00,0x7f,0x00,0x00,0x00,0x7f,
    0x00,0x00,0x00,0x7f,0x00,0x00,0x00,0x7f,0x00,0x00,0x00,0x7f,0x00,0x00,0x00,0x7f,0x00,0x00,0x00,0x7f,0x00,0x00,0x00,0x7f,
    0x00,0x00,0x00,0x7f,0x00,0x00,0x00,0x7f,0x00,0x00,0x00,0x7f,0x00,0x00,0x00,0x7f,0x00,0x00,0x00,0x7f,0x00,0x00,0x00,0x7f,
    0x00,0x00,0x00,0x7f,0x00,0x00,0x00,0x7f,0x00,0x00,0x00,0x7f,0x00,0x00,0x00,0x7f,0x00,0x00,0x00,0x7f,0x00,0x00,0x00,0x7f,
    0x00,0x00,0x00,0x7f,0x00,0x00,0x00,0x7f,0x00,0x00,0x00,0x7f,0x00,0x00,0x00,0x7f,0x00,0x00,0x00,0x7f,0x00,0x00,0x00,0x7f,
    0x00,0x00,0x00,0x7f,0x00,0x00,0x00,0x7f,0x00,0x00,0x00,0x7f,0x80,0x00,0x00,0x3f,0xd8,0x00,0x00,0x3f,0xf8,0x00,0x00,0x3f,
    0xf8,0x00,0x00,0x1f,0xf8,0x00,0x00,0x0f,0xf8,0x00,0x00,0x03,0xf0,0x00,0x00,0x00,0x00,0x00,0xfe,0x00,0x00,0x00,0x00,0xfe,
    0x0f,0xc0,0x01,0xfc,0xfe,0x0f,0xc0,0x01,0xfc,0xfe,0x0f,0xc0,0x01,0xfc,0xfc,0x0f,0xc0,0x01,0xfd,0xfc,0x0f,0xc0,0x01,0xff,
    0xf8,0x0f,0xc0,0x01,0xff,0xf0,0x0f,0xc0,0x01,0xff,0xe0,0x0f,0xc0,0x01,0xff,0x80,0x0f,0xc0,0x01,0xfc,0x00,0x0f,0xc0,0x01,
    0xfc,0x00,0x0f,0xc0,0x01,0xfc,0x00,0x0f,0xc0,0x01,0xfc,0x00,0x0f,0xc0,0x01,0xfc,0x00,0x0f,0xc0,0x01,0xfc,0x00,0x0f,0xc0,
    0x01,0xfc,0x00,0x0f,0xc0,0x01,0xfc,0x00,0x0f,0xc0,0x01,0xfc,0x00,0x0f,0xc0,0x01,0xfc,0x00,0x0f,0xc0,0x01,0xfc,0x00,0x0f,
    0xc0,0x01,0xfc,0x00,0x0f,0xc0,0x01,0xfc,0x00,0x0f,0xe0,0x01,0xfc,0x00,0x0f,0xe0,0x01,0xf8,0x00,0x0f,0xe0,0x03,0xf8,0x00,
    0x0f,0xf0,0x03,0xf8,0x00,0x07,0xf8,0x07,0xf8,0x00,0x07,0xff,0x7f,0xf0,0x00,0x03,0xff,0xff,0xe0,0x00,0x01,0xff,0xff,0xe0,
    0x00,0x00,0xff,0xff,0x80,0x00,0x00,0x7f,0xff,0x00,0x00,0x00,0x0f,0xf8,0x00,0x00,0x00,0x00,0x00,0x07,0xe0,0x00,0x00,0x00,
    0x07,0xe0,0x00,0x00,0x00,0x0f,0xe0,0x00,0x00,0x00,0x0f,0xe0,0x1f,0xc0,0x1f,0xcf,0xc0,0x1f,0xc0,0x1f,0xdf,0xc0,0x1f,0xc0,
    0x1f,0xff,0x80,0x1f,0xc0,0x1f,0xff,0x80,0x1f,0xc0,0x1f,0xff,0x00,0x1f,0xc0,0x1f,0xfc,0x00,0x1f,0xc0,0x1f,0xe0,0x00,0x1f,
    0xc0,0x1f,0xc0,0x00,0x1f,0xc0,0x1f,0xc0,0x00,0x1f,0xc0,0x1f,0xc0,0x00,0x1f,0xc0,0x1f,0xc0,0x00,0x1f,0xc0,0x1f,0xc0,0x00,
    0x1f,0xc0,0x1f,0xc0,0x00,0x1f,0xc0,0x1f,0xc0,0x00,0x1f,0xc0,0x1f,0xc0,0x00,0x1f,0xc0,0x3f,0xc0,0x00,0x1f,0xc0,0x3f,0xc0,
    0x00,0x1f,0xc0,0x3f,0xc0,0x00,0x1f,0xe0,0x7f,0xc0,0x00,0x0f,0xfb,0xff,0xc0,0x00,0x0f,0xff,0xff,0xc0,0x00,0x0f,0xff,0xef,
    0xc0,0x00,0x07,0xff,0xcf,0xc0,0x00,0x03,0xff,0x8f,0xc0,0x00,0x00,0xfe,0x0f,0xc0,0x00,0x00,0x1f,0xe0,0x00,0x00,0x1f,0xf0,
    0x00,0x00,0x3f,0xf0,0x00,0x00,0x3f,0xf8,0x00,0x00,0x7f,0xf8,0x00,0x00,0x7f,0xf8,0x00,0x00,0x7f,0xfc,0x00,0x00,0xfe,0xfc,
    0x00,0x00,0xfc,0xfc,0x00,0x00,0xfc,0xfe,0x00,0x01,0xfc,0x7e,0x00,0x01,0xf8,0x7e,0x00,0x01,0xf8,0x7f,0x00,0x03,0xf8,0x3f,
    0x00,0x03,0xf8,0x3f,0x00,0x03,0xf0,0x3f,0x80,0x07,0xf0,0x3f,0x80,0x07,0xf0,0x1f,0x80,0x07,0xe0,0x1f,0xc0,0x0f,0xff,0xff,
    0xc0,0x0f,0xff,0xff,0xc0,0x0f,0xff,0xff,0xe0,0x1f,0xff,0xff,0xe0,0x1f,0xff,0xff,0xe0,0x1f,0xc0,0x07,0xf0,0x3f,0x80,0x07,
    0xf0,0x3f,0x80,0x07,0xf8,0x7f,0x80,0x03,0xf8,0x7f,0x00,0x03,0xf8,0x7f,0x00,0x03,0xfc,0xff,0x00,0x01,0xfc,0xfe,0x00,0x01,
    0xfc,0x00,0x00,0x00,0x00,0x00,0x00,0x00,0x00,0x00,0x07,0x80,0x00,0x00,0x0f,0xc0,0x00,0x00,0x0f,0xe0,0x00,0x00,0x0f,0xe0,
    0x00,0x00,0x0f,0xe0,0x00,0x00,0x0f,0xc0,0x00,0x00,0x07,0x80,0x00,0x00,0x7f,0xc0,0x00,0x03,0xff,0xf0,0x00,0x0f,0xff,0xf8,
    0x00,0x07,0xff,0xfc,0x00,0x07,0xff,0xfe,0x00,0x03,0xf7,0xfe,0x00,0x02,0x00,0xfe,0x00,0x00,0x00,0x7e,0x00,0x00,0x00,0x7e,
    0x00,0x00,0xff,0xfe,0x00,0x07,0xff,0xfe,0x00,0x0f,0xff,0xfe,0x00,0x1f,0xff,0xfe,0x00,0x3f,0xe0,0x7e,0x00,0x3f,0x80,0x7e,
    0x00,0x3f,0x80,0x7e,0x00,0x3f,0x80,0xfe,0x00,0x3f,0x80,0xfe,0x00,0x3f,0x81,0xfe,0x00,0x3f,0xef,0xfe,0x00,0x3f,0xff,0xfe,
    0x00,0x1f,0xff,0xfe,0x00,0x1f,0xff,0x3e,0x00,0x0f,0xfe,0x3e,0x00,0x03,0xf8,0x3e,0x00,0x00,0x00,0x00,0x00,0x00,0x00,0x00,
    0x00,0x00,0x1e,0x00,0x00,0x00,0x3f,0x00,0x00,0x00,0x3f,0x80,0x00,0x00,0x3f,0x80,0x00,0x00,0x3f,0x80,0x00,0x00,0x3f,0x00,
    0x00,0x00,0x1e,0x00,0x00,0x00,0x1f,0xc0,0x00,0x00,0x1f,0xe0,0x00,0x00,0x1f,0xf0,0x00,0x00,0x1f,0xf8,0x00,0x00,0x01,0xf8,
    0x00,0x00,0x01,0xf8,0x00,0x00,0x01,0xf0,0x00,0x00,0x03,0xf0,0x00,0x00,0x07,0xe0,0x00,0x00,0x07,0x80,0x00,0x00,0x07,0x80,
    0x00,0x00,0x00,0x00,0x00,0x00,0x00,0x00,0x00,0x00,0x1f,0xe0,0x00,0x00,0x1f,0xf0,0x00,0x00,0x3f,0xf0,0x00,0x00,0x3f,0xf8,
    0x00,0x00,0x7f,0xf8,0x00,0x00,0x7f,0xf8,0x00,0x00,0x7f,0xfc,0x00,0x00,0xfe,0xfc,0x00,0x00,0xfc,0xfc,0x00,0x00,0xfc,0xfe,
    0x00,0x01,0xfc,0x7e,0x00,0x01,0xf8,0x7e,0x00,0x01,0xf8,0x7f,0x00,0x03,0xf8,0x3f,0x00,0x03,0xf8,0x3f,0x00,0x03,0xf0,0x3f,
    0x80,0x07,0xf0,0x3f,0x80,0x07,0xf0,0x1f,0x80,0x07,0xe0,0x1f,0xc0,0x0f,0xff,0xff,0xc0,0x0f,0xff,0xff,0xc0,0x0f,0xff,0xff,
    0xe0,0x1f,0xff,0xff,0xe0,0x1f,0xff,0xff,0xe0,0x1f,0xc0,0x07,0xf0,0x3f,0x80,0x07,0xf0,0x3f,0x80,0x07,0xf8,0x7f,0x80,0x03,
    0xf8,0x7f,0x00,0x03,0xf8,0x7f,0x00,0x03,0xfc,0xff,0x00,0x01,0xfc,0xfe,0x00,0x01,0xfc,0x00,0x7f,0x00,0x00,0x00,0x7f,0xc0,
    0x00,0x00,0x7f,0xc0,0x00,0x00,0x7f,0xe0,0x00,0x00,0x07,0xe0,0x00,0x00,0x03,0xe0,0x00,0x00,0x07,0xe0,0x00,0x00,0x0f,0xc0,
    0x00,0x00,0x1f,0x80,0x00,0x00,0x1f,0x00,0x00,0x00,0x1e,0x00,0x00,0x00,0x00,0x00,0x00,0x00,0x00,0x00,0x00,0x00,0x7f,0xc0,
    0x00,0x03,0xff,0xf0,0x00,0x0f,0xff,0xf8,0x00,0x07,0xff,0xfc,0x00,0x07,0xff,0xfe,0x00,0x03,0xf7,0xfe,0x00,0x02,0x00,0xfe,
    0x00,0x00,0x00,0x7e,0x00,0x00,0x00,0x7e,0x00,0x00,0xff,0xfe,0x00,0x07,0xff,0xfe,0x00,0x0f,0xff,0xfe,0x00,0x1f,0xff,0xfe,
    0x00,0x3f,0xe0,0x7e,0x00,0x3f,0x80,0x7e,0x00,0x3f,0x80,0x7e,0x00,0x3f,0x80,0xfe,0x00,0x3f,0x80,0xfe,0x00,0x3f,0x81,0xfe,
    0x00,0x3f,0xef,0xfe,0x00,0x3f,0xff,0xfe,0x00,0x1f,0xff,0xfe,0x00,0x1f,0xff,0x3e,0x00,0x0f,0xfe,0x3e,0x00,0x03,0xf8,0x3e,
    0x00,0x00,0x00,0x00,0xf8,0x00,0x00,0x01,0xf8,0x00,0x00,0x01,0xf0,0x00,0x1f,0xe3,0xe0,0x00,0x3f,0xf7,0xc0,0x00,0x3f,0xf8,
    0x00,0x00,0x7e,0xf8,0x00,0x00,0xfc,0x7c,0x00,0x00,0xf0,0x3e,0x00,0x01,0xe0,0x0e,0x00,0x00,0x00,0x00,0x00,0x00,0x00,0x00,
    0x00,0x00,0x1f,0xe0,0x00,0x00,0x1f,0xf0,0x00,0x00,0x3f,0xf0,0x00,0x00,0x3f,0xf8,0x00,0x00,0x7f,0xf8,0x00,0x00,0x7f,0xf8,
    0x00,0x00,0x7f,0xfc,0x00,0x00,0xfe,0xfc,0x00,0x00,0xfc,0xfc,0x00,0x00,0xfc,0xfe,0x00,0x01,0xfc,0x7e,0x00,0x01,0xf8,0x7e,
    0x00,0x01,0xf8,0x7f,0x00,0x03,0xf8,0x3f,0x00,0x03,0xf8,0x3f,0x00,0x03,0xf0,0x3f,0x80,0x07,0xf0,0x3f,0x80,0x07,0xf0,0x1f,
    0x80,0x07,0xe0,0x1f,0xc0,0x0f,0xff,0xff,0xc0,0x0f,0xff,0xff,0xc0,0x0f,0xff,0xff,0xe0,0x1f,0xff,0xff,0xe0,0x1f,0xff,0xff,
    0xe0,0x1f,0xc0,0x07,0xf0,0x3f,0x80,0x07,0xf0,0x3f,0x80,0x07,0xf8,0x7f,0x80,0x03,0xf8,0x7f,0x00,0x03,0xf8,0x7f,0x00,0x03,
    0xfc,0xff,0x00,0x01,0xfc,0xfe,0x00,0x01,0xfc,0x00,0x00,0x03,0xe0,0x00,0x00,0x07,0xe0,0x00,0x00,0x07,0xc0,0x00,0x7f,0x8f,
    0x80,0x00,0x7f,0xdf,0x00,0x00,0xff,0xc0,0x00,0x01,0xfb,0xe0,0x00,0x03,0xf1,0xf0,0x00,0x03,0xc0,0xf8,0x00,0x07,0x80,0x78,
    0x00,0x00,0x00,0x00,0x00,0x00,0x00,0x00,0x00,0x00,0x7f,0xc0,0x00,0x03,0xff,0xf0,0x00,0x0f,0xff,0xf8,0x00,0x07,0xff,0xfc,
    0x00,0x07,0xff,0xfe,0x00,0x03,0xf7,0xfe,0x00,0x02,0x00,0xfe,0x00,0x00,0x00,0x7e,0x00,0x00,0x00,0x7e,0x00,0x00,0xff,0xfe,
    0x00,0x07,0xff,0xfe,0x00,0x0f,0xff,0xfe,0x00,0x1f,0xff,0xfe,0x00,0x3f,0xe0,0x7e,0x00,0x3f,0x80,0x7e,0x00,0x3f,0x80,0x7e,
    0x00,0x3f,0x80,0xfe,0x00,0x3f,0x80,0xfe,0x00,0x3f,0x81,0xfe,0x00,0x3f,0xef,0xfe,0x00,0x3f,0xff,0xfe,0x00,0x1f,0xff,0xfe,
    0x00,0x1f,0xff,0x3e,0x00,0x0f,0xfe,0x3e,0x00,0x03,0xf8,0x3e,0x00,0x7c,0x00,0x00,0x00,0x3e,0x00,0x00,0x00,0x1f,0x00,0x00,
    0x00,0x0f,0x1f,0xe0,0x00,0x07,0xbf,0xf0,0x00,0x00,0x3f,0xf8,0x00,0x00,0x7e,0xf8,0x00,0x00,0xfc,0x7c,0x00,0x00,0xf0,0x3e,
    0x00,0x01,0xe0,0x0e,0x00,0x00,0x00,0x00,0x00,0x00,0x00,0x00,0x00,0x00,0x1f,0xe0,0x00,0x00,0x1f,0xf0,0x00,0x00,0x3f,0xf0,
    0x00,0x00,0x3f,0xf8,0x00,0x00,0x7f,0xf8,0x00,0x00,0x7f,0xf8,0x00,0x00,0x7f,0xfc,0x00,0x00,0xfe,0xfc,0x00,0x00,0xfc,0xfc,
    0x00,0x00,0xfc,0xfe,0x00,0x01,0xfc,0x7e,0x00,0x01,0xf8,0x7e,0x00,0x01,0xf8,0x7f,0x00,0x03,0xf8,0x3f,0x00,0x03,0xf8,0x3f,
    0x00,0x03,0xf0,0x3f,0x80,0x07,0xf0,0x3f,0x80,0x07,0xf0,0x1f,0x80,0x07,0xe0,0x1f,0xc0,0x0f,0xff,0xff,0xc0,0x0f,0xff,0xff,
    0xc0,0x0f,0xff,0xff,0xe0,0x1f,0xff,0xff,0xe0,0x1f,0xff,0xff,0xe0,0x1f,0xc0,0x07,0xf0,0x3f,0x80,0x07,0xf0,0x3f,0x80,0x07,
    0xf8,0x7f,0x80,0x03,0xf8,0x7f,0x00,0x03,0xf8,0x7f,0x00,0x03,0xfc,0xff,0x00,0x01,0xfc,0xfe,0x00,0x01,0xfc,0xfc,0x00,0x00,
    0x00,0x7c,0x00,0x00,0x00,0x3e,0x00,0x00,0x00,0x1e,0x3f,0xc0,0x00,0x0f,0x3f,0xe0,0x00,0x00,0x7f,0xf0,0x00,0x00,0xfd,0xf0,
    0x00,0x00,0xf8,0xf8,0x00,0x01,0xf0,0x7c,0x00,0x03,0xc0,0x3c,0x00,0x00,0x00,0x00,0x00,0x00,0x00,0x00,0x00,0x00,0x3f,0xe0,
    0x00,0x01,0xff,0xf8,0x00,0x07,0xff,0xfc,0x00,0x03,0xff,0xfe,0x00,0x03,0xff,0xff,0x00,0x01,0xfb,0xff,0x00,0x01,0x00,0x7f,
    0x00,0x00,0x00,0x3f,0x00,0x00,0x00,0x3f,0x00,0x00,0x7f,0xff,0x00,0x03,0xff,0xff,0x00,0x07,0xff,0xff,0x00,0x0f,0xff,0xff,
    0x00,0x1f,0xf0,0x3f,0x00,0x1f,0xc0,0x3f,0x00,0x1f,0xc0,0x3f,0x00,0x1f,0xc0,0x7f,0x00,0x1f,0xc0,0x7f,0x00,0x1f,0xc0,0xff,
    0x00,0x1f,0xf7,0xff,0x00,0x1f,0xff,0xff,0x00,0x0f,0xff,0xff,0x00,0x0f,0xff,0x9f,0x00,0x07,0xff,0x1f,0x00,0x01,0xfc,0x1f,
    0x00,0x00,0x00,0x07,0x80,0x00,0x00,0x07,0xe0,0x00,0x00,0x07,0xe0,0x00,0x00,0x00,0xf0,0x00,0x00,0x00,0xe0,0x00,0x0f,0xe3,
    0xe0,0x00,0x1f,0xf3,0x80,0x00,0x3f,0xf3,0x80,0x00,0x3f,0xf8,0x00,0x00,0x7c,0xfc,0x00,0x00,0xf8,0x7c,0x00,0x01,0xf0,0x3e,
    0x00,0x00,0x00,0x00,0x00,0x00,0x00,0x00,0x00,0x00,0x00,0x00,0x00,0x00,0x1f,0xe0,0x00,0x00,0x1f,0xf0,0x00,0x00,0x3f,0xf0,
    0x00,0x00,0x3f,0xf8,0x00,0x00,0x7f,0xf8,0x00,0x00,0x7f,0xf8,0x00,0x00,0x7f,0xfc,0x00,0x00,0xfe,0xfc,0x00,0x00,0xfc,0xfc,
    0x00,0x00,0xfc,0xfe,0x00,0x01,0xfc,0x7e,0x00,0x01,0xf8,0x7e,0x00,0x01,0xf8,0x7f,0x00,0x03,0xf8,0x3f,0x00,0x03,0xf8,0x3f,
    0x00,0x03,0xf0,0x3f,0x80,0x07,0xf0,0x3f,0x80,0x07,0xf0,0x1f,0x80,0x07,0xe0,0x1f,0xc0,0x0f,0xff,0xff,0xc0,0x0f,0xff,0xff,
    0xc0,0x0f,0xff,0xff,0xe0,0x1f,0xff,0xff,0xe0,0x1f,0xff,0xff,0xe0,0x1f,0xc0,0x07,0xf0,0x3f,0x80,0x07,0xf0,0x3f,0x80,0x07,
    0xf8,0x7f,0x80,0x03,0xf8,0x7f,0x00,0x03,0xf8,0x7f,0x00,0x03,0xfc,0xff,0x00,0x01,0xfc,0xfe,0x00,0x01,0xfc,0x00,0x00,0x1e,
    0x00,0x00,0x00,0x1f,0x80,0x00,0x00,0x1f,0x80,0x00,0x00,0x03,0xc0,0x00,0x00,0x03,0xc0,0x00,0x00,0x03,0x80,0x00,0x7f,0x8f,
    0x80,0x00,0x7f,0xce,0x00,0x00,0xff,0xce,0x00,0x01,0xff,0xe0,0x00,0x01,0xf1,0xf0,0x00,0x03,0xe0,0xf8,0x00,0x07,0x80,0x78,
    0x00,0x00,0x00,0x00,0x00,0x00,0x00,0x00,0x00,0x00,0x7f,0xc0,0x00,0x03,0xff,0xf0,0x00,0x0f,0xff,0xf8,0x00,0x07,0xff,0xfc,
    0x00,0x07,0xff,0xfe,0x00,0x03,0xf7,0xfe,0x00,0x02,0x00,0xfe,0x00,0x00,0x00,0x7e,0x00,0x00,0x00,0x7e,0x00,0x00,0xff,0xfe,
    0x00,0x07,0xff,0xfe,0x00,0x0f,0xff,0xfe,0x00,0x1f,0xff,0xfe,0x00,0x3f,0xe0,0x7e,0x00,0x3f,0x80,0x7e,0x00,0x3f,0x80,0x7e,
    0x00,0x3f,0x80,0xfe,0x00,0x3f,0x80,0xfe,0x00,0x3f,0x81,0xfe,0x00,0x3f,0xef,0xfe,0x00,0x3f,0xff,0xfe,0x00,0x1f,0xff,0xfe,
    0x00,0x1f,0xff,0x3e,0x00,0x0f,0xfe,0x3e,0x00,0x03,0xf8,0x3e,0x00,0x00,0x3e,0x0e,0x00,0x00,0x7f,0x8e,0x00,0x00,0xff,0xfc,
    0x00,0x00,0xe3,0xfc,0x00,0x01,0xc0,0xf8,0x00,0x00,0x00,0x00,0x00,0x00,0x0f,0xc0,0x00,0x00,0x1f,0xe0,0x00,0x00,0x3f,0xf0,
    0x00,0x00,0x3f,0xf8,0x00,0x00,0x7c,0x7c,0x00,0x00,0xf0,0x3e,0x00,0x01,0xc0,0x0e,0x00,0x00,0x00,0x00,0x00,0x00,0x00,0x00,
    0x00,0x00,0x1f,0xe0,0x00,0x00,0x1f,0xf0,0x00,0x00,0x3f,0xf0,0x00,0x00,0x3f,0xf8,0x00,0x00,0x7f,0xf8,0x00,0x00,0x7f,0xf8,
    0x00,0x00,0x7f,0xfc,0x00,0x00,0xfe,0xfc,0x00,0x00,0xfc,0xfc,0x00,0x00,0xfc,0xfe,0x00,0x01,0xfc,0x7e,0x00,0x01,0xf8,0x7e,
    0x00,0x01,0xf8,0x7f,0x00,0x03,0xf8,0x3f,0x00,0x03,0xf8,0x3f,0x00,0x03,0xf0,0x3f,0x80,0x07,0xf0,0x3f,0x80,0x07,0xf0,0x1f,
    0x80,0x07,0xe0,0x1f,0xc0,0x0f,0xff,0xff,0xc0,0x0f,0xff,0xff,0xc0,0x0f,0xff,0xff,0xe0,0x1f,0xff,0xff,0xe0,0x1f,0xff,0xff,
    0xe0,0x1f,0xc0,0x07,0xf0,0x3f,0x80,0x07,0xf0,0x3f,0x80,0x07,0xf8,0x7f,0x80,0x03,0xf8,0x7f,0x00,0x03,0xf8,0x7f,0x00,0x03,
    0xfc,0xff,0x00,0x01,0xfc,0xfe,0x00,0x01,0xfc,0x00,0xf8,0x38,0x00,0x01,0xfe,0x38,0x00,0x03,0xff,0xf8,0x00,0x03,0x8f,0xf0,
    0x00,0x03,0x03,0xe0,0x00,0x00,0x00,0x00,0x00,0x00,0x3f,0x00,0x00,0x00,0x7f,0x80,0x00,0x00,0x7f,0xc0,0x00,0x00,0xff,0xe0,
    0x00,0x01,0xf1,0xf0,0x00,0x03,0xe0,0xf8,0x00,0x07,0x80,0x38,0x00,0x00,0x00,0x00,0x00,0x00,0x00,0x00,0x00,0x00,0x7f,0xc0,
    0x00,0x03,0xff,0xf0,0x00,0x0f,0xff,0xf8,0x00,0x07,0xff,0xfc,0x00,0x07,0xff,0xfe,0x00,0x03,0xf7,0xfe,0x00,0x02,0x00,0xfe,
    0x00,0x00,0x00,0x7e,0x00,0x00,0x00,0x7e,0x00,0x00,0xff,0xfe,0x00,0x07,0xff,0xfe,0x00,0x0f,0xff,0xfe,0x00,0x1f,0xff,0xfe,
    0x00,0x3f,0xe0,0x7e,0x00,0x3f,0x80,0x7e,0x00,0x3f,0x80,0x7e,0x00,0x3f,0x80,0xfe,0x00,0x3f,0x80,0xfe,0x00,0x3f,0x81,0xfe,
    0x00,0x3f,0xef,0xfe,0x00,0x3f,0xff,0xfe,0x00,0x1f,0xff,0xfe,0x00,0x1f,0xff,0x3e,0x00,0x0f,0xfe,0x3e,0x00,0x03,0xf8,0x3e,
    0x00,0x00,0x1f,0xe0,0x00,0x00,0x3f,0xf0,0x00,0x00,0x7f,0xf8,0x00,0x00,0x7f,0xfc,0x00,0x00,0xfc,0x7e,0x00,0x01,0xf8,0x3f,
    0x00,0x03,0xe0,0x1f,0x80,0x00,0x00,0x00,0x00,0x00,0x00,0x00,0x00,0x00,0x1f,0xe0,0x00,0x00,0x1f,0xf0,0x00,0x00,0x3f,0xf0,
    0x00,0x00,0x3f,0xf8,0x00,0x00,0x7f,0xf8,0x00,0x00,0x7f,0xf8,0x00,0x00,0x7f,0xfc,0x00,0x00,0xfe,0xfc,0x00,0x00,0xfc,0xfc,
    0x00,0x00,0xfc,0xfe,0x00,0x01,0xfc,0x7e,0x00,0x01,0xf8,0x7e,0x00,0x01,0xf8,0x7f,0x00,0x03,0xf8,0x3f,0x00,0x03,0xf8,0x3f,
    0x00,0x03,0xf0,0x3f,0x80,0x07,0xf0,0x3f,0x80,0x07,0xf0,0x1f,0x80,0x07,0xe0,0x1f,0xc0,0x0f,0xff,0xff,0xc0,0x0f,0xff,0xff,
    0xc0,0x0f,0xff,0xff,0xe0,0x1f,0xff,0xff,0xe0,0x1f,0xff,0xff,0xe0,0x1f,0xc0,0x07,0xf0,0x3f,0x80,0x07,0xf0,0x3f,0x80,0x07,
    0xf8,0x7f,0x80,0x03,0xf8,0x7f,0x00,0x03,0xf8,0x7f,0x00,0x03,0xfc,0xff,0x00,0x01,0xfc,0xfe,0x00,0x01,0xfc,0x00,0x00,0x00,
    0x00,0x00,0x00,0x00,0x00,0x00,0x07,0x80,0x00,0x00,0x0f,0xc0,0x00,0x00,0x0f,0xe0,0x00,0x00,0x0f,0xe0,0x00,0x00,0x0f,0xe0,
    0x00,0x00,0x0f,0xc0,0x00,0x00,0x07,0x80,0x00,0x00,0x7f,0xc0,0x00,0x00,0xff,0xc0,0x00,0x00,0xff,0xe0,0x00,0x01,0xff,0xf0,
    0x00,0x03,0xf1,0xf8,0x00,0x07,0xe0,0xfc,0x00,0x0f,0x80,0x7e,0x00,0x00,0x00,0x00,0x00,0x00,0x00,0x00,0x00,0x00,0x7f,0xc0,
    0x00,0x03,0xff,0xf0,0x00,0x0f,0xff,0xf8,0x00,0x07,0xff,0xfc,0x00,0x07,0xff,0xfe,0x00,0x03,0xf7,0xfe,0x00,0x02,0x00,0xfe,
    0x00,0x00,0x00,0x7e,0x00,0x00,0x00,0x7e,0x00,0x00,0xff,0xfe,0x00,0x07,0xff,0xfe,0x00,0x0f,0xff,0xfe,0x00,0x1f,0xff,0xfe,
    0x00,0x3f,0xe0,0x7e,0x00,0x3f,0x80,0x7e,0x00,0x3f,0x80,0x7e,0x00,0x3f,0x80,0xfe,0x00,0x3f,0x80,0xfe,0x00,0x3f,0x81,0xfe,
    0x00,0x3f,0xef,0xfe,0x00,0x3f,0xff,0xfe,0x00,0x1f,0xff,0xfe,0x00,0x1f,0xff,0x3e,0x00,0x0f,0xfe,0x3e,0x00,0x03,0xf8,0x3e,
    0x00,0x00,0x00,0x00,0x00,0x00,0x00,0x00,0x00,0x00,0x1e,0x00,0x00,0x00,0x3f,0x00,0x00,0x00,0x7f,0x00,0x00,0x00,0x7f,0x00,
    0x00,0x00,0x7f,0x00,0x00,0x00,0x3f,0x00,0x00,0x00,0x1e,0x00,0x00,0x00,0x00,0xf0,0x00,0x00,0x01,0xf0,0x00,0x00,0x03,0xe0,
    0x00,0x00,0x03,0xc0,0x00,0x01,0xe7,0x8e,0x00,0x00,0xe7,0x1e,0x00,0x00,0xf0,0x1e,0x00,0x00,0xf8,0x7c,0x00,0x00,0x7f,0xfc,
    0x00,0x00,0x7f,0xf8,0x00,0x00,0x3f,0xf0,0x00,0x00,0x0f,0xc0,0x00,0x00,0x00,0x00,0x00,0x00,0x00,0x00,0x00,0x00,0x1f,0xe0,
    0x00,0x00,0x1f,0xf0,0x00,0x00,0x3f,0xf0,0x00,0x00,0x3f,0xf8,0x00,0x00,0x7f,0xf8,0x00,0x00,0x7f,0xf8,0x00,0x00,0x7f,0xfc,
    0x00,0x00,0xfe,0xfc,0x00,0x00,0xfc,0xfc,0x00,0x00,0xfc,0xfe,0x00,0x01,0xfc,0x7e,0x00,0x01,0xf8,0x7e,0x00,0x01,0xf8,0x7f,
    0x00,0x03,0xf8,0x3f,0x00,0x03,0xf8,0x3f,0x00,0x03,0xf0,0x3f,0x80,0x07,0xf0,0x3f,0x80,0x07,0xf0,0x1f,0x80,0x07,0xe0,0x1f,
    0xc0,0x0f,0xff,0xff,0xc0,0x0f,0xff,0xff,0xc0,0x0f,0xff,0xff,0xe0,0x1f,0xff,0xff,0xe0,0x1f,0xff,0xff,0xe0,0x1f,0xc0,0x07,
    0xf0,0x3f,0x80,0x07,0xf0,0x3f,0x80,0x07,0xf8,0x7f,0x80,0x03,0xf8,0x7f,0x00,0x03,0xf8,0x7f,0x00,0x03,0xfc,0xff,0x00,0x01,
    0xfc,0xfe,0x00,0x01,0xfc,0x00,0x03,0xc0,0x00,0x00,0x07,0xc0,0x00,0x00,0x07,0x80,0x00,0x00,0x0f,0x00,0x00,0x07,0x9e,0x38,
    0x00,0x03,0x9c,0x78,0x00,0x03,0xc0,0x78,0x00,0x03,0xe1,0xf0,0x00,0x01,0xff,0xf0,0x00,0x01,0xff,0xe0,0x00,0x00,0xff,0xc0,
    0x00,0x00,0x3f,0x00,0x00,0x00,0x00,0x00,0x00,0x00,0x00,0x00,0x00,0x00,0x7f,0xc0,0x00,0x03,0xff,0xf0,0x00,0x0f,0xff,0xf8,
    0x00,0x07,0xff,0xfc,0x00,0x07,0xff,0xfe,0x00,0x03,0xf7,0xfe,0x00,0x02,0x00,0xfe,0x00,0x00,0x00,0x7e,0x00,0x00,0x00,0x7e,
    0x00,0x00,0xff,0xfe,0x00,0x07,0xff,0xfe,0x00,0x0f,0xff,0xfe,0x00,0x1f,0xff,0xfe,0x00,0x3f,0xe0,0x7e,0x00,0x3f,0x80,0x7e,
    0x00,0x3f,0x80,0x7e,0x00,0x3f,0x80,0xfe,0x00,0x3f,0x80,0xfe,0x00,0x3f,0x81,0xfe,0x00,0x3f,0xef,0xfe,0x00,0x3f,0xff,0xfe,
    0x00,0x1f,0xff,0xfe,0x00,0x1f,0xff,0x3e,0x00,0x0f,0xfe,0x3e,0x00,0x03,0xf8,0x3e,0x00,0x00,0x3e,0x00,0x00,0x00,0x3e,0x00,
    0x00,0x00,0x1f,0x00,0x00,0x00,0x0f,0x80,0x00,0x01,0xe7,0x8e,0x00,0x01,0xe1,0x9e,0x00,0x00,0xf0,0x1e,0x00,0x00,0xf8,0x7c,
    0x00,0x00,0xff,0xfc,0x00,0x00,0x7f,0xf8,0x00,0x00,0x3f,0xf0,0x00,0x00,0x0f,0xc0,0x00,0x00,0x00,0x00,0x00,0x00,0x00,0x00,
    0x00,0x00,0x1f,0xe0,0x00,0x00,0x1f,0xf0,0x00,0x00,0x3f,0xf0,0x00,0x00,0x3f,0xf8,0x00,0x00,0x7f,0xf8,0x00,0x00,0x7f,0xf8,
    0x00,0x00,0x7f,0xfc,0x00,0x00,0xfe,0xfc,0x00,0x00,0xfc,0xfc,0x00,0x00,0xfc,0xfe,0x00,0x01,0xfc,0x7e,0x00,0x01,0xf8,0x7e,
    0x00,0x01,0xf8,0x7f,0x00,0x03,0xf8,0x3f,0x00,0x03,0xf8,0x3f,0x00,0x03,0xf0,0x3f,0x80,0x07,0xf0,0x3f,0x80,0x07,0xf0,0x1f,
    0x80,0x07,0xe0,0x1f,0xc0,0x0f,0xff,0xff,0xc0,0x0f,0xff,0xff,0xc0,0x0f,0xff,0xff,0xe0,0x1f,0xff,0xff,0xe0,0x1f,0xff,0xff,
    0xe0,0x1f,0xc0,0x07,0xf0,0x3f,0x80,0x07,0xf0,0x3f,0x80,0x07,0xf8,0x7f,0x80,0x03,0xf8,0x7f,0x00,0x03,0xf8,0x7f,0x00,0x03,
    0xfc,0xff,0x00,0x01,0xfc,0xfe,0x00,0x01,0xfc,0x00,0xf8,0x00,0x00,0x00,0xf8,0x00,0x00,0x00,0x7c,0x00,0x00,0x00,0x3c,0x00,
    0x00,0x07,0x9e,0x38,0x00,0x03,0x8e,0x78,0x00,0x03,0xc0,0x78,0x00,0x03,0xe1,0xf0,0x00,0x01,0xff,0xf0,0x00,0x01,0xff,0xe0,
    0x00,0x00,0xff,0xc0,0x00,0x00,0x3f,0x00,0x00,0x00,0x00,0x00,0x00,0x00,0x00,0x00,0x00,0x00,0x7f,0xc0,0x00,0x03,0xff,0xf0,
    0x00,0x0f,0xff,0xf8,0x00,0x07,0xff,0xfc,0x00,0x07,0xff,0xfe,0x00,0x03,0xf7,0xfe,0x00,0x02,0x00,0xfe,0x00,0x00,0x00,0x7e,
    0x00,0x00,0x00,0x7e,0x00,0x00,0xff,0xfe,0x00,0x07,0xff,0xfe,0x00,0x0f,0xff,0xfe,0x00,0x1f,0xff,0xfe,0x00,0x3f,0xe0,0x7e,
    0x00,0x3f,0x80,0x7e,0x00,0x3f,0x80,0x7e,0x00,0x3f,0x80,0xfe,0x00,0x3f,0x80,0xfe,0x00,0x3f,0x81,0xfe,0x00,0x3f,0xef,0xfe,
    0x00,0x3f,0xff,0xfe,0x00,0x1f,0xff,0xfe,0x00,0x1f,0xff,0x3e,0x00,0x0f,0xfe,0x3e,0x00,0x03,0xf8,0x3e,0x00,0x00,0x0f,0x80,
    0x00,0x00,0x0f,0xc0,0x00,0x00,0x01,0xc0,0x00,0x00,0x01,0xc0,0x00,0x00,0x03,0xc0,0x00,0x01,0xe3,0x9e,0x00,0x01,0xe3,0x1e,
    0x00,0x00,0xf0,0x1e,0x00,0x00,0xf8,0x7c,0x00,0x00,0xff,0xfc,0x00,0x00,0x7f,0xf8,0x00,0x00,0x3f,0xf0,0x00,0x00,0x0f,0xc0,
    0x00,0x00,0x00,0x00,0x00,0x00,0x00,0x00,0x00,0x00,0x1f,0xe0,0x00,0x00,0x1f,0xf0,0x00,0x00,0x3f,0xf0,0x00,0x00,0x3f,0xf8,
    0x00,0x00,0x7f,0xf8,0x00,0x00,0x7f,0xf8,0x00,0x00,0x7f,0xfc,0x00,0x00,0xfe,0xfc,0x00,0x00,0xfc,0xfc,0x00,0x00,0xfc,0xfe,
    0x00,0x01,0xfc,0x7e,0x00,0x01,0xf8,0x7e,0x00,0x01,0xf8,0x7f,0x00,0x03,0xf8,0x3f,0x00,0x03,0xf8,0x3f,0x00,0x03,0xf0,0x3f,
    0x80,0x07,0xf0,0x3f,0x80,0x07,0xf0,0x1f,0x80,0x07,0xe0,0x1f,0xc0,0x0f,0xff,0xff,0xc0,0x0f,0xff,0xff,0xc0,0x0f,0xff,0xff,
    0xe0,0x1f,0xff,0xff,0xe0,0x1f,0xff,0xff,0xe0,0x1f,0xc0,0x07,0xf0,0x3f,0x80,0x07,0xf0,0x3f,0x80,0x07,0xf8,0x7f,0x80,0x03,
    0xf8,0x7f,0x00,0x03,0xf8,0x7f,0x00,0x03,0xfc,0xff,0x00,0x01,0xfc,0xfe,0x00,0x01,0xfc,0x00,0x3e,0x00,0x00,0x00,0x3f,0x00,
    0x00,0x00,0x07,0x00,0x00,0x00,0x07,0x00,0x00,0x00,0x0f,0x00,0x00,0x07,0x8f,0x38,0x00,0x03,0x8c,0x78,0x00,0x03,0xc0,0x78,
    0x00,0x03,0xe1,0xf0,0x00,0x01,0xff,0xf0,0x00,0x01,0xff,0xe0,0x00,0x00,0xff,0xc0,0x00,0x00,0x3f,0x00,0x00,0x00,0x00,0x00,
    0x00,0x00,0x00,0x00,0x00,0x00,0x7f,0xc0,0x00,0x03,0xff,0xf0,0x00,0x0f,0xff,0xf8,0x00,0x07,0xff,0xfc,0x00,0x07,0xff,0xfe,
    0x00,0x03,0xf7,0xfe,0x00,0x02,0x00,0xfe,0x00,0x00,0x00,0x7e,0x00,0x00,0x00,0x7e,0x00,0x00,0xff,0xfe,0x00,0x07,0xff,0xfe,
    0x00,0x0f,0xff,0xfe,0x00,0x1f,0xff,0xfe,0x00,0x3f,0xe0,0x7e,0x00,0x3f,0x80,0x7e,0x00,0x3f,0x80,0x7e,0x00,0x3f,0x80,0xfe,
    0x00,0x3f,0x80,0xfe,0x00,0x3f,0x81,0xfe,0x00,0x3f,0xef,0xfe,0x00,0x3f,0xff,0xfe,0x00,0x1f,0xff,0xfe,0x00,0x1f,0xff,0x3e,
    0x00,0x0f,0xfe,0x3e,0x00,0x03,0xf8,0x3e,0x00,0x00,0x3e,0x0e,0x00,0x00,0x7f,0x8e,0x00,0x00,0xff,0xfe,0x00,0x00,0xe3,0xfc,
    0x00,0x00,0xc0,0xf8,0x00,0x00,0x00,0x00,0x00,0x01,0xe0,0x0e,0x00,0x00,0xe0,0x1e,0x00,0x00,0xf8,0x3e,0x00,0x00,0xff,0xfc,
    0x00,0x00,0x7f,0xf8,0x00,0x00,0x3f,0xf8,0x00,0x00,0x0f,0xe0,0x00,0x00,0x00,0x00,0x00,0x00,0x00,0x00,0x00,0x00,0x1f,0xe0,
    0x00,0x00,0x1f,0xf0,0x00,0x00,0x3f,0xf0,0x00,0x00,0x3f,0xf8,0x00,0x00,0x7f,0xf8,0x00,0x00,0x7f,0xf8,0x00,0x00,0x7f,0xfc,
    0x00,0x00,0xfe,0xfc,0x00,0x00,0xfc,0xfc,0x00,0x00,0xfc,0xfe,0x00,0x01,0xfc,0x7e,0x00,0x01,0xf8,0x7e,0x00,0x01,0xf8,0x7f,
    0x00,0x03,0xf8,0x3f,0x00,0x03,0xf8,0x3f,0x00,0x03,0xf0,0x3f,0x80,0x07,0xf0,0x3f,0x80,0x07,0xf0,0x1f,0x80,0x07,0xe0,0x1f,
    0xc0,0x0f,0xff,0xff,0xc0,0x0f,0xff,0xff,0xc0,0x0f,0xff,0xff,0xe0,0x1f,0xff,0xff,0xe0,0x1f,0xff,0xff,0xe0,0x1f,0xc0,0x07,
    0xf0,0x3f,0x80,0x07,0xf0,0x3f,0x80,0x07,0xf8,0x7f,0x80,0x03,0xf8,0x7f,0x00,0x03,0xf8,0x7f,0x00,0x03,0xfc,0xff,0x00,0x01,
    0xfc,0xfe,0x00,0x01,0xfc,0x00,0xf8,0x38,0x00,0x01,0xfe,0x38,0x00,0x03,0xff,0xf8,0x00,0x03,0x8f,0xf0,0x00,0x03,0x83,0xe0,
    0x00,0x00,0x00,0x00,0x00,0x07,0x80,0x38,0x00,0x03,0x80,0x78,0x00,0x03,0xe0,0xf8,0x00,0x03,0xff,0xf0,0x00,0x01,0xff,0xf0,
    0x00,0x00,0xff,0xe0,0x00,0x00,0x3f,0x80,0x00,0x00,0x00,0x00,0x00,0x00,0x00,0x00,0x00,0x00,0x7f,0xc0,0x00,0x03,0xff,0xf0,
    0x00,0x0f,0xff,0xf8,0x00,0x07,0xff,0xfc,0x00,0x07,0xff,0xfe,0x00,0x03,0xf7,0xfe,0x00,0x02,0x00,0xfe,0x00,0x00,0x00,0x7e,
    0x00,0x00,0x00,0x7e,0x00,0x00,0xff,0xfe,0x00,0x07,0xff,0xfe,0x00,0x0f,0xff,0xfe,0x00,0x1f,0xff,0xfe,0x00,0x3f,0xe0,0x7e,
    0x00,0x3f,0x80,0x7e,0x00,0x3f,0x80,0x7e,0x00,0x3f,0x80,0xfe,0x00,0x3f,0x80,0xfe,0x00,0x3f,0x81,0xfe,0x00,0x3f,0xef,0xfe,
    0x00,0x3f,0xff,0xfe,0x00,0x1f,0xff,0xfe,0x00,0x1f,0xff,0x3e,0x00,0x0f,0xfe,0x3e,0x00,0x03,0xf8,0x3e,0x00,0x01,0xc0,0x0e,
    0x00,0x01,0xe0,0x0f,0x00,0x01,0xf0,0x3e,0x00,0x01,0xff,0xfe,0x00,0x00,0xff,0xfc,0x00,0x00,0x7f,0xfc,0x00,0x00,0x3f,0xf0,
    0x00,0x00,0x0f,0xe0,0x00,0x00,0x00,0x00,0x00,0x00,0x00,0x00,0x00,0x00,0x1f,0xe0,0x00,0x00,0x1f,0xf0,0x00,0x00,0x3f,0xf0,
    0x00,0x00,0x3f,0xf8,0x00,0x00,0x7f,0xf8,0x00,0x00,0x7f,0xf8,0x00,0x00,0x7f,0xfc,0x00,0x00,0xfe,0xfc,0x00,0x00,0xfc,0xfc,
    0x00,0x00,0xfc,0xfe,0x00,0x01,0xfc,0x7e,0x00,0x01,0xf8,0x7e,0x00,0x01,0xf8,0x7f,0x00,0x03,0xf8,0x3f,0x00,0x03,0xf8,0x3f,
    0x00,0x03,0xf0,0x3f,0x80,0x07,0xf0,0x3f,0x80,0x07,0xf0,0x1f,0x80,0x07,0xe0,0x1f,0xc0,0x0f,0xff,0xff,0xc0,0x0f,0xff,0xff,
    0xc0,0x0f,0xff,0xff,0xe0,0x1f,0xff,0xff,0xe0,0x1f,0xff,0xff,0xe0,0x1f,0xc0,0x07,0xf0,0x3f,0x80,0x07,0xf0,0x3f,0x80,0x07,
    0xf8,0x7f,0x80,0x03,0xf8,0x7f,0x00,0x03,0xf8,0x7f,0x00,0x03,0xfc,0xff,0x00,0x01,0xfc,0xfe,0x00,0x01,0xfc,0x00,0x00,0x00,
    0x00,0x00,0x00,0x00,0x00,0x00,0x07,0x80,0x00,0x00,0x0f,0xc0,0x00,0x00,0x0f,0xe0,0x00,0x00,0x0f,0xe0,0x00,0x00,0x0f,0xe0,
    0x00,0x00,0x0f,0xc0,0x00,0x00,0x07,0x80,0x00,0x07,0x00,0x38,0x00,0x07,0x80,0x3c,0x00,0x07,0xc0,0xfc,0x00,0x03,0xff,0xf8,
    0x00,0x03,0xff,0xf8,0x00,0x01,0xff,0xf0,0x00,0x00,0xff,0xe0,0x00,0x00,0x3f,0x80,0x00,0x00,0x00,0x00,0x00,0x00,0x00,0x00,
    0x00,0x00,0x7f,0xc0,0x00,0x03,0xff,0xf0,0x00,0x0f,0xff,0xf8,0x00,0x07,0xff,0xfc,0x00,0x07,0xff,0xfe,0x00,0x03,0xf7,0xfe,
    0x00,0x02,0x00,0xfe,0x00,0x00,0x00,0x7e,0x00,0x00,0x00,0x7e,0x00,0x00,0xff,0xfe,0x00,0x07,0xff,0xfe,0x00,0x0f,0xff,0xfe,
    0x00,0x1f,0xff,0xfe,0x00,0x3f,0xe0,0x7e,0x00,0x3f,0x80,0x7e,0x00,0x3f,0x80,0x7e,0x00,0x3f,0x80,0xfe,0x00,0x3f,0x80,0xfe,
    0x00,0x3f,0x81,0xfe,0x00,0x3f,0xef,0xfe,0x00,0x3f,0xff,0xfe,0x00,0x1f,0xff,0xfe,0x00,0x1f,0xff,0x3e,0x00,0x0f,0xfe,0x3e,
    0x00,0x03,0xf8,0x3e,0x00,0x00,0x00,0x00,0x00,0x00,0x00,0x00,0x00,0x00,0x3e,0x00,0x00,0x00,0x7f,0x00,0x00,0x00,0x7f,0x00,
    0x00,0x00,0x7f,0x00,0x00,0x00,0x7f,0x00,0x00,0x00,0x7f,0x00,0x00,0x00,0x3e,0x00,0x00,0x0f,0xff,0xfc,0x00,0x0f,0xff,0xfc,
    0x00,0x0f,0xff,0xfc,0x00,0x0f,0xff,0xfc,0x00,0x0f,0xff,0xfc,0x00,0x0f,0xe0,0x00,0x00,0x0f,0xe0,0x00,0x00,0x0f,0xe0,0x00,
    0x00,0x0f,0xe0,0x00,0x00,0x0f,0xe0,0x00,0x00,0x0f,0xe0,0x00,0x00,0x0f,0xe0,0x00,0x00,0x0f,0xe0,0x00,0x00,0x0f,0xff,0xf8,
    0x00,0x0f,0xff,0xf8,0x00,0x0f,0xff,0xf8,0x00,0x0f,0xff,0xf8,0x00,0x0f,0xff,0xf8,0x00,0x0f,0xe0,0x00,0x00,0x0f,0xe0,0x00,
    0x00,0x0f,0xe0,0x00,0x00,0x0f,0xe0,0x00,0x00,0x0f,0xe0,0x00,0x00,0x0f,0xe0,0x00,0x00,0x0f,0xe0,0x00,0x00,0x0f,0xe0,0x00,
    0x00,0x0f,0xe0,0x00,0x00,0x0f,0xff,0xfc,0x00,0x0f,0xff,0xfc,0x00,0x0f,0xff,0xfc,0x00,0x0f,0xff,0xfc,0x00,0x0f,0xff,0xfc,
    0x00,0x00,0x00,0x00,0x00,0x00,0x00,0x00,0x00,0x00,0x1e,0x00,0x00,0x00,0x3f,0x00,0x00,0x00,0x3f,0x80,0x00,0x00,0x3f,0x80,
    0x00,0x00,0x3f,0x80,0x00,0x00,0x3f,0x00,0x00,0x00,0x1e,0x00,0x00,0x00,0x7f,0x80,0x00,0x01,0xff,0xf0,0x00,0x03,0xff,0xf8,
    0x00,0x07,0xff,0xfc,0x00,0x0f,0xff,0xfe,0x00,0x1f,0xe1,0xfe,0x00,0x1f,0xc0,0x7f,0x00,0x1f,0x80,0x7f,0x00,0x3f,0x80,0x3f,
    0x00,0x3f,0x80,0x3f,0x00,0x3f,0xff,0xff,0x00,0x3f,0xff,0xff,0x00,0x3f,0xff,0xff,0x00,0x3f,0xff,0xff,0x00,0x3f,0x80,0x00,
    0x00,0x3f,0x80,0x00,0x00,0x3f,0x80,0x00,0x00,0x1f,0xc0,0x00,0x00,0x1f,0xe0,0x06,0x00,0x1f,0xfd,0xfe,0x00,0x0f,0xff,0xfe,
    0x00,0x07,0xff,0xfe,0x00,0x03,0xff,0xfe,0x00,0x00,0xff,0xfc,0x00,0x00,0x3f,0xe0,0x00,0x00,0x00,0x00,0x00,0x00,0x00,0x00,
    0x00,0x00,0x1e,0x00,0x00,0x00,0x3f,0x00,0x00,0x00,0x7f,0x80,0x00,0x00,0x7f,0x80,0x00,0x00,0x7f,0x80,0x00,0x00,0x3f,0x00,
    0x00,0x00,0x1e,0x00,0x00,0x00,0x7f,0x00,0x00,0x00,0x7f,0x80,0x00,0x00,0x7f,0xc0,0x00,0x00,0x7f,0xe0,0x00,0x00,0x07,0xe0,
    0x00,0x00,0x07,0xe0,0x00,0x00,0x07,0xc0,0x00,0x00,0x1f,0xc0,0x00,0x00,0x1f,0x80,0x00,0x00,0x1e,0x00,0x00,0x00,0x1e,0x00,
    0x00,0x00,0x00,0x00,0x00,0x00,0x00,0x00,0x00,0x0f,0xff,0xfc,0x00,0x0f,0xff,0xfc,0x00,0x0f,0xff,0xfc,0x00,0x0f,0xff,0xfc,
    0x00,0x0f,0xff,0xfc,0x00,0x0f,0xe0,0x00,0x00,0x0f,0xe0,0x00,0x00,0x0f,0xe0,0x00,0x00,0x0f,0xe0,0x00,0x00,0x0f,0xe0,0x00,
    0x00,0x0f,0xe0,0x00,0x00,0x0f,0xe0,0x00,0x00,0x0f,0xe0,0x00,0x00,0x0f,0xff,0xf8,0x00,0x0f,0xff,0xf8,0x00,0x0f,0xff,0xf8,
    0x00,0x0f,0xff,0xf8,0x00,0x0f,0xff,0xf8,0x00,0x0f,0xe0,0x00,0x00,0x0f,0xe0,0x00,0x00,0x0f,0xe0,0x00,0x00,0x0f,0xe0,0x00,
    0x00,0x0f,0xe0,0x00,0x00,0x0f,0xe0,0x00,0x00,0x0f,0xe0,0x00,0x00,0x0f,0xe0,0x00,0x00,0x0f,0xe0,0x00,0x00,0x0f,0xff,0xfc,
    0x00,0x0f,0xff,0xfc,0x00,0x0f,0xff,0xfc,0x00,0x0f,0xff,0xfc,0x00,0x0f,0xff,0xfc,0x00,0x00,0x3f,0x00,0x00,0x00,0x7f,0xc0,
    0x00,0x00,0x7f,0xe0,0x00,0x00,0x7f,0xe0,0x00,0x00,0x07,0xe0,0x00,0x00,0x03,0xe0,0x00,0x00,0x03,0xe0,0x00,0x00,0x0f,0xe0,
    0x00,0x00,0x1f,0xc0,0x00,0x00,0x1f,0x00,0x00,0x00,0x0f,0x00,0x00,0x00,0x00,0x00,0x00,0x00,0x00,0x00,0x00,0x00,0x7f,0x80,
    0x00,0x01,0xff,0xf0,0x00,0x03,0xff,0xf8,0x00,0x07,0xff,0xfc,0x00,0x0f,0xff,0xfe,0x00,0x1f,0xe1,0xfe,0x00,0x1f,0xc0,0x7f,
    0x00,0x1f,0x80,0x7f,0x00,0x3f,0x80,0x3f,0x00,0x3f,0x80,0x3f,0x00,0x3f,0xff,0xff,0x00,0x3f,0xff,0xff,0x00,0x3f,0xff,0xff,
    0x00,0x3f,0xff,0xff,0x00,0x3f,0x80,0x00,0x00,0x3f,0x80,0x00,0x00,0x3f,0x80,0x00,0x00,0x1f,0xc0,0x00,0x00,0x1f,0xe0,0x06,
    0x00,0x1f,0xfd,0xfe,0x00,0x0f,0xff,0xfe,0x00,0x07,0xff,0xfe,0x00,0x03,0xff,0xfe,0x00,0x00,0xff,0xfc,0x00,0x00,0x3f,0xe0,
    0x00,0x00,0xf0,0x1c,0x00,0x03,0xfc,0x3c,0x00,0x03,0xfe,0x3c,0x00,0x07,0xff,0xf8,0x00,0x07,0x9f,0xf8,0x00,0x0f,0x07,0xf0,
    0x00,0x0f,0x03,0xe0,0x00,0x00,0x00,0x00,0x00,0x00,0x00,0x00,0x00,0x0f,0xff,0xfc,0x00,0x0f,0xff,0xfc,0x00,0x0f,0xff,0xfc,
    0x00,0x0f,0xff,0xfc,0x00,0x0f,0xff,0xfc,0x00,0x0f,0xe0,0x00,0x00,0x0f,0xe0,0x00,0x00,0x0f,0xe0,0x00,0x00,0x0f,0xe0,0x00,
    0x00,0x0f,0xe0,0x00,0x00,0x0f,0xe0,0x00,0x00,0x0f,0xe0,0x00,0x00,0x0f,0xe0,0x00,0x00,0x0f,0xff,0xf8,0x00,0x0f,0xff,0xf8,
    0x00,0x0f,0xff,0xf8,0x00,0x0f,0xff,0xf8,0x00,0x0f,0xff,0xf8,0x00,0x0f,0xe0,0x00,0x00,0x0f,0xe0,0x00,0x00,0x0f,0xe0,0x00,
    0x00,0x0f,0xe0,0x00,0x00,0x0f,0xe0,0x00,0x00,0x0f,0xe0,0x00,0x00,0x0f,0xe0,0x00,0x00,0x0f,0xe0,0x00,0x00,0x0f,0xe0,0x00,
    0x00,0x0f,0xff,0xfc,0x00,0x0f,0xff,0xfc,0x00,0x0f,0xff,0xfc,0x00,0x0f,0xff,0xfc,0x00,0x0f,0xff,0xfc,0x00,0x00,0xf0,0x3c,
    0x00,0x03,0xf8,0x3c,0x00,0x07,0xfe,0x7c,0x00,0x07,0xff,0xf8,0x00,0x0f,0x9f,0xf8,0x00,0x0f,0x07,0xf0,0x00,0x0f,0x03,0xc0,
    0x00,0x00,0x00,0x00,0x00,0x00,0x00,0x00,0x00,0x00,0x7f,0x80,0x00,0x01,0xff,0xf0,0x00,0x03,0xff,0xf8,0x00,0x07,0xff,0xfc,
    0x00,0x0f,0xff,0xfe,0x00,0x1f,0xe1,0xfe,0x00,0x1f,0xc0,0x7f,0x00,0x1f,0x80,0x7f,0x00,0x3f,0x80,0x3f,0x00,0x3f,0x80,0x3f,
    0x00,0x3f,0xff,0xff,0x00,0x3f,0xff,0xff,0x00,0x3f,0xff,0xff,0x00,0x3f,0xff,0xff,0x00,0x3f,0x80,0x00,0x00,0x3f,0x80,0x00,
    0x00,0x3f,0x80,0x00,0x00,0x1f,0xc0,0x00,0x00,0x1f,0xe0,0x06,0x00,0x1f,0xfd,0xfe,0x00,0x0f,0xff,0xfe,0x00,0x07,0xff,0xfe,
    0x00,0x03,0xff,0xfe,0x00,0x00,0xff,0xfc,0x00,0x00,0x3f,0xe0,0x00,0x00,0x00,0x03,0xe0,0x00,0x00,0x07,0xe0,0x00,0x00,0x07,
    0xc0,0x00,0x7f,0x8f,0x80,0x00,0xff,0xde,0x00,0x00,0xff,0xc0,0x00,0x01,0xff,0xe0,0x00,0x03,0xe1,0xf0,0x00,0x07,0xc0,0xf8,
    0x00,0x07,0x00,0x38,0x00,0x00,0x00,0x00,0x00,0x00,0x00,0x00,0x00,0x0f,0xff,0xfc,0x00,0x0f,0xff,0xfc,0x00,0x0f,0xff,0xfc,
    0x00,0x0f,0xff,0xfc,0x00,0x0f,0xff,0xfc,0x00,0x0f,0xe0,0x00,0x00,0x0f,0xe0,0x00,0x00,0x0f,0xe0,0x00,0x00,0x0f,0xe0,0x00,
    0x00,0x0f,0xe0,0x00,0x00,0x0f,0xe0,0x00,0x00,0x0f,0xe0,0x00,0x00,0x0f,0xe0,0x00,0x00,0x0f,0xff,0xf8,0x00,0x0f,0xff,0xf8,
    0x00,0x0f,0xff,0xf8,0x00,0x0f,0xff,0xf8,0x00,0x0f,0xff,0xf8,0x00,0x0f,0xe0,0x00,0x00,0x0f,0xe0,0x00,0x00,0x0f,0xe0,0x00,
    0x00,0x0f,0xe0,0x00,0x00,0x0f,0xe0,0x00,0x00,0x0f,0xe0,0x00,0x00,0x0f,0xe0,0x00,0x00,0x0f,0xe0,0x00,0x00,0x0f,0xe0,0x00,
    0x00,0x0f,0xff,0xfc,0x00,0x0f,0xff,0xfc,0x00,0x0f,0xff,0xfc,0x00,0x0f,0xff,0xfc,0x00,0x0f,0xff,0xfc,0x00,0x00,0x00,0x03,
    0xf0,0x00,0x00,0x03,0xe0,0x00,0x00,0x07,0xc0,0x00,0x3f,0x8f,0x80,0x00,0x7f,0xcf,0x00,0x00,0xff,0xe0,0x00,0x01,0xfb,0xe0,
    0x00,0x01,0xf1,0xf0,0x00,0x03,0xe0,0xf8,0x00,0x07,0x80,0x78,0x00,0x00,0x00,0x00,0x00,0x00,0x00,0x00,0x00,0x00,0x7f,0x80,
    0x00,0x01,0xff,0xf0,0x00,0x03,0xff,0xf8,0x00,0x07,0xff,0xfc,0x00,0x0f,0xff,0xfe,0x00,0x1f,0xe1,0xfe,0x00,0x1f,0xc0,0x7f,
    0x00,0x1f,0x80,0x7f,0x00,0x3f,0x80,0x3f,0x00,0x3f,0x80,0x3f,0x00,0x3f,0xff,0xff,0x00,0x3f,0xff,0xff,0x00,0x3f,0xff,0xff,
    0x00,0x3f,0xff,0xff,0x00,0x3f,0x80,0x00,0x00,0x3f,0x80,0x00,0x00,0x3f,0x80,0x00,0x00,0x1f,0xc0,0x00,0x00,0x1f,0xe0,0x06,
    0x00,0x1f,0xfd,0xfe,0x00,0x0f,0xff,0xfe,0x00,0x07,0xff,0xfe,0x00,0x03,0xff,0xfe,0x00,0x00,0xff,0xfc,0x00,0x00,0x3f,0xe0,
    0x00,0x7c,0x00,0x00,0x00,0x3e,0x00,0x00,0x00,0x1e,0x00,0x00,0x00,0x0f,0x1f,0xe0,0x00,0x07,0xbf,0xf0,0x00,0x00,0x3f,0xf8,
    0x00,0x00,0x7e,0xf8,0x00,0x00,0xf8,0x7c,0x00,0x01,0xf0,0x3e,0x00,0x01,0xe0,0x0e,0x00,0x00,0x00,0x00,0x00,0x00,0x00,0x00,
    0x00,0x03,0xff,0xff,0x00,0x03,0xff,0xff,0x00,0x03,0xff,0xff,0x00,0x03,0xff,0xff,0x00,0x03,0xff,0xff,0x00,0x03,0xf8,0x00,
    0x00,0x03,0xf8,0x00,0x00,0x03,0xf8,0x00,0x00,0x03,0xf8,0x00,0x00,0x03,0xf8,0x00,0x00,0x03,0xf8,0x00,0x00,0x03,0xf8,0x00,
    0x00,0x03,0xf8,0x00,0x00,0x03,0xff,0xfe,0x00,0x03,0xff,0xfe,0x00,0x03,0xff,0xfe,0x00,0x03,0xff,0xfe,0x00,0x03,0xff,0xfe,
    0x00,0x03,0xf8,0x00,0x00,0x03,0xf8,0x00,0x00,0x03,0xf8,0x00,0x00,0x03,0xf8,0x00,0x00,0x03,0xf8,0x00,0x00,0x03,0xf8,0x00,
    0x00,0x03,0xf8,0x00,0x00,0x03,0xf8,0x00,0x00,0x03,0xf8,0x00,0x00,0x03,0xff,0xff,0x00,0x03,0xff,0xff,0x00,0x03,0xff,0xff,
    0x00,0x03,0xff,0xff,0x00,0x03,0xff,0xff,0x00,0xfc,0x00,0x00,0x00,0x7c,0x00,0x00,0x00,0x3e,0x00,0x00,0x00,0x1f,0x1f,0xc0,
    0x00,0x0f,0x3f,0xe0,0x00,0x00,0x7f,0xf0,0x00,0x00,0x7d,0xf8,0x00,0x00,0xf8,0xf8,0x00,0x01,0xf0,0x7c,0x00,0x01,0xc0,0x1c,
    0x00,0x00,0x00,0x00,0x00,0x00,0x00,0x00,0x00,0x00,0x3f,0xc0,0x00,0x00,0xff,0xf8,0x00,0x01,0xff,0xfc,0x00,0x03,0xff,0xfe,
    0x00,0x07,0xff,0xff,0x00,0x0f,0xf0,0xff,0x00,0x0f,0xe0,0x3f,0x80,0x0f,0xc0,0x3f,0x80,0x1f,0xc0,0x1f,0x80,0x1f,0xc0,0x1f,
    0x80,0x1f,0xff,0xff,0x80,0x1f,0xff,0xff,0x80,0x1f,0xff,0xff,0x80,0x1f,0xff,0xff,0x80,0x1f,0xc0,0x00,0x00,0x1f,0xc0,0x00,
    0x00,0x1f,0xc0,0x00,0x00,0x0f,0xe0,0x00,0x00,0x0f,0xf0,0x03,0x00,0x0f,0xfe,0xff,0x00,0x07,0xff,0xff,0x00,0x03,0xff,0xff,
    0x00,0x01,0xff,0xff,0x00,0x00,0x7f,0xfe,0x00,0x00,0x1f,0xf0,0x00,0x00,0x00,0x1e,0x00,0x00,0x00,0x1f,0x80,0x00,0x00,0x1f,
    0x80,0x00,0x00,0x03,0x80,0x00,0x00,0x03,0x80,0x00,0x7f,0x8f,0x80,0x00,0x7f,0x8e,0x00,0x00,0xff,0xce,0x00,0x01,0xff,0xe0,
    0x00,0x01,0xf3,0xe0,0x00,0x03,0xe1,0xf0,0x00,0x07,0xc0,0xf8,0x00,0x00,0x00,0x00,0x00,0x00,0x00,0x00,0x00,0x00,0x00,0x00,
    0x00,0x0f,0xff,0xfc,0x00,0x0f,0xff,0xfc,0x00,0x0f,0xff,0xfc,0x00,0x0f,0xff,0xfc,0x00,0x0f,0xff,0xfc,0x00,0x0f,0xe0,0x00,
    0x00,0x0f,0xe0,0x00,0x00,0x0f,0xe0,0x00,0x00,0x0f,0xe0,0x00,0x00,0x0f,0xe0,0x00,0x00,0x0f,0xe0,0x00,0x00,0x0f,0xe0,0x00,
    0x00,0x0f,0xe0,0x00,0x00,0x0f,0xff,0xf8,0x00,0x0f,0xff,0xf8,0x00,0x0f,0xff,0xf8,0x00,0x0f,0xff,0xf8,0x00,0x0f,0xff,0xf8,
    0x00,0x0f,0xe0,0x00,0x00,0x0f,0xe0,0x00,0x00,0x0f,0xe0,0x00,0x00,0x0f,0xe0,0x00,0x00,0x0f,0xe0,0x00,0x00,0x0f,0xe0,0x00,
    0x00,0x0f,0xe0,0x00,0x00,0x0f,0xe0,0x00,0x00,0x0f,0xe0,0x00,0x00,0x0f,0xff,0xfc,0x00,0x0f,0xff,0xfc,0x00,0x0f,0xff,0xfc,
    0x00,0x0f,0xff,0xfc,0x00,0x0f,0xff,0xfc,0x00,0x00,0x00,0x1e,0x00,0x00,0x00,0x1f,0x80,0x00,0x00,0x1f,0xc0,0x00,0x00,0x03,
    0xc0,0x00,0x00,0x03,0xc0,0x00,0x00,0x03,0x80,0x00,0x3f,0x8f,0x80,0x00,0x7f,0xce,0x00,0x00,0xff,0xee,0x00,0x01,0xff,0xe0,
    0x00,0x01,0xf1,0xf0,0x00,0x03,0xe0,0xf8,0x00,0x07,0x80,0x78,0x00,0x00,0x00,0x00,0x00,0x00,0x00,0x00,0x00,0x00,0x7f,0x80,
    0x00,0x01,0xff,0xf0,0x00,0x03,0xff,0xf8,0x00,0x07,0xff,0xfc,0x00,0x0f,0xff,0xfe,0x00,0x1f,0xe1,0xfe,0x00,0x1f,0xc0,0x7f,
    0x00,0x1f,0x80,0x7f,0x00,0x3f,0x80,0x3f,0x00,0x3f,0x80,0x3f,0x00,0x3f,0xff,0xff,0x00,0x3f,0xff,0xff,0x00,0x3f,0xff,0xff,
    0x00,0x3f,0xff,0xff,0x00,0x3f,0x80,0x00,0x00,0x3f,0x80,0x00,0x00,0x3f,0x80,0x00,0x00,0x1f,0xc0,0x00,0x00,0x1f,0xe0,0x06,
    0x00,0x1f,0xfd,0xfe,0x00,0x0f,0xff,0xfe,0x00,0x07,0xff,0xfe,0x00,0x03,0xff,0xfe,0x00,0x00,0xff,0xfc,0x00,0x00,0x3f,0xe0,
    0x00,0x00,0xf8,0x38,0x00,0x01,0xfe,0x38,0x00,0x03,0xff,0xf0,0x00,0x03,0x8f,0xf0,0x00,0x07,0x03,0xe0,0x00,0x00,0x00,0x00,
    0x00,0x00,0x3f,0x00,0x00,0x00,0x7f,0x80,0x00,0x00,0xff,0xc0,0x00,0x01,0xff,0xe0,0x00,0x03,0xe1,0xf0,0x00,0x07,0xc0,0xf8,
    0x00,0x03,0x00,0x38,0x00,0x00,0x00,0x00,0x00,0x00,0x00,0x00,0x00,0x0f,0xff,0xfc,0x00,0x0f,0xff,0xfc,0x00,0x0f,0xff,0xfc,
    0x00,0x0f,0xff,0xfc,0x00,0x0f,0xff,0xfc,0x00,0x0f,0xe0,0x00,0x00,0x0f,0xe0,0x00,0x00,0x0f,0xe0,0x00,0x00,0x0f,0xe0,0x00,
    0x00,0x0f,0xe0,0x00,0x00,0x0f,0xe0,0x00,0x00,0x0f,0xe0,0x00,0x00,0x0f,0xe0,0x00,0x00,0x0f,0xff,0xf8,0x00,0x0f,0xff,0xf8,
    0x00,0x0f,0xff,0xf8,0x00,0x0f,0xff,0xf8,0x00,0x0f,0xff,0xf8,0x00,0x0f,0xe0,0x00,0x00,0x0f,0xe0,0x00,0x00,0x0f,0xe0,0x00,
    0x00,0x0f,0xe0,0x00,0x00,0x0f,0xe0,0x00,0x00,0x0f,0xe0,0x00,0x00,0x0f,0xe0,0x00,0x00,0x0f,0xe0,0x00,0x00,0x0f,0xe0,0x00,
    0x00,0x0f,0xff,0xfc,0x00,0x0f,0xff,0xfc,0x00,0x0f,0xff,0xfc,0x00,0x0f,0xff,0xfc,0x00,0x0f,0xff,0xfc,0x00,0x00,0xf8,0x38,
    0x00,0x01,0xfe,0x38,0x00,0x03,0xff,0xf8,0x00,0x03,0x8f,0xf0,0x00,0x03,0x83,0xe0,0x00,0x00,0x00,0x00,0x00,0x00,0x3f,0x80,
    0x00,0x00,0x3f,0x80,0x00,0x00,0x7f,0xc0,0x00,0x00,0xff,0xe0,0x00,0x01,0xf1,0xf0,0x00,0x03,0xe0,0xf8,0x00,0x03,0x80,0x38,
    0x00,0x00,0x00,0x00,0x00,0x00,0x00,0x00,0x00,0x00,0x7f,0x80,0x00,0x01,0xff,0xf0,0x00,0x03,0xff,0xf8,0x00,0x07,0xff,0xfc,
    0x00,0x0f,0xff,0xfe,0x00,0x1f,0xe1,0xfe,0x00,0x1f,0xc0,0x7f,0x00,0x1f,0x80,0x7f,0x00,0x3f,0x80,0x3f,0x00,0x3f,0x80,0x3f,
    0x00,0x3f,0xff,0xff,0x00,0x3f,0xff,0xff,0x00,0x3f,0xff,0xff,0x00,0x3f,0xff,0xff,0x00,0x3f,0x80,0x00,0x00,0x3f,0x80,0x00,
    0x00,0x3f,0x80,0x00,0x00,0x1f,0xc0,0x00,0x00,0x1f,0xe0,0x06,0x00,0x1f,0xfd,0xfe,0x00,0x0f,0xff,0xfe,0x00,0x07,0xff,0xfe,
    0x00,0x03,0xff,0xfe,0x00,0x00,0xff,0xfc,0x00,0x00,0x3f,0xe0,0x00,0x00,0x7f,0xc0,0x00,0x00,0xff,0xc0,0x00,0x01,0xff,0xe0,
    0x00,0x01,0xff,0xf0,0x00,0x03,0xf1,0xf8,0x00,0x07,0xe0,0xfc,0x00,0x0f,0x80,0x7e,0x00,0x00,0x00,0x00,0x00,0x00,0x00,0x00,
    0x00,0x0f,0xff,0xfc,0x00,0x0f,0xff,0xfc,0x00,0x0f,0xff,0xfc,0x00,0x0f,0xff,0xfc,0x00,0x0f,0xff,0xfc,0x00,0x0f,0xe0,0x00,
    0x00,0x0f,0xe0,0x00,0x00,0x0f,0xe0,0x00,0x00,0x0f,0xe0,0x00,0x00,0x0f,0xe0,0x00,0x00,0x0f,0xe0,0x00,0x00,0x0f,0xe0,0x00,
    0x00,0x0f,0xe0,0x00,0x00,0x0f,0xff,0xf8,0x00,0x0f,0xff,0xf8,0x00,0x0f,0xff,0xf8,0x00,0x0f,0xff,0xf8,0x00,0x0f,0xff,0xf8,
    0x00,0x0f,0xe0,0x00,0x00,0x0f,0xe0,0x00,0x00,0x0f,0xe0,0x00,0x00,0x0f,0xe0,0x00,0x00,0x0f,0xe0,0x00,0x00,0x0f,0xe0,0x00,
    0x00,0x0f,0xe0,0x00,0x00,0x0f,0xe0,0x00,0x00,0x0f,0xe0,0x00,0x00,0x0f,0xff,0xfc,0x00,0x0f,0xff,0xfc,0x00,0x0f,0xff,0xfc,
    0x00,0x0f,0xff,0xfc,0x00,0x0f,0xff,0xfc,0x00,0x00,0x00,0x00,0x00,0x00,0x00,0x00,0x00,0x00,0x1e,0x00,0x00,0x00,0x3f,0x00,
    0x00,0x00,0x3f,0x80,0x00,0x00,0x3f,0x80,0x00,0x00,0x3f,0x80,0x00,0x00,0x3f,0x00,0x00,0x00,0x1e,0x00,0x00,0x00,0x7f,0x80,
    0x00,0x00,0xff,0xc0,0x00,0x01,0xff,0xe0,0x00,0x03,0xff,0xf0,0x00,0x03,0xf3,0xf8,0x00,0x07,0xc0,0xfc,0x00,0x0f,0x80,0x7c,
    0x00,0x00,0x00,0x00,0x00,0x00,0x00,0x00,0x00,0x00,0x7f,0x80,0x00,0x01,0xff,0xf0,0x00,0x03,0xff,0xf8,0x00,0x07,0xff,0xfc,
    0x00,0x0f,0xff,0xfe,0x00,0x1f,0xe1,0xfe,0x00,0x1f,0xc0,0x7f,0x00,0x1f,0x80,0x7f,0x00,0x3f,0x80,0x3f,0x00,0x3f,0x80,0x3f,
    0x00,0x3f,0xff,0xff,0x00,0x3f,0xff,0xff,0x00,0x3f,0xff,0xff,0x00,0x3f,0xff,0xff,0x00,0x3f,0x80,0x00,0x00,0x3f,0x80,0x00,
    0x00,0x3f,0x80,0x00,0x00,0x1f,0xc0,0x00,0x00,0x1f,0xe0,0x06,0x00,0x1f,0xfd,0xfe,0x00,0x0f,0xff,0xfe,0x00,0x07,0xff,0xfe,
    0x00,0x03,0xff,0xfe,0x00,0x00,0xff,0xfc,0x00,0x00,0x3f,0xe0,0x00,0x00,0x00,0x00,0x00,0x00,0x00,0x00,0x00,0x00,0x1e,0x00,
    0x00,0x00,0x3f,0x00,0x00,0x00,0x7f,0x80,0x00,0x00,0x7f,0x80,0x00,0x00,0x7f,0x80,0x00,0x00,0x3f,0x00,0x00,0x00,0x1e,0x00,
    0x00,0x07,0xe0,0x00,0x0f,0xf8,0x00,0x0f,0xfc,0x00,0x0f,0xfc,0x00,0x00,0xfc,0x00,0x00,0x7c,0x00,0x00,0xfc,0x00,0x01,0xf8,
    0x00,0x03,0xf0,0x00,0x03,0xe0,0x00,0x03,0xc0,0x00,0x00,0x00,0x00,0x00,0x00,0x00,0x7f,0xff,0x00,0x7f,0xff,0x00,0x7f,0xff,
    0x00,0x7f,0xff,0x00,0x3f,0xfe,0x00,0x0f,0xf8,0x00,0x07,0xf0,0x00,0x07,0xf0,0x00,0x07,0xf0,0x00,0x07,0xf0,0x00,0x07,0xf0,
    0x00,0x07,0xf0,0x00,0x07,0xf0,0x00,0x07,0xf0,0x00,0x07,0xf0,0x00,0x07,0xf0,0x00,0x07,0xf0,0x00,0x07,0xf0,0x00,0x07,0xf0,
    0x00,0x07,0xf0,0x00,0x07,0xf0,0x00,0x07,0xf0,0x00,0x07,0xf0,0x00,0x07,0xf0,0x00,0x07,0xf0,0x00,0x07,0xf0,0x00,0x07,0xf0,
    0x00,0x1f,0xfc,0x00,0x7f,0xff,0x00,0x7f,0xff,0x00,0x7f,0xff,0x00,0x7f,0xff,0x00,0x1f,0xc0,0x3f,0xe0,0x3f,0xf0,0x3f,0xf0,
    0x01,0xf0,0x01,0xf0,0x03,0xf0,0x0f,0xe0,0x07,0x80,0x07,0x80,0x00,0x00,0x00,0x00,0x1f,0xc0,0x1f,0xc0,0x1f,0xc0,0x1f,0xc0,
    0x1f,0xc0,0x1f,0xc0,0x1f,0xc0,0x1f,0xc0,0x1f,0xc0,0x1f,0xc0,0x1f,0xc0,0x1f,0xc0,0x1f,0xc0,0x1f,0xc0,0x1f,0xc0,0x1f,0xc0,
    0x1f,0xc0,0x1f,0xc0,0x1f,0xc0,0x1f,0xc0,0x1f,0xc0,0x1f,0xc0,0x1f,0xc0,0x1f,0xc0,0x1f,0xc0,0x7f,0xff,0x00,0x7f,0xff,0x00,
    0x7f,0xff,0x00,0x7f,0xff,0x00,0x3f,0xfe,0x00,0x0f,0xf8,0x00,0x07,0xf0,0x00,0x07,0xf0,0x00,0x07,0xf0,0x00,0x07,0xf0,0x00,
    0x07,0xf0,0x00,0x07,0xf0,0x00,0x07,0xf0,0x00,0x07,0xf0,0x00,0x07,0xf0,0x00,0x07,0xf0,0x00,0x07,0xf0,0x00,0x07,0xf0,0x00,
    0x07,0xf0,0x00,0x07,0xf0,0x00,0x07,0xf0,0x00,0x07,0xf0,0x00,0x07,0xf0,0x00,0x07,0xf0,0x00,0x07,0xf0,0x00,0x07,0xf0,0x00,
    0x07,0xf0,0x00,0x1f,0xfc,0x00,0x7f,0xff,0x00,0x7f,0xff,0x00,0x7f,0xff,0x00,0x7f,0xff,0x00,0x00,0x00,0x00,0x00,0x00,0x00,
    0x03,0xe0,0x00,0x07,0xf0,0x00,0x07,0xf0,0x00,0x07,0xf0,0x00,0x07,0xf0,0x00,0x07,0xf0,0x00,0x03,0xe0,0x00,0x07,0x80,0x0f,
    0xc0,0x1f,0xc0,0x1f,0xc0,0x1f,0xc0,0x0f,0xc0,0x07,0x80,0x00,0x00,0x00,0x00,0x1f,0xc0,0x1f,0xc0,0x1f,0xc0,0x1f,0xc0,0x1f,
    0xc0,0x1f,0xc0,0x1f,0xc0,0x1f,0xc0,0x1f,0xc0,0x1f,0xc0,0x1f,0xc0,0x1f,0xc0,0x1f,0xc0,0x1f,0xc0,0x1f,0xc0,0x1f,0xc0,0x1f,
    0xc0,0x1f,0xc0,0x1f,0xc0,0x1f,0xc0,0x1f,0xc0,0x1f,0xc0,0x1f,0xc0,0x1f,0xc0,0x1f,0xc0,0x00,0x00,0x00,0x00,0x07,0x80,0x0f,
    0xc0,0x1f,0xc0,0x1f,0xc0,0x1f,0xc0,0x0f,0xc0,0x07,0x80,0x00,0x00,0xe0,0x00,0x00,0x00,0x1f,0xff,0x00,0x00,0x00,0x7f,0xff,
    0xc0,0x00,0x00,0xff,0xff,0xe0,0x00,0x01,0xff,0xff,0xf0,0x00,0x03,0xff,0xff,0xf8,0x00,0x07,0xfc,0x07,0xfc,0x00,0x0f,0xf8,
    0x03,0xfe,0x00,0x0f,0xf0,0x01,0xfe,0x00,0x0f,0xe0,0x00,0xfe,0x00,0x1f,0xe0,0x00,0xff,0x00,0x1f,0xc0,0x00,0x7f,0x00,0x1f,
    0xc0,0x00,0x7f,0x00,0x1f,0xc0,0x00,0x7f,0x00,0x1f,0xc0,0x00,0x7f,0x00,0x1f,0xc0,0x00,0x7f,0x00,0x3f,0xc0,0x00,0x7f,0x80,
    0x1f,0xc0,0x00,0x7f,0x80,0x1f,0xc0,0x00,0x7f,0x00,0x1f,0xc0,0x00,0x7f,0x00,0x1f,0xc0,0x00,0x7f,0x00,0x1f,0xc0,0x00,0x7f,
    0x00,0x1f,0xc0,0x00,0x7f,0x00,0x1f,0xe0,0x00,0xff,0x00,0x0f,0xe0,0x00,0xfe,0x00,0x0f,0xf0,0x01,0xfe,0x00,0x07,0xf8,0x03,
    0xfc,0x00,0x07,0xff,0xbf,0xfc,0x00,0x03,0xff,0xff,0xf8,0x00,0x01,0xff,0xff,0xf0,0x00,0x00,0xff,0xff,0xe0,0x00,0x00,0x3f,
    0xff,0x80,0x00,0x00,0x07,0xfc,0x00,0x00,0x00,0x00,0x00,0x00,0x00,0x00,0x00,0x00,0x00,0x00,0x00,0x01,0xf0,0x00,0x00,0x00,
    0x03,0xf8,0x00,0x00,0x00,0x03,0xf8,0x00,0x00,0x00,0x03,0xf8,0x00,0x00,0x00,0x03,0xf8,0x00,0x00,0x00,0x03,0xf8,0x00,0x00,
    0x00,0x01,0xf0,0x00,0x00,0x00,0x3f,0xc0,0x00,0x01,0xff,0xf0,0x00,0x03,0xff,0xf8,0x00,0x07,0xff,0xfc,0x00,0x0f,0xff,0xfe,
    0x00,0x1f,0xfb,0xff,0x00,0x1f,0xe0,0x7f,0x00,0x1f,0xc0,0x7f,0x80,0x3f,0x80,0x3f,0x80,0x3f,0x80,0x3f,0x80,0x3f,0x80,0x3f,
    0x80,0x3f,0x80,0x3f,0x80,0x3f,0x80,0x3f,0x80,0x3f,0x80,0x3f,0x80,0x3f,0x80,0x3f,0x80,0x3f,0x80,0x3f,0x80,0x3f,0x80,0x3f,
    0x80,0x1f,0xc0,0x7f,0x80,0x1f,0xe0,0x7f,0x00,0x0f,0xfb,0xff,0x00,0x0f,0xff,0xfe,0x00,0x07,0xff,0xfc,0x00,0x03,0xff,0xf8,
    0x00,0x01,0xff,0xf0,0x00,0x00,0x3f,0x80,0x00,0x00,0x00,0x00,0x00,0x00,0x00,0x00,0x00,0x00,0x1f,0x00,0x00,0x00,0x3f,0x80,
    0x00,0x00,0x3f,0x80,0x00,0x00,0x3f,0x80,0x00,0x00,0x3f,0x80,0x00,0x00,0x3f,0x80,0x00,0x00,0x1f,0x00,0x00,0x00,0x03,0xf0,
    0x00,0x00,0x00,0x07,0xfc,0x00,0x00,0x00,0x07,0xfe,0x00,0x00,0x00,0x07,0xfe,0x00,0x00,0x00,0x00,0x7e,0x00,0x00,0x00,0x00,
    0x3e,0x00,0x00,0x00,0x00,0x7e,0x00,0x00,0x00,0x00,0xfc,0x00,0x00,0x00,0x01,0xf8,0x00,0x00,0x00,0x01,0xf0,0x00,0x00,0x00,
    0x00,0xe0,0x00,0x00,0x00,0x00,0x00,0x00,0x00,0x00,0x00,0xe0,0x00,0x00,0x00,0x1f,0xff,0x00,0x00,0x00,0x7f,0xff,0xc0,0x00,
    0x00,0xff,0xff,0xe0,0x00,0x01,0xff,0xff,0xf0,0x00,0x03,0xff,0xff,0xf8,0x00,0x07,0xfc,0x07,0xfc,0x00,0x0f,0xf8,0x03,0xfe,
    0x00,0x0f,0xf0,0x01,0xfe,0x00,0x0f,0xe0,0x00,0xfe,0x00,0x1f,0xe0,0x00,0xff,0x00,0x1f,0xc0,0x00,0x7f,0x00,0x1f,0xc0,0x00,
    0x7f,0x00,0x1f,0xc0,0x00,0x7f,0x00,0x1f,0xc0,0x00,0x7f,0x00,0x1f,0xc0,0x00,0x7f,0x00,0x3f,0xc0,0x00,0x7f,0x80,0x1f,0xc0,
    0x00,0x7f,0x80,0x1f,0xc0,0x00,0x7f,0x00,0x1f,0xc0,0x00,0x7f,0x00,0x1f,0xc0,0x00,0x7f,0x00,0x1f,0xc0,0x00,0x7f,0x00,0x1f,
    0xc0,0x00,0x7f,0x00,0x1f,0xe0,0x00,0xff,0x00,0x0f,0xe0,0x00,0xfe,0x00,0x0f,0xf0,0x01,0xfe,0x00,0x07,0xf8,0x03,0xfc,0x00,
    0x07,0xff,0xbf,0xfc,0x00,0x03,0xff,0xff,0xf8,0x00,0x01,0xff,0xff,0xf0,0x00,0x00,0xff,0xff,0xe0,0x00,0x00,0x3f,0xff,0x80,
    0x00,0x00,0x07,0xfc,0x00,0x00,0x00,0x3f,0x00,0x00,0x00,0x7f,0xc0,0x00,0x00,0x7f,0xe0,0x00,0x00,0x7f,0xe0,0x00,0x00,0x07,
    0xe0,0x00,0x00,0x03,0xe0,0x00,0x00,0x03,0xe0,0x00,0x00,0x0f,0xe0,0x00,0x00,0x1f,0xc0,0x00,0x00,0x1f,0x00,0x00,0x00,0x0f,
    0x00,0x00,0x00,0x00,0x00,0x00,0x00,0x00,0x00,0x00,0x00,0x3f,0xc0,0x00,0x01,0xff,0xf0,0x00,0x03,0xff,0xf8,0x00,0x07,0xff,
    0xfc,0x00,0x0f,0xff,0xfe,0x00,0x1f,0xfb,0xff,0x00,0x1f,0xe0,0x7f,0x00,0x1f,0xc0,0x7f,0x80,0x3f,0x80,0x3f,0x80,0x3f,0x80,
    0x3f,0x80,0x3f,0x80,0x3f,0x80,0x3f,0x80,0x3f,0x80,0x3f,0x80,0x3f,0x80,0x3f,0x80,0x3f,0x80,0x3f,0x80,0x3f,0x80,0x3f,0x80,
    0x3f,0x80,0x3f,0x80,0x3f,0x80,0x1f,0xc0,0x7f,0x80,0x1f,0xe0,0x7f,0x00,0x0f,0xfb,0xff,0x00,0x0f,0xff,0xfe,0x00,0x07,0xff,
    0xfc,0x00,0x03,0xff,0xf8,0x00,0x01,0xff,0xf0,0x00,0x00,0x3f,0x80,0x00,0x00,0x00,0x00,0x00,0x00,0x00,0x00,0x00,0x3e,0x00,
    0x00,0x00,0x00,0x7e,0x00,0x00,0x03,0xf8,0x7c,0x00,0x00,0x07,0xfc,0xf8,0x00,0x00,0x0f,0xfd,0xe0,0x00,0x00,0x0f,0xfe,0x00,
    0x00,0x00,0x1f,0x3f,0x00,0x00,0x00,0x3e,0x1f,0x00,0x00,0x00,0x3c,0x07,0x80,0x00,0x00,0x00,0x00,0x00,0x00,0x00,0x00,0x00,
    0x00,0x00,0x00,0x00,0xe0,0x00,0x00,0x00,0x1f,0xff,0x00,0x00,0x00,0x7f,0xff,0xc0,0x00,0x00,0xff,0xff,0xe0,0x00,0x01,0xff,
    0xff,0xf0,0x00,0x03,0xff,0xff,0xf8,0x00,0x07,0xfc,0x07,0xfc,0x00,0x0f,0xf8,0x03,0xfe,0x00,0x0f,0xf0,0x01,0xfe,0x00,0x0f,
    0xe0,0x00,0xfe,0x00,0x1f,0xe0,0x00,0xff,0x00,0x1f,0xc0,0x00,0x7f,0x00,0x1f,0xc0,0x00,0x7f,0x00,0x1f,0xc0,0x00,0x7f,0x00,
    0x1f,0xc0,0x00,0x7f,0x00,0x1f,0xc0,0x00,0x7f,0x00,0x3f,0xc0,0x00,0x7f,0x80,0x1f,0xc0,0x00,0x7f,0x80,0x1f,0xc0,0x00,0x7f,
    0x00,0x1f,0xc0,0x00,0x7f,0x00,0x1f,0xc0,0x00,0x7f,0x00,0x1f,0xc0,0x00,0x7f,0x00,0x1f,0xc0,0x00,0x7f,0x00,0x1f,0xe0,0x00,
    0xff,0x00,0x0f,0xe0,0x00,0xfe,0x00,0x0f,0xf0,0x01,0xfe,0x00,0x07,0xf8,0x03,0xfc,0x00,0x07,0xff,0xbf,0xfc,0x00,0x03,0xff,
    0xff,0xf8,0x00,0x01,0xff,0xff,0xf0,0x00,0x00,0xff,0xff,0xe0,0x00,0x00,0x3f,0xff,0x80,0x00,0x00,0x07,0xfc,0x00,0x00,0x00,
    0x00,0x03,0xf0,0x00,0x00,0x03,0xe0,0x00,0x00,0x07,0xc0,0x00,0x3f,0x8f,0x80,0x00,0x7f,0xcf,0x00,0x00,0xff,0xe0,0x00,0x01,
    0xfb,0xe0,0x00,0x01,0xf1,0xf0,0x00,0x03,0xe0,0xf8,0x00,0x03,0x80,0x38,0x00,0x00,0x00,0x00,0x00,0x00,0x00,0x00,0x00,0x00,
    0x3f,0xc0,0x00,0x01,0xff,0xf0,0x00,0x03,0xff,0xf8,0x00,0x07,0xff,0xfc,0x00,0x0f,0xff,0xfe,0x00,0x1f,0xfb,0xff,0x00,0x1f,
    0xe0,0x7f,0x00,0x1f,0xc0,0x7f,0x80,0x3f,0x80,0x3f,0x80,0x3f,0x80,0x3f,0x80,0x3f,0x80,0x3f,0x80,0x3f,0x80,0x3f,0x80,0x3f,
    0x80,0x3f,0x80,0x3f,0x80,0x3f,0x80,0x3f,0x80,0x3f,0x80,0x3f,0x80,0x3f,0x80,0x3f,0x80,0x3f,0x80,0x1f,0xc0,0x7f,0x80,0x1f,
    0xe0,0x7f,0x00,0x0f,0xfb,0xff,0x00,0x0f,0xff,0xfe,0x00,0x07,0xff,0xfc,0x00,0x03,0xff,0xf8,0x00,0x01,0xff,0xf0,0x00,0x00,
    0x3f,0x80,0x00,0x00,0x00,0x00,0x00,0x00,0x1f,0x80,0x00,0x00,0x00,0x0f,0x80,0x00,0x00,0x00,0x07,0xc3,0xf8,0x00,0x00,0x03,
    0xe7,0xfc,0x00,0x00,0x01,0xe7,0xfc,0x00,0x00,0x00,0x0f,0xfe,0x00,0x00,0x00,0x1f,0xbf,0x00,0x00,0x00,0x3e,0x1f,0x00,0x00,
    0x00,0x3c,0x07,0x80,0x00,0x00,0x00,0x00,0x00,0x00,0x00,0x00,0x00,0x00,0x00,0x00,0x00,0xe0,0x00,0x00,0x00,0x1f,0xff,0x00,
    0x00,0x00,0x7f,0xff,0xc0,0x00,0x00,0xff,0xff,0xe0,0x00,0x01,0xff,0xff,0xf0,0x00,0x03,0xff,0xff,0xf8,0x00,0x07,0xfc,0x07,
    0xfc,0x00,0x0f,0xf8,0x03,0xfe,0x00,0x0f,0xf0,0x01,0xfe,0x00,0x0f,0xe0,0x00,0xfe,0x00,0x1f,0xe0,0x00,0xff,0x00,0x1f,0xc0,
    0x00,0x7f,0x00,0x1f,0xc0,0x00,0x7f,0x00,0x1f,0xc0,0x00,0x7f,0x00,0x1f,0xc0,0x00,0x7f,0x00,0x1f,0xc0,0x00,0x7f,0x00,0x3f,
    0xc0,0x00,0x7f,0x80,0x1f,0xc0,0x00,0x7f,0x80,0x1f,0xc0,0x00,0x7f,0x00,0x1f,0xc0,0x00,0x7f,0x00,0x1f,0xc0,0x00,0x7f,0x00,
    0x1f,0xc0,0x00,0x7f,0x00,0x1f,0xc0,0x00,0x7f,0x00,0x1f,0xe0,0x00,0xff,0x00,0x0f,0xe0,0x00,0xfe,0x00,0x0f,0xf0,0x01,0xfe,
    0x00,0x07,0xf8,0x03,0xfc,0x00,0x07,0xff,0xbf,0xfc,0x00,0x03,0xff,0xff,0xf8,0x00,0x01,0xff,0xff,0xf0,0x00,0x00,0xff,0xff,
    0xe0,0x00,0x00,0x3f,0xff,0x80,0x00,0x00,0x07,0xfc,0x00,0x00,0xfc,0x00,0x00,0x00,0x7c,0x00,0x00,0x00,0x3e,0x00,0x00,0x00,
    0x1f,0x1f,0xc0,0x00,0x0f,0x3f,0xe0,0x00,0x00,0x7f,0xf0,0x00,0x00,0x7d,0xf8,0x00,0x00,0xf8,0xf8,0x00,0x01,0xf0,0x7c,0x00,
    0x01,0xc0,0x1c,0x00,0x00,0x00,0x00,0x00,0x00,0x00,0x00,0x00,0x00,0x1f,0xe0,0x00,0x00,0xff,0xf8,0x00,0x01,0xff,0xfc,0x00,
    0x03,0xff,0xfe,0x00,0x07,0xff,0xff,0x00,0x0f,0xfd,0xff,0x80,0x0f,0xf0,0x3f,0x80,0x0f,0xe0,0x3f,0xc0,0x1f,0xc0,0x1f,0xc0,
    0x1f,0xc0,0x1f,0xc0,0x1f,0xc0,0x1f,0xc0,0x1f,0xc0,0x1f,0xc0,0x1f,0xc0,0x1f,0xc0,0x1f,0xc0,0x1f,0xc0,0x1f,0xc0,0x1f,0xc0,
    0x1f,0xc0,0x1f,0xc0,0x1f,0xc0,0x1f,0xc0,0x0f,0xe0,0x3f,0xc0,0x0f,0xf0,0x3f,0x80,0x07,0xfd,0xff,0x80,0x07,0xff,0xff,0x00,
    0x03,0xff,0xfe,0x00,0x01,0xff,0xfc,0x00,0x00,0xff,0xf8,0x00,0x00,0x1f,0xc0,0x00,0x00,0x00,0x01,0xf0,0x00,0x00,0x00,0x01,
    0xf8,0x00,0x00,0x00,0x01,0xfc,0x00,0x00,0x00,0x00,0x3c,0x00,0x00,0x00,0x00,0x3c,0x00,0x00,0x03,0xf8,0xf8,0x00,0x00,0x07,
    0xfc,0xe0,0x00,0x00,0x0f,0xfc,0xe0,0x00,0x00,0x0f,0xfe,0x00,0x00,0x00,0x1f,0x3f,0x00,0x00,0x00,0x3e,0x0f,0x80,0x00,0x00,
    0x7c,0x07,0x80,0x00,0x00,0x00,0x00,0x00,0x00,0x00,0x00,0x00,0x00,0x00,0x00,0x00,0xe0,0x00,0x00,0x00,0x1f,0xff,0x00,0x00,
    0x00,0x7f,0xff,0xc0,0x00,0x00,0xff,0xff,0xe0,0x00,0x01,0xff,0xff,0xf0,0x00,0x03,0xff,0xff,0xf8,0x00,0x07,0xfc,0x07,0xfc,
    0x00,0x0f,0xf8,0x03,0xfe,0x00,0x0f,0xf0,0x01,0xfe,0x00,0x0f,0xe0,0x00,0xfe,0x00,0x1f,0xe0,0x00,0xff,0x00,0x1f,0xc0,0x00,
    0x7f,0x00,0x1f,0xc0,0x00,0x7f,0x00,0x1f,0xc0,0x00,0x7f,0x00,0x1f,0xc0,0x00,0x7f,0x00,0x1f,0xc0,0x00,0x7f,0x00,0x3f,0xc0,
    0x00,0x7f,0x80,0x1f,0xc0,0x00,0x7f,0x80,0x1f,0xc0,0x00,0x7f,0x00,0x1f,0xc0,0x00,0x7f,0x00,0x1f,0xc0,0x00,0x7f,0x00,0x1f,
    0xc0,0x00,0x7f,0x00,0x1f,0xc0,0x00,0x7f,0x00,0x1f,0xe0,0x00,0xff,0x00,0x0f,0xe0,0x00,0xfe,0x00,0x0f,0xf0,0x01,0xfe,0x00,
    0x07,0xf8,0x03,0xfc,0x00,0x07,0xff,0xbf,0xfc,0x00,0x03,0xff,0xff,0xf8,0x00,0x01,0xff,0xff,0xf0,0x00,0x00,0xff,0xff,0xe0,
    0x00,0x00,0x3f,0xff,0x80,0x00,0x00,0x07,0xfc,0x00,0x00,0x00,0x00,0x1f,0x00,0x00,0x00,0x1f,0x80,0x00,0x00,0x1f,0xc0,0x00,
    0x00,0x03,0xc0,0x00,0x00,0x03,0xc0,0x00,0x00,0x03,0x80,0x00,0x3f,0x8f,0x80,0x00,0x7f,0xce,0x00,0x00,0xff,0xee,0x00,0x00,
    0xff,0xe0,0x00,0x01,0xf1,0xf0,0x00,0x03,0xe0,0xf8,0x00,0x03,0x80,0x78,0x00,0x00,0x00,0x00,0x00,0x00,0x00,0x00,0x00,0x00,
    0x3f,0xc0,0x00,0x01,0xff,0xf0,0x00,0x03,0xff,0xf8,0x00,0x07,0xff,0xfc,0x00,0x0f,0xff,0xfe,0x00,0x1f,0xfb,0xff,0x00,0x1f,
    0xe0,0x7f,0x00,0x1f,0xc0,0x7f,0x80,0x3f,0x80,0x3f,0x80,0x3f,0x80,0x3f,0x80,0x3f,0x80,0x3f,0x80,0x3f,0x80,0x3f,0x80,0x3f,
    0x80,0x3f,0x80,0x3f,0x80,0x3f,0x80,0x3f,0x80,0x3f,0x80,0x3f,0x80,0x3f,0x80,0x3f,0x80,0x3f,0x80,0x1f,0xc0,0x7f,0x80,0x1f,
    0xe0,0x7f,0x00,0x0f,0xfb,0xff,0x00,0x0f,0xff,0xfe,0x00,0x07,0xff,0xfc,0x00,0x03,0xff,0xf8,0x00,0x01,0xff,0xf0,0x00,0x00,
    0x3f,0x80,0x00,0x00,0x0f,0x83,0x80,0x00,0x00,0x1f,0xe3,0x80,0x00,0x00,0x3f,0xff,0x80,0x00,0x00,0x38,0xff,0x00,0x00,0x00,
    0x38,0x3e,0x00,0x00,0x00,0x00,0x00,0x00,0x00,0x00,0x01,0xf0,0x00,0x00,0x00,0x03,0xf8,0x00,0x00,0x00,0x07,0xfc,0x00,0x00,
    0x00,0x0f,0xfe,0x00,0x00,0x00,0x1f,0xbf,0x00,0x00,0x00,0x3e,0x0f,0x80,0x00,0x00,0x3c,0x07,0x80,0x00,0x00,0x00,0x00,0x00,
    0x00,0x00,0x00,0x00,0x00,0x00,0x00,0x00,0xe0,0x00,0x00,0x00,0x1f,0xff,0x00,0x00,0x00,0x7f,0xff,0xc0,0x00,0x00,0xff,0xff,
    0xe0,0x00,0x01,0xff,0xff,0xf0,0x00,0x03,0xff,0xff,0xf8,0x00,0x07,0xfc,0x07,0xfc,0x00,0x0f,0xf8,0x03,0xfe,0x00,0x0f,0xf0,
    0x01,0xfe,0x00,0x0f,0xe0,0x00,0xfe,0x00,0x1f,0xe0,0x00,0xff,0x00,0x1f,0xc0,0x00,0x7f,0x00,0x1f,0xc0,0x00,0x7f,0x00,0x1f,
    0xc0,0x00,0x7f,0x00,0x1f,0xc0,0x00,0x7f,0x00,0x1f,0xc0,0x00,0x7f,0x00,0x3f,0xc0,0x00,0x7f,0x80,0x1f,0xc0,0x00,0x7f,0x80,
    0x1f,0xc0,0x00,0x7f,0x00,0x1f,0xc0,0x00,0x7f,0x00,0x1f,0xc0,0x00,0x7f,0x00,0x1f,0xc0,0x00,0x7f,0x00,0x1f,0xc0,0x00,0x7f,
    0x00,0x1f,0xe0,0x00,0xff,0x00,0x0f,0xe0,0x00,0xfe,0x00,0x0f,0xf0,0x01,0xfe,0x00,0x07,0xf8,0x03,0xfc,0x00,0x07,0xff,0xbf,
    0xfc,0x00,0x03,0xff,0xff,0xf8,0x00,0x01,0xff,0xff,0xf0,0x00,0x00,0xff,0xff,0xe0,0x00,0x00,0x3f,0xff,0x80,0x00,0x00,0x07,
    0xfc,0x00,0x00,0x00,0xf8,0x1c,0x00,0x01,0xfe,0x38,0x00,0x01,0xff,0xf8,0x00,0x03,0x8f,0xf0,0x00,0x03,0x83,0xe0,0x00,0x00,
    0x00,0x00,0x00,0x00,0x1f,0x80,0x00,0x00,0x3f,0xc0,0x00,0x00,0x7f,0xc0,0x00,0x00,0xff,0xe0,0x00,0x01,0xf1,0xf0,0x00,0x03,
    0xe0,0xf8,0x00,0x03,0x80,0x3c,0x00,0x00,0x00,0x00,0x00,0x00,0x00,0x00,0x00,0x00,0x3f,0xc0,0x00,0x01,0xff,0xf0,0x00,0x03,
    0xff,0xf8,0x00,0x07,0xff,0xfc,0x00,0x0f,0xff,0xfe,0x00,0x1f,0xfb,0xff,0x00,0x1f,0xe0,0x7f,0x00,0x1f,0xc0,0x7f,0x80,0x3f,
    0x80,0x3f,0x80,0x3f,0x80,0x3f,0x80,0x3f,0x80,0x3f,0x80,0x3f,0x80,0x3f,0x80,0x3f,0x80,0x3f,0x80,0x3f,0x80,0x3f,0x80,0x3f,
    0x80,0x3f,0x80,0x3f,0x80,0x3f,0x80,0x3f,0x80,0x3f,0x80,0x1f,0xc0,0x7f,0x80,0x1f,0xe0,0x7f,0x00,0x0f,0xfb,0xff,0x00,0x0f,
    0xff,0xfe,0x00,0x07,0xff,0xfc,0x00,0x03,0xff,0xf8,0x00,0x01,0xff,0xf0,0x00,0x00,0x3f,0x80,0x00,0x00,0x07,0xfc,0x00,0x00,
    0x00,0x07,0xfe,0x00,0x00,0x00,0x0f,0xfe,0x00,0x00,0x00,0x1f,0xff,0x00,0x00,0x00,0x3f,0x1f,0x80,0x00,0x00,0x7e,0x0f,0xc0,
    0x00,0x00,0xf8,0x03,0xe0,0x00,0x00,0x00,0x00,0x00,0x00,0x00,0x00,0xe0,0x00,0x00,0x00,0x1f,0xff,0x00,0x00,0x00,0x7f,0xff,
    0xc0,0x00,0x00,0xff,0xff,0xe0,0x00,0x01,0xff,0xff,0xf0,0x00,0x03,0xff,0xff,0xf8,0x00,0x07,0xfc,0x07,0xfc,0x00,0x0f,0xf8,
    0x03,0xfe,0x00,0x0f,0xf0,0x01,0xfe,0x00,0x0f,0xe0,0x00,0xfe,0x00,0x1f,0xe0,0x00,0xff,0x00,0x1f,0xc0,0x00,0x7f,0x00,0x1f,
    0xc0,0x00,0x7f,0x00,0x1f,0xc0,0x00,0x7f,0x00,0x1f,0xc0,0x00,0x7f,0x00,0x1f,0xc0,0x00,0x7f,0x00,0x3f,0xc0,0x00,0x7f,0x80,
    0x1f,0xc0,0x00,0x7f,0x80,0x1f,0xc0,0x00,0x7f,0x00,0x1f,0xc0,0x00,0x7f,0x00,0x1f,0xc0,0x00,0x7f,0x00,0x1f,0xc0,0x00,0x7f,
    0x00,0x1f,0xc0,0x00,0x7f,0x00,0x1f,0xe0,0x00,0xff,0x00,0x0f,0xe0,0x00,0xfe,0x00,0x0f,0xf0,0x01,0xfe,0x00,0x07,0xf8,0x03,
    0xfc,0x00,0x07,0xff,0xbf,0xfc,0x00,0x03,0xff,0xff,0xf8,0x00,0x01,0xff,0xff,0xf0,0x00,0x00,0xff,0xff,0xe0,0x00,0x00,0x3f,
    0xff,0x80,0x00,0x00,0x07,0xfc,0x00,0x00,0x00,0x00,0x00,0x00,0x00,0x00,0x00,0x00,0x00,0x00,0x00,0x01,0xf0,0x00,0x00,0x00,
    0x03,0xf8,0x00,0x00,0x00,0x03,0xf8,0x00,0x00,0x00,0x03,0xf8,0x00,0x00,0x00,0x03,0xf8,0x00,0x00,0x00,0x03,0xf8,0x00,0x00,
    0x00,0x01,0xf0,0x00,0x00,0x00,0x7f,0xc0,0x00,0x00,0x7f,0xe0,0x00,0x00,0xff,0xe0,0x00,0x01,0xff,0xf0,0x00,0x03,0xf1,0xf8,
    0x00,0x07,0xe0,0xfc,0x00,0x0f,0xc0,0x3e,0x00,0x00,0x00,0x00,0x00,0x00,0x00,0x00,0x00,0x00,0x3f,0xc0,0x00,0x01,0xff,0xf0,
    0x00,0x03,0xff,0xf8,0x00,0x07,0xff,0xfc,0x00,0x0f,0xff,0xfe,0x00,0x1f,0xfb,0xff,0x00,0x1f,0xe0,0x7f,0x00,0x1f,0xc0,0x7f,
    0x80,0x3f,0x80,0x3f,0x80,0x3f,0x80,0x3f,0x80,0x3f,0x80,0x3f,0x80,0x3f,0x80,0x3f,0x80,0x3f,0x80,0x3f,0x80,0x3f,0x80,0x3f,
    0x80,0x3f,0x80,0x3f,0x80,0x3f,0x80,0x3f,0x80,0x3f,0x80,0x3f,0x80,0x1f,0xc0,0x7f,0x80,0x1f,0xe0,0x7f,0x00,0x0f,0xfb,0xff,
    0x00,0x0f,0xff,0xfe,0x00,0x07,0xff,0xfc,0x00,0x03,0xff,0xf8,0x00,0x01,0xff,0xf0,0x00,0x00,0x3f,0x80,0x00,0x00,0x00,0x00,
    0x00,0x00,0x00,0x00,0x00,0x00,0x1f,0x00,0x00,0x00,0x3f,0x80,0x00,0x00,0x3f,0x80,0x00,0x00,0x3f,0x80,0x00,0x00,0x3f,0x80,
    0x00,0x00,0x3f,0x80,0x00,0x00,0x1f,0x00,0x00,0x00,0x00,0x3f,0xc0,0x00,0x00,0x00,0x3f,0x80,0x00,0x00,0x00,0x7f,0x00,0x00,
    0x00,0x00,0xfe,0x00,0x00,0x00,0x01,0xf8,0x00,0x00,0x00,0x03,0xf0,0x00,0x00,0x00,0x03,0xe0,0x00,0x00,0x00,0x00,0x00,0x01,
    0xfc,0x00,0x00,0xe0,0x01,0xf8,0x00,0x1f,0xff,0x01,0xf8,0x00,0x7f,0xff,0xc3,0xf8,0x00,0xff,0xff,0xf3,0xf0,0x01,0xff,0xff,
    0xff,0xf0,0x03,0xff,0xff,0xff,0xe0,0x07,0xfc,0x07,0xff,0xc0,0x0f,0xf8,0x03,0xff,0x80,0x0f,0xf0,0x01,0xff,0x00,0x0f,0xe0,
    0x00,0xff,0x00,0x1f,0xe0,0x00,0xff,0x00,0x1f,0xc0,0x00,0x7f,0x00,0x1f,0xc0,0x00,0x7f,0x00,0x1f,0xc0,0x00,0x7f,0x00,0x1f,
    0xc0,0x00,0x7f,0x00,0x1f,0xc0,0x00,0x7f,0x00,0x3f,0xc0,0x00,0x7f,0x80,0x1f,0xc0,0x00,0x7f,0x80,0x1f,0xc0,0x00,0x7f,0x00,
    0x1f,0xc0,0x00,0x7f,0x00,0x1f,0xc0,0x00,0x7f,0x00,0x1f,0xc0,0x00,0x7f,0x00,0x1f,0xc0,0x00,0x7f,0x00,0x1f,0xe0,0x00,0xff,
    0x00,0x0f,0xe0,0x00,0xfe,0x00,0x0f,0xf0,0x01,0xfe,0x00,0x07,0xf8,0x03,0xfc,0x00,0x07,0xff,0xbf,0xfc,0x00,0x03,0xff,0xff,
    0xf8,0x00,0x01,0xff,0xff,0xf0,0x00,0x00,0xff,0xff,0xe0,0x00,0x00,0x3f,0xff,0x80,0x00,0x00,0x07,0xfc,0x00,0x00,0x00,0x03,
    0xfc,0x00,0x00,0x03,0xf8,0x00,0x00,0x07,0xf0,0x00,0x00,0x0f,0xe0,0x00,0x00,0x1f,0x80,0x00,0x00,0x3f,0x00,0x7e,0x00,0x3e,
    0x00,0x7f,0x00,0x00,0x00,0x7f,0x00,0x00,0x00,0x7e,0x00,0x3f,0xc0,0xfe,0x01,0xff,0xf0,0xfe,0x03,0xff,0xf9,0xfc,0x07,0xff,
    0xff,0xf8,0x0f,0xff,0xff,0xf0,0x1f,0xfb,0xff,0xe0,0x1f,0xe0,0x7f,0x80,0x1f,0xc0,0x7f,0x80,0x3f,0x80,0x3f,0x80,0x3f,0x80,
    0x3f,0x80,0x3f,0x80,0x3f,0x80,0x3f,0x80,0x3f,0x80,0x3f,0x80,0x3f,0x80,0x3f,0x80,0x3f,0x80,0x3f,0x80,0x3f,0x80,0x3f,0x80,
    0x3f,0x80,0x3f,0x80,0x3f,0x80,0x1f,0xc0,0x7f,0x80,0x1f,0xe0,0x7f,0x00,0x0f,0xfb,0xff,0x00,0x0f,0xff,0xfe,0x00,0x07,0xff,
    0xfc,0x00,0x03,0xff,0xf8,0x00,0x01,0xff,0xf0,0x00,0x00,0x3f,0xc0,0x00,0x00,0x7f,0x80,0x00,0x00,0x00,0x3f,0xc0,0x00,0x00,
    0x00,0x1f,0xc0,0x00,0x00,0x00,0x0f,0xe0,0x00,0x00,0x00,0x03,0xf0,0x00,0x00,0x00,0x01,0xf8,0x00,0x00,0x00,0x00,0xfc,0x00,
    0x00,0x00,0x00,0x00,0x01,0xfc,0x00,0x00,0xe0,0x01,0xf8,0x00,0x1f,0xff,0x01,0xf8,0x00,0x7f,0xff,0xc3,0xf8,0x00,0xff,0xff,
    0xf3,0xf0,0x01,0xff,0xff,0xff,0xf0,0x03,0xff,0xff,0xff,0xe0,0x07,0xfc,0x07,0xff,0xc0,0x0f,0xf8,0x03,0xff,0x80,0x0f,0xf0,
    0x01,0xff,0x00,0x0f,0xe0,0x00,0xff,0x00,0x1f,0xe0,0x00,0xff,0x00,0x1f,0xc0,0x00,0x7f,0x00,0x1f,0xc0,0x00,0x7f,0x00,0x1f,
    0xc0,0x00,0x7f,0x00,0x1f,0xc0,0x00,0x7f,0x00,0x1f,0xc0,0x00,0x7f,0x00,0x3f,0xc0,0x00,0x7f,0x80,0x1f,0xc0,0x00,0x7f,0x80,
    0x1f,0xc0,0x00,0x7f,0x00,0x1f,0xc0,0x00,0x7f,0x00,0x1f,0xc0,0x00,0x7f,0x00,0x1f,0xc0,0x00,0x7f,0x00,0x1f,0xc0,0x00,0x7f,
    0x00,0x1f,0xe0,0x00,0xff,0x00,0x0f,0xe0,0x00,0xfe,0x00,0x0f,0xf0,0x01,0xfe,0x00,0x07,0xf8,0x03,0xfc,0x00,0x07,0xff,0xbf,
    0xfc,0x00,0x03,0xff,0xff,0xf8,0x00,0x01,0xff,0xff,0xf0,0x00,0x00,0xff,0xff,0xe0,0x00,0x00,0x3f,0xff,0x80,0x00,0x00,0x07,
    0xfc,0x00,0x00,0x07,0xf8,0x00,0x00,0x03,0xfc,0x00,0x00,0x01,0xfc,0x00,0x00,0x00,0x7e,0x00,0x00,0x00,0x3f,0x00,0x00,0x00,
    0x1f,0x80,0x7e,0x00,0x0f,0xc0,0x7f,0x00,0x00,0x00,0x7f,0x00,0x00,0x00,0x7e,0x00,0x3f,0xc0,0xfe,0x01,0xff,0xf0,0xfe,0x03,
    0xff,0xf9,0xfc,0x07,0xff,0xff,0xf8,0x0f,0xff,0xff,0xf0,0x1f,0xfb,0xff,0xe0,0x1f,0xe0,0x7f,0x80,0x1f,0xc0,0x7f,0x80,0x3f,
    0x80,0x3f,0x80,0x3f,0x80,0x3f,0x80,0x3f,0x80,0x3f,0x80,0x3f,0x80,0x3f,0x80,0x3f,0x80,0x3f,0x80,0x3f,0x80,0x3f,0x80,0x3f,
    0x80,0x3f,0x80,0x3f,0x80,0x3f,0x80,0x3f,0x80,0x3f,0x80,0x1f,0xc0,0x7f,0x80,0x1f,0xe0,0x7f,0x00,0x0f,0xfb,0xff,0x00,0x0f,
    0xff,0xfe,0x00,0x07,0xff,0xfc,0x00,0x03,0xff,0xf8,0x00,0x01,0xff,0xf0,0x00,0x00,0x3f,0xc0,0x00,0x00,0x03,0xf8,0x00,0x00,
    0x00,0x03,0xfc,0x00,0x00,0x00,0x03,0xfe,0x00,0x00,0x00,0x03,0xfe,0x00,0x00,0x00,0x00,0x3f,0x00,0x00,0x00,0x00,0x3e,0x00,
    0x00,0x00,0x00,0x3e,0x00,0x00,0x00,0x00,0xfe,0x00,0x00,0x00,0x00,0xfc,0x00,0x00,0x00,0x00,0xf0,0x00,0x00,0x00,0x00,0xf0,
    0x00,0x00,0x00,0x00,0x00,0x01,0xfc,0x00,0x00,0xe0,0x01,0xf8,0x00,0x1f,0xff,0x01,0xf8,0x00,0x7f,0xff,0xc3,0xf8,0x00,0xff,
    0xff,0xf3,0xf0,0x01,0xff,0xff,0xff,0xf0,0x03,0xff,0xff,0xff,0xe0,0x07,0xfc,0x07,0xff,0xc0,0x0f,0xf8,0x03,0xff,0x80,0x0f,
    0xf0,0x01,0xff,0x00,0x0f,0xe0,0x00,0xff,0x00,0x1f,0xe0,0x00,0xff,0x00,0x1f,0xc0,0x00,0x7f,0x00,0x1f,0xc0,0x00,0x7f,0x00,
    0x1f,0xc0,0x00,0x7f,0x00,0x1f,0xc0,0x00,0x7f,0x00,0x1f,0xc0,0x00,0x7f,0x00,0x3f,0xc0,0x00,0x7f,0x80,0x1f,0xc0,0x00,0x7f,
    0x80,0x1f,0xc0,0x00,0x7f,0x00,0x1f,0xc0,0x00,0x7f,0x00,0x1f,0xc0,0x00,0x7f,0x00,0x1f,0xc0,0x00,0x7f,0x00,0x1f,0xc0,0x00,
    0x7f,0x00,0x1f,0xe0,0x00,0xff,0x00,0x0f,0xe0,0x00,0xfe,0x00,0x0f,0xf0,0x01,0xfe,0x00,0x07,0xf8,0x03,0xfc,0x00,0x07,0xff,
    0xbf,0xfc,0x00,0x03,0xff,0xff,0xf8,0x00,0x01,0xff,0xff,0xf0,0x00,0x00,0xff,0xff,0xe0,0x00,0x00,0x3f,0xff,0x80,0x00,0x00,
    0x07,0xfc,0x00,0x00,0x00,0x3f,0x80,0x00,0x00,0x3f,0xc0,0x00,0x00,0x3f,0xe0,0x00,0x00,0x3f,0xe0,0x00,0x00,0x03,0xe0,0x00,
    0x00,0x03,0xe0,0x00,0x00,0x03,0xe0,0x00,0x00,0x07,0xe0,0x00,0x00,0x0f,0xc0,0x00,0x00,0x0f,0x00,0x00,0x00,0x0f,0x00,0x7f,
    0x00,0x00,0x00,0x7f,0x00,0x00,0x00,0x7e,0x00,0x3f,0xc0,0xfe,0x01,0xff,0xf0,0xfe,0x03,0xff,0xf9,0xfc,0x07,0xff,0xff,0xf8,
    0x0f,0xff,0xff,0xf0,0x1f,0xfb,0xff,0xe0,0x1f,0xe0,0x7f,0x80,0x1f,0xc0,0x7f,0x80,0x3f,0x80,0x3f,0x80,0x3f,0x80,0x3f,0x80,
    0x3f,0x80,0x3f,0x80,0x3f,0x80,0x3f,0x80,0x3f,0x80,0x3f,0x80,0x3f,0x80,0x3f,0x80,0x3f,0x80,0x3f,0x80,0x3f,0x80,0x3f,0x80,
    0x3f,0x80,0x3f,0x80,0x1f,0xc0,0x7f,0x80,0x1f,0xe0,0x7f,0x00,0x0f,0xfb,0xff,0x00,0x0f,0xff,0xfe,0x00,0x07,0xff,0xfc,0x00,
    0x03,0xff,0xf8,0x00,0x01,0xff,0xf0,0x00,0x00,0x3f,0xc0,0x00,0x00,0x0f,0x01,0xc0,0x00,0x00,0x1f,0xc1,0xc0,0x00,0x00,0x3f,
    0xf3,0xc0,0x00,0x00,0x7f,0xff,0xc0,0x00,0x00,0x79,0xff,0x80,0x00,0x00,0x70,0x7f,0x00,0x00,0x00,0x70,0x1e,0x00,0x00,0x00,
    0x00,0x00,0x01,0xfc,0x00,0x00,0xe0,0x01,0xf8,0x00,0x1f,0xff,0x01,0xf8,0x00,0x7f,0xff,0xc3,0xf8,0x00,0xff,0xff,0xf3,0xf0,
    0x01,0xff,0xff,0xff,0xf0,0x03,0xff,0xff,0xff,0xe0,0x07,0xfc,0x07,0xff,0xc0,0x0f,0xf8,0x03,0xff,0x80,0x0f,0xf0,0x01,0xff,
    0x00,0x0f,0xe0,0x00,0xff,0x00,0x1f,0xe0,0x00,0xff,0x00,0x1f,0xc0,0x00,0x7f,0x00,0x1f,0xc0,0x00,0x7f,0x00,0x1f,0xc0,0x00,
    0x7f,0x00,0x1f,0xc0,0x00,0x7f,0x00,0x1f,0xc0,0x00,0x7f,0x00,0x3f,0xc0,0x00,0x7f,0x80,0x1f,0xc0,0x00,0x7f,0x80,0x1f,0xc0,
    0x00,0x7f,0x00,0x1f,0xc0,0x00,0x7f,0x00,0x1f,0xc0,0x00,0x7f,0x00,0x1f,0xc0,0x00,0x7f,0x00,0x1f,0xc0,0x00,0x7f,0x00,0x1f,
    0xe0,0x00,0xff,0x00,0x0f,0xe0,0x00,0xfe,0x00,0x0f,0xf0,0x01,0xfe,0x00,0x07,0xf8,0x03,0xfc,0x00,0x07,0xff,0xbf,0xfc,0x00,
    0x03,0xff,0xff,0xf8,0x00,0x01,0xff,0xff,0xf0,0x00,0x00,0xff,0xff,0xe0,0x00,0x00,0x3f,0xff,0x80,0x00,0x00,0x07,0xfc,0x00,
    0x00,0x00,0xf0,0x1e,0x00,0x01,0xfc,0x1c,0x00,0x03,0xff,0x3c,0x00,0x07,0xff,0xfc,0x00,0x07,0x8f,0xf8,0x00,0x07,0x07,0xf0,
    0x7e,0x07,0x01,0xe0,0x7f,0x00,0x00,0x00,0x7f,0x00,0x00,0x00,0x7e,0x00,0x3f,0xc0,0xfe,0x01,0xff,0xf0,0xfe,0x03,0xff,0xf9,
    0xfc,0x07,0xff,0xff,0xf8,0x0f,0xff,0xff,0xf0,0x1f,0xfb,0xff,0xe0,0x1f,0xe0,0x7f,0x80,0x1f,0xc0,0x7f,0x80,0x3f,0x80,0x3f,
    0x80,0x3f,0x80,0x3f,0x80,0x3f,0x80,0x3f,0x80,0x3f,0x80,0x3f,0x80,0x3f,0x80,0x3f,0x80,0x3f,0x80,0x3f,0x80,0x3f,0x80,0x3f,
    0x80,0x3f,0x80,0x3f,0x80,0x3f,0x80,0x3f,0x80,0x1f,0xc0,0x7f,0x80,0x1f,0xe0,0x7f,0x00,0x0f,0xfb,0xff,0x00,0x0f,0xff,0xfe,
    0x00,0x07,0xff,0xfc,0x00,0x03,0xff,0xf8,0x00,0x01,0xff,0xf0,0x00,0x00,0x3f,0xc0,0x00,0x00,0x00,0x00,0x01,0xfc,0x00,0x00,
    0xe0,0x01,0xf8,0x00,0x1f,0xff,0x01,0xf8,0x00,0x7f,0xff,0xc3,0xf8,0x00,0xff,0xff,0xf3,0xf0,0x01,0xff,0xff,0xff,0xf0,0x03,
    0xff,0xff,0xff,0xe0,0x07,0xfc,0x07,0xff,0xc0,0x0f,0xf8,0x03,0xff,0x80,0x0f,0xf0,0x01,0xff,0x00,0x0f,0xe0,0x00,0xff,0x00,
    0x1f,0xe0,0x00,0xff,0x00,0x1f,0xc0,0x00,0x7f,0x00,0x1f,0xc0,0x00,0x7f,0x00,0x1f,0xc0,0x00,0x7f,0x00,0x1f,0xc0,0x00,0x7f,
    0x00,0x1f,0xc0,0x00,0x7f,0x00,0x3f,0xc0,0x00,0x7f,0x80,0x1f,0xc0,0x00,0x7f,0x80,0x1f,0xc0,0x00,0x7f,0x00,0x1f,0xc0,0x00,
    0x7f,0x00,0x1f,0xc0,0x00,0x7f,0x00,0x1f,0xc0,0x00,0x7f,0x00,0x1f,0xc0,0x00,0x7f,0x00,0x1f,0xe0,0x00,0xff,0x00,0x0f,0xe0,
    0x00,0xfe,0x00,0x0f,0xf0,0x01,0xfe,0x00,0x07,0xf8,0x03,0xfc,0x00,0x07,0xff,0xbf,0xfc,0x00,0x03,0xff,0xff,0xf8,0x00,0x01,
    0xff,0xff,0xf0,0x00,0x00,0xff,0xff,0xe0,0x00,0x00,0x3f,0xff,0x80,0x00,0x00,0x07,0xfc,0x00,0x00,0x00,0x00,0x00,0x00,0x00,
    0x00,0x00,0x00,0x00,0x00,0x00,0x01,0xf0,0x00,0x00,0x00,0x03,0xf8,0x00,0x00,0x00,0x03,0xf8,0x00,0x00,0x00,0x03,0xf8,0x00,
    0x00,0x00,0x03,0xf8,0x00,0x00,0x00,0x03,0xf8,0x00,0x00,0x00,0x01,0xf0,0x00,0x00,0x00,0x00,0x00,0x7e,0x00,0x00,0x00,0x7f,
    0x00,0x00,0x00,0x7f,0x00,0x00,0x00,0x7e,0x00,0x3f,0xc0,0xfe,0x01,0xff,0xf0,0xfe,0x03,0xff,0xf9,0xfc,0x07,0xff,0xff,0xf8,
    0x0f,0xff,0xff,0xf0,0x1f,0xfb,0xff,0xe0,0x1f,0xe0,0x7f,0x80,0x1f,0xc0,0x7f,0x80,0x3f,0x80,0x3f,0x80,0x3f,0x80,0x3f,0x80,
    0x3f,0x80,0x3f,0x80,0x3f,0x80,0x3f,0x80,0x3f,0x80,0x3f,0x80,0x3f,0x80,0x3f,0x80,0x3f,0x80,0x3f,0x80,0x3f,0x80,0x3f,0x80,
    0x3f,0x80,0x3f,0x80,0x1f,0xc0,0x7f,0x80,0x1f,0xe0,0x7f,0x00,0x0f,0xfb,0xff,0x00,0x0f,0xff,0xfe,0x00,0x07,0xff,0xfc,0x00,
    0x03,0xff,0xf8,0x00,0x01,0xff,0xf0,0x00,0x00,0x3f,0xc0,0x00,0x00,0x00,0x00,0x00,0x00,0x00,0x00,0x00,0x00,0x0f,0x00,0x00,
    0x00,0x3f,0x80,0x00,0x00,0x3f,0x80,0x00,0x00,0x3f,0x80,0x00,0x00,0x3f,0x80,0x00,0x00,0x3f,0x80,0x00,0x00,0x0f,0x00,0x00,
    0x0f,0xc0,0x01,0xfc,0x00,0x0f,0xc0,0x01,0xfc,0x00,0x0f,0xc0,0x01,0xfc,0x00,0x0f,0xc0,0x01,0xfc,0x00,0x0f,0xc0,0x01,0xfc,
    0x00,0x0f,0xc0,0x01,0xfc,0x00,0x0f,0xc0,0x01,0xfc,0x00,0x0f,0xc0,0x01,0xfc,0x00,0x0f,0xc0,0x01,0xfc,0x00,0x0f,0xc0,0x01,
    0xfc,0x00,0x0f,0xc0,0x01,0xfc,0x00,0x0f,0xc0,0x01,0xfc,0x00,0x0f,0xc0,0x01,0xfc,0x00,0x0f,0xc0,0x01,0xfc,0x00,0x0f,0xc0,
    0x01,0xfc,0x00,0x0f,0xc0,0x01,0xfc,0x00,0x0f,0xc0,0x01,0xfc,0x00,0x0f,0xc0,0x01,0xfc,0x00,0x0f,0xc0,0x01,0xfc,0x00,0x0f,
    0xc0,0x01,0xfc,0x00,0x0f,0xe0,0x01,0xfc,0x00,0x0f,0xe0,0x01,0xfc,0x00,0x0f,0xe0,0x03,0xf8,0x00,0x0f,0xe0,0x03,0xf8,0x00,
    0x0f,0xf0,0x03,0xf8,0x00,0x07,0xf8,0x07,0xf8,0x00,0x07,0xff,0x7f,0xf0,0x00,0x03,0xff,0xff,0xe0,0x00,0x01,0xff,0xff,0xe0,
    0x00,0x00,0xff,0xff,0x80,0x00,0x00,0x7f,0xff,0x00,0x00,0x00,0x0f,0xf8,0x00,0x00,0x00,0x00,0x00,0x00,0x00,0x00,0x00,0x00,
    0x00,0x00,0x00,0x03,0xe0,0x00,0x00,0x00,0x07,0xf0,0x00,0x00,0x00,0x07,0xf0,0x00,0x00,0x00,0x07,0xf0,0x00,0x00,0x00,0x07,
    0xf0,0x00,0x00,0x00,0x07,0xf0,0x00,0x00,0x00,0x03,0xe0,0x00,0x00,0x1f,0xc0,0x1f,0xc0,0x1f,0xc0,0x1f,0xc0,0x1f,0xc0,0x1f,
    0xc0,0x1f,0xc0,0x1f,0xc0,0x1f,0xc0,0x1f,0xc0,0x1f,0xc0,0x1f,0xc0,0x1f,0xc0,0x1f,0xc0,0x1f,0xc0,0x1f,0xc0,0x1f,0xc0,0x1f,
    0xc0,0x1f,0xc0,0x1f,0xc0,0x1f,0xc0,0x1f,0xc0,0x1f,0xc0,0x1f,0xc0,0x1f,0xc0,0x1f,0xc0,0x1f,0xc0,0x1f,0xc0,0x1f,0xc0,0x1f,
    0xc0,0x1f,0xc0,0x3f,0xc0,0x1f,0xc0,0x3f,0xc0,0x1f,0xc0,0x3f,0xc0,0x1f,0xe0,0x7f,0xc0,0x0f,0xfb,0xff,0xc0,0x0f,0xff,0xff,
    0xc0,0x0f,0xff,0xff,0xc0,0x07,0xff,0xcf,0xc0,0x03,0xff,0x8f,0xc0,0x00,0xfe,0x0f,0xc0,0x00,0x00,0x00,0x00,0x00,0x00,0x00,
    0x00,0x00,0x0f,0x00,0x00,0x00,0x1f,0x80,0x00,0x00,0x3f,0x80,0x00,0x00,0x3f,0xc0,0x00,0x00,0x3f,0x80,0x00,0x00,0x1f,0x80,
    0x00,0x00,0x0f,0x00,0x00,0x00,0x0f,0xe0,0x00,0x00,0x00,0x0f,0xf8,0x00,0x00,0x00,0x0f,0xf8,0x00,0x00,0x00,0x0f,0xfc,0x00,
    0x00,0x00,0x00,0xfc,0x00,0x00,0x00,0x00,0x7c,0x00,0x00,0x00,0x00,0xfc,0x00,0x00,0x00,0x01,0xf8,0x00,0x00,0x00,0x03,0xf0,
    0x00,0x00,0x00,0x03,0xe0,0x00,0x00,0x00,0x03,0xc0,0x00,0x00,0x00,0x00,0x00,0x00,0x00,0x00,0x00,0x00,0x00,0x00,0x0f,0xc0,
    0x01,0xfc,0x00,0x0f,0xc0,0x01,0xfc,0x00,0x0f,0xc0,0x01,0xfc,0x00,0x0f,0xc0,0x01,0xfc,0x00,0x0f,0xc0,0x01,0xfc,0x00,0x0f,
    0xc0,0x01,0xfc,0x00,0x0f,0xc0,0x01,0xfc,0x00,0x0f,0xc0,0x01,0xfc,0x00,0x0f,0xc0,0x01,0xfc,0x00,0x0f,0xc0,0x01,0xfc,0x00,
    0x0f,0xc0,0x01,0xfc,0x00,0x0f,0xc0,0x01,0xfc,0x00,0x0f,0xc0,0x01,0xfc,0x00,0x0f,0xc0,0x01,0xfc,0x00,0x0f,0xc0,0x01,0xfc,
    0x00,0x0f,0xc0,0x01,0xfc,0x00,0x0f,0xc0,0x01,0xfc,0x00,0x0f,0xc0,0x01,0xfc,0x00,0x0f,0xc0,0x01,0xfc,0x00,0x0f,0xc0,0x01,
    0xfc,0x00,0x0f,0xe0,0x01,0xfc,0x00,0x0f,0xe0,0x01,0xfc,0x00,0x0f,0xe0,0x03,0xf8,0x00,0x0f,0xe0,0x03,0xf8,0x00,0x0f,0xf0,
    0x03,0xf8,0x00,0x07,0xf8,0x07,0xf8,0x00,0x07,0xff,0x7f,0xf0,0x00,0x03,0xff,0xff,0xe0,0x00,0x01,0xff,0xff,0xe0,0x00,0x00,
    0xff,0xff,0x80,0x00,0x00,0x7f,0xff,0x00,0x00,0x00,0x0f,0xf8,0x00,0x00,0x00,0x3f,0x80,0x00,0x00,0x3f,0xe0,0x00,0x00,0x3f,
    0xe0,0x00,0x00,0x3f,0xf0,0x00,0x00,0x03,0xf0,0x00,0x00,0x03,0xf0,0x00,0x00,0x03,0xf0,0x00,0x00,0x0f,0xe0,0x00,0x00,0x0f,
    0xc0,0x00,0x00,0x0f,0x00,0x00,0x00,0x0f,0x00,0x00,0x00,0x00,0x00,0x00,0x00,0x00,0x00,0x00,0x1f,0xc0,0x1f,0xc0,0x1f,0xc0,
    0x1f,0xc0,0x1f,0xc0,0x1f,0xc0,0x1f,0xc0,0x1f,0xc0,0x1f,0xc0,0x1f,0xc0,0x1f,0xc0,0x1f,0xc0,0x1f,0xc0,0x1f,0xc0,0x1f,0xc0,
    0x1f,0xc0,0x1f,0xc0,0x1f,0xc0,0x1f,0xc0,0x1f,0xc0,0x1f,0xc0,0x1f,0xc0,0x1f,0xc0,0x1f,0xc0,0x1f,0xc0,0x1f,0xc0,0x1f,0xc0,
    0x1f,0xc0,0x1f,0xc0,0x1f,0xc0,0x1f,0xc0,0x3f,0xc0,0x1f,0xc0,0x3f,0xc0,0x1f,0xc0,0x3f,0xc0,0x1f,0xe0,0x7f,0xc0,0x0f,0xfb,
    0xff,0xc0,0x0f,0xff,0xff,0xc0,0x0f,0xff,0xff,0xc0,0x07,0xff,0xcf,0xc0,0x03,0xff,0x8f,0xc0,0x00,0xfe,0x0f,0xc0,0x00,0x00,
    0x7f,0x80,0x00,0x00,0x00,0x7f,0x00,0x00,0x00,0x00,0xfe,0x00,0x00,0x00,0x01,0xfc,0x00,0x00,0x00,0x03,0xf0,0x00,0x00,0x00,
    0x07,0xe0,0x00,0x00,0x00,0x07,0xc0,0x00,0x00,0x00,0x00,0x00,0x00,0xfe,0x00,0x00,0x00,0x00,0xfe,0x0f,0xc0,0x01,0xfc,0xfe,
    0x0f,0xc0,0x01,0xfc,0xfe,0x0f,0xc0,0x01,0xfc,0xfc,0x0f,0xc0,0x01,0xfd,0xfc,0x0f,0xc0,0x01,0xff,0xf8,0x0f,0xc0,0x01,0xff,
    0xf0,0x0f,0xc0,0x01,0xff,0xe0,0x0f,0xc0,0x01,0xff,0x80,0x0f,0xc0,0x01,0xfc,0x00,0x0f,0xc0,0x01,0xfc,0x00,0x0f,0xc0,0x01,
    0xfc,0x00,0x0f,0xc0,0x01,0xfc,0x00,0x0f,0xc0,0x01,0xfc,0x00,0x0f,0xc0,0x01,0xfc,0x00,0x0f,0xc0,0x01,0xfc,0x00,0x0f,0xc0,
    0x01,0xfc,0x00,0x0f,0xc0,0x01,0xfc,0x00,0x0f,0xc0,0x01,0xfc,0x00,0x0f,0xc0,0x01,0xfc,0x00,0x0f,0xc0,0x01,0xfc,0x00,0x0f,
    0xc0,0x01,0xfc,0x00,0x0f,0xe0,0x01,0xfc,0x00,0x0f,0xe0,0x01,0xf8,0x00,0x0f,0xe0,0x03,0xf8,0x00,0x0f,0xf0,0x03,0xf8,0x00,
    0x07,0xf8,0x07,0xf8,0x00,0x07,0xff,0x7f,0xf0,0x00,0x03,0xff,0xff,0xe0,0x00,0x01,0xff,0xff,0xe0,0x00,0x00,0xff,0xff,0x80,
    0x00,0x00,0x7f,0xff,0x00,0x00,0x00,0x0f,0xf8,0x00,0x00,0x00,0x01,0xfe,0x00,0x00,0x00,0x03,0xfc,0x00,0x00,0x00,0x03,0xf8,
    0x00,0x00,0x00,0x07,0xf0,0x00,0x00,0x00,0x0f,0xc0,0x00,0x00,0x00,0x1f,0x80,0x07,0xe0,0x00,0x1f,0x00,0x07,0xe0,0x00,0x00,
    0x00,0x0f,0xe0,0x00,0x00,0x00,0x0f,0xe0,0x1f,0xc0,0x1f,0xcf,0xc0,0x1f,0xc0,0x1f,0xdf,0xc0,0x1f,0xc0,0x1f,0xff,0x80,0x1f,
    0xc0,0x1f,0xff,0x80,0x1f,0xc0,0x1f,0xff,0x00,0x1f,0xc0,0x1f,0xfc,0x00,0x1f,0xc0,0x1f,0xe0,0x00,0x1f,0xc0,0x1f,0xc0,0x00,
    0x1f,0xc0,0x1f,0xc0,0x00,0x1f,0xc0,0x1f,0xc0,0x00,0x1f,0xc0,0x1f,0xc0,0x00,0x1f,0xc0,0x1f,0xc0,0x00,0x1f,0xc0,0x1f,0xc0,
    0x00,0x1f,0xc0,0x1f,0xc0,0x00,0x1f,0xc0,0x1f,0xc0,0x00,0x1f,0xc0,0x3f,0xc0,0x00,0x1f,0xc0,0x3f,0xc0,0x00,0x1f,0xc0,0x3f,
    0xc0,0x00,0x1f,0xe0,0x7f,0xc0,0x00,0x0f,0xfb,0xff,0xc0,0x00,0x0f,0xff,0xff,0xc0,0x00,0x0f,0xff,0xef,0xc0,0x00,0x07,0xff,
    0xcf,0xc0,0x00,0x03,0xff,0x8f,0xc0,0x00,0x00,0xfe,0x0f,0xc0,0x00,0x00,0xff,0x00,0x00,0x00,0x00,0x7f,0x80,0x00,0x00,0x00,
    0x3f,0x80,0x00,0x00,0x00,0x0f,0xc0,0x00,0x00,0x00,0x07,0xe0,0x00,0x00,0x00,0x03,0xf0,0x00,0x00,0x00,0x01,0xf8,0x00,0x00,
    0x00,0x00,0x00,0x00,0xfe,0x00,0x00,0x00,0x00,0xfe,0x0f,0xc0,0x01,0xfc,0xfe,0x0f,0xc0,0x01,0xfc,0xfe,0x0f,0xc0,0x01,0xfc,
    0xfc,0x0f,0xc0,0x01,0xfd,0xfc,0x0f,0xc0,0x01,0xff,0xf8,0x0f,0xc0,0x01,0xff,0xf0,0x0f,0xc0,0x01,0xff,0xe0,0x0f,0xc0,0x01,
    0xff,0x80,0x0f,0xc0,0x01,0xfc,0x00,0x0f,0xc0,0x01,0xfc,0x00,0x0f,0xc0,0x01,0xfc,0x00,0x0f,0xc0,0x01,0xfc,0x00,0x0f,0xc0,
    0x01,0xfc,0x00,0x0f,0xc0,0x01,0xfc,0x00,0x0f,0xc0,0x01,0xfc,0x00,0x0f,0xc0,0x01,0xfc,0x00,0x0f,0xc0,0x01,0xfc,0x00,0x0f,
    0xc0,0x01,0xfc,0x00,0x0f,0xc0,0x01,0xfc,0x00,0x0f,0xc0,0x01,0xfc,0x00,0x0f,0xc0,0x01,0xfc,0x00,0x0f,0xe0,0x01,0xfc,0x00,
    0x0f,0xe0,0x01,0xf8,0x00,0x0f,0xe0,0x03,0xf8,0x00,0x0f,0xf0,0x03,0xf8,0x00,0x07,0xf8,0x07,0xf8,0x00,0x07,0xff,0x7f,0xf0,
    0x00,0x03,0xff,0xff,0xe0,0x00,0x01,0xff,0xff,0xe0,0x00,0x00,0xff,0xff,0x80,0x00,0x00,0x7f,0xff,0x00,0x00,0x00,0x0f,0xf8,
    0x00,0x00,0x03,0xfc,0x00,0x00,0x00,0x01,0xfe,0x00,0x00,0x00,0x00,0xfe,0x00,0x00,0x00,0x00,0x7f,0x00,0x00,0x00,0x00,0x1f,
    0x80,0x00,0x00,0x00,0x0f,0xc0,0x07,0xe0,0x00,0x07,0xc0,0x07,0xe0,0x00,0x00,0x00,0x0f,0xe0,0x00,0x00,0x00,0x0f,0xe0,0x1f,
    0xc0,0x1f,0xcf,0xc0,0x1f,0xc0,0x1f,0xdf,0xc0,0x1f,0xc0,0x1f,0xff,0x80,0x1f,0xc0,0x1f,0xff,0x80,0x1f,0xc0,0x1f,0xff,0x00,
    0x1f,0xc0,0x1f,0xfc,0x00,0x1f,0xc0,0x1f,0xe0,0x00,0x1f,0xc0,0x1f,0xc0,0x00,0x1f,0xc0,0x1f,0xc0,0x00,0x1f,0xc0,0x1f,0xc0,
    0x00,0x1f,0xc0,0x1f,0xc0,0x00,0x1f,0xc0,0x1f,0xc0,0x00,0x1f,0xc0,0x1f,0xc0,0x00,0x1f,0xc0,0x1f,0xc0,0x00,0x1f,0xc0,0x1f,
    0xc0,0x00,0x1f,0xc0,0x3f,0xc0,0x00,0x1f,0xc0,0x3f,0xc0,0x00,0x1f,0xc0,0x3f,0xc0,0x00,0x1f,0xe0,0x7f,0xc0,0x00,0x0f,0xfb,
    0xff,0xc0,0x00,0x0f,0xff,0xff,0xc0,0x00,0x0f,0xff,0xef,0xc0,0x00,0x07,0xff,0xcf,0xc0,0x00,0x03,0xff,0x8f,0xc0,0x00,0x00,
    0xfe,0x0f,0xc0,0x00,0x00,0x07,0xe0,0x00,0x00,0x00,0x0f,0xf8,0x00,0x00,0x00,0x0f,0xfc,0x00,0x00,0x00,0x0f,0xfc,0x00,0x00,
    0x00,0x00,0xfc,0x00,0x00,0x00,0x00,0x7c,0x00,0x00,0x00,0x00,0x7c,0x00,0x00,0x00,0x01,0xf8,0x00,0x00,0x00,0x03,0xf0,0x00,
    0x00,0x00,0x03,0xe0,0x00,0x00,0x00,0x01,0xe0,0x00,0x00,0x00,0x00,0x00,0x00,0xfe,0x00,0x00,0x00,0x00,0xfe,0x0f,0xc0,0x01,
    0xfc,0xfe,0x0f,0xc0,0x01,0xfc,0xfe,0x0f,0xc0,0x01,0xfc,0xfc,0x0f,0xc0,0x01,0xfd,0xfc,0x0f,0xc0,0x01,0xff,0xf8,0x0f,0xc0,
    0x01,0xff,0xf0,0x0f,0xc0,0x01,0xff,0xe0,0x0f,0xc0,0x01,0xff,0x80,0x0f,0xc0,0x01,0xfc,0x00,0x0f,0xc0,0x01,0xfc,0x00,0x0f,
    0xc0,0x01,0xfc,0x00,0x0f,0xc0,0x01,0xfc,0x00,0x0f,0xc0,0x01,0xfc,0x00,0x0f,0xc0,0x01,0xfc,0x00,0x0f,0xc0,0x01,0xfc,0x00,
    0x0f,0xc0,0x01,0xfc,0x00,0x0f,0xc0,0x01,0xfc,0x00,0x0f,0xc0,0x01,0xfc,0x00,0x0f,0xc0,0x01,0xfc,0x00,0x0f,0xc0,0x01,0xfc,
    0x00,0x0f,0xc0,0x01,0xfc,0x00,0x0f,0xe0,0x01,0xfc,0x00,0x0f,0xe0,0x01,0xf8,0x00,0x0f,0xe0,0x03,0xf8,0x00,0x0f,0xf0,0x03,
    0xf8,0x00,0x07,0xf8,0x07,0xf8,0x00,0x07,0xff,0x7f,0xf0,0x00,0x03,0xff,0xff,0xe0,0x00,0x01,0xff,0xff,0xe0,0x00,0x00,0xff,
    0xff,0x80,0x00,0x00,0x7f,0xff,0x00,0x00,0x00,0x0f,0xf8,0x00,0x00,0x00,0x3f,0x80,0x00,0x00,0x00,0x3f,0xe0,0x00,0x00,0x00,
    0x3f,0xe0,0x00,0x00,0x00,0x3f,0xf0,0x00,0x00,0x00,0x03,0xf0,0x00,0x00,0x00,0x01,0xf0,0x00,0x00,0x00,0x03,0xf0,0x00,0x00,
    0x00,0x0f,0xe0,0x00,0x00,0x00,0x0f,0xc0,0x00,0x00,0x00,0x0f,0x00,0x07,0xe0,0x00,0x0f,0x00,0x07,0xe0,0x00,0x00,0x00,0x0f,
    0xe0,0x00,0x00,0x00,0x0f,0xe0,0x1f,0xc0,0x1f,0xcf,0xc0,0x1f,0xc0,0x1f,0xdf,0xc0,0x1f,0xc0,0x1f,0xff,0x80,0x1f,0xc0,0x1f,
    0xff,0x80,0x1f,0xc0,0x1f,0xff,0x00,0x1f,0xc0,0x1f,0xfc,0x00,0x1f,0xc0,0x1f,0xe0,0x00,0x1f,0xc0,0x1f,0xc0,0x00,0x1f,0xc0,
    0x1f,0xc0,0x00,0x1f,0xc0,0x1f,0xc0,0x00,0x1f,0xc0,0x1f,0xc0,0x00,0x1f,0xc0,0x1f,0xc0,0x00,0x1f,0xc0,0x1f,0xc0,0x00,0x1f,
    0xc0,0x1f,0xc0,0x00,0x1f,0xc0,0x1f,0xc0,0x00,0x1f,0xc0,0x3f,0xc0,0x00,0x1f,0xc0,0x3f,0xc0,0x00,0x1f,0xc0,0x3f,0xc0,0x00,
    0x1f,0xe0,0x7f,0xc0,0x00,0x0f,0xfb,0xff,0xc0,0x00,0x0f,0xff,0xff,0xc0,0x00,0x0f,0xff,0xef,0xc0,0x00,0x07,0xff,0xcf,0xc0,
    0x00,0x03,0xff,0x8f,0xc0,0x00,0x00,0xfe,0x0f,0xc0,0x00,0x00,0x1e,0x03,0xc0,0x00,0x00,0x3f,0x83,0x80,0x00,0x00,0x7f,0xe7,
    0x80,0x00,0x00,0xff,0xff,0x80,0x00,0x00,0xf1,0xff,0x00,0x00,0x00,0xe0,0xfe,0x00,0x00,0x00,0xe0,0x3c,0x00,0x00,0x00,0x00,
    0x00,0x00,0xfe,0x00,0x00,0x00,0x00,0xfe,0x0f,0xc0,0x01,0xfc,0xfe,0x0f,0xc0,0x01,0xfc,0xfe,0x0f,0xc0,0x01,0xfc,0xfc,0x0f,
    0xc0,0x01,0xfd,0xfc,0x0f,0xc0,0x01,0xff,0xf8,0x0f,0xc0,0x01,0xff,0xf0,0x0f,0xc0,0x01,0xff,0xe0,0x0f,0xc0,0x01,0xff,0x80,
    0x0f,0xc0,0x01,0xfc,0x00,0x0f,0xc0,0x01,0xfc,0x00,0x0f,0xc0,0x01,0xfc,0x00,0x0f,0xc0,0x01,0xfc,0x00,0x0f,0xc0,0x01,0xfc,
    0x00,0x0f,0xc0,0x01,0xfc,0x00,0x0f,0xc0,0x01,0xfc,0x00,0x0f,0xc0,0x01,0xfc,0x00,0x0f,0xc0,0x01,0xfc,0x00,0x0f,0xc0,0x01,
    0xfc,0x00,0x0f,0xc0,0x01,0xfc,0x00,0x0f,0xc0,0x01,0xfc,0x00,0x0f,0xc0,0x01,0xfc,0x00,0x0f,0xe0,0x01,0xfc,0x00,0x0f,0xe0,
    0x01,0xf8,0x00,0x0f,0xe0,0x03,0xf8,0x00,0x0f,0xf0,0x03,0xf8,0x00,0x07,0xf8,0x07,0xf8,0x00,0x07,0xff,0x7f,0xf0,0x00,0x03,
    0xff,0xff,0xe0,0x00,0x01,0xff,0xff,0xe0,0x00,0x00,0xff,0xff,0x80,0x00,0x00,0x7f,0xff,0x00,0x00,0x00,0x0f,0xf8,0x00,0x00,
    0x00,0x78,0x0e,0x00,0x00,0x00,0xfe,0x0e,0x00,0x00,0x01,0xff,0x1e,0x00,0x00,0x03,0xff,0xfe,0x00,0x00,0x03,0xcf,0xfc,0x00,
    0x00,0x03,0x83,0xf8,0x07,0xe0,0x03,0x80,0xf0,0x07,0xe0,0x00,0x00,0x00,0x0f,0xe0,0x00,0x00,0x00,0x0f,0xe0,0x1f,0xc0,0x1f,
    0xcf,0xc0,0x1f,0xc0,0x1f,0xdf,0xc0,0x1f,0xc0,0x1f,0xff,0x80,0x1f,0xc0,0x1f,0xff,0x80,0x1f,0xc0,0x1f,0xff,0x00,0x1f,0xc0,
    0x1f,0xfc,0x00,0x1f,0xc0,0x1f,0xe0,0x00,0x1f,0xc0,0x1f,0xc0,0x00,0x1f,0xc0,0x1f,0xc0,0x00,0x1f,0xc0,0x1f,0xc0,0x00,0x1f,
    0xc0,0x1f,0xc0,0x00,0x1f,0xc0,0x1f,0xc0,0x00,0x1f,0xc0,0x1f,0xc0,0x00,0x1f,0xc0,0x1f,0xc0,0x00,0x1f,0xc0,0x1f,0xc0,0x00,
    0x1f,0xc0,0x3f,0xc0,0x00,0x1f,0xc0,0x3f,0xc0,0x00,0x1f,0xc0,0x3f,0xc0,0x00,0x1f,0xe0,0x7f,0xc0,0x00,0x0f,0xfb,0xff,0xc0,
    0x00,0x0f,0xff,0xff,0xc0,0x00,0x0f,0xff,0xef,0xc0,0x00,0x07,0xff,0xcf,0xc0,0x00,0x03,0xff,0x8f,0xc0,0x00,0x00,0xfe,0x0f,
    0xc0,0x00,0x00,0x00,0x00,0x00,0xfe,0x00,0x00,0x00,0x00,0xfe,0x0f,0xc0,0x01,0xfc,0xfe,0x0f,0xc0,0x01,0xfc,0xfe,0x0f,0xc0,
    0x01,0xfc,0xfc,0x0f,0xc0,0x01,0xfd,0xfc,0x0f,0xc0,0x01,0xff,0xf8,0x0f,0xc0,0x01,0xff,0xf0,0x0f,0xc0,0x01,0xff,0xe0,0x0f,
    0xc0,0x01,0xff,0x80,0x0f,0xc0,0x01,0xfc,0x00,0x0f,0xc0,0x01,0xfc,0x00,0x0f,0xc0,0x01,0xfc,0x00,0x0f,0xc0,0x01,0xfc,0x00,
    0x0f,0xc0,0x01,0xfc,0x00,0x0f,0xc0,0x01,0xfc,0x00,0x0f,0xc0,0x01,0xfc,0x00,0x0f,0xc0,0x01,0xfc,0x00,0x0f,0xc0,0x01,0xfc,
    0x00,0x0f,0xc0,0x01,0xfc,0x00,0x0f,0xc0,0x01,0xfc,0x00,0x0f,0xc0,0x01,0xfc,0x00,0x0f,0xc0,0x01,0xfc,0x00,0x0f,0xe0,0x01,
    0xfc,0x00,0x0f,0xe0,0x01,0xf8,0x00,0x0f,0xe0,0x03,0xf8,0x00,0x0f,0xf0,0x03,0xf8,0x00,0x07,0xf8,0x07,0xf8,0x00,0x07,0xff,
    0x7f,0xf0,0x00,0x03,0xff,0xff,0xe0,0x00,0x01,0xff,0xff,0xe0,0x00,0x00,0xff,0xff,0x80,0x00,0x00,0x7f,0xff,0x00,0x00,0x00,
    0x0f,0xf8,0x00,0x00,0x00,0x00,0x00,0x00,0x00,0x00,0x00,0x00,0x00,0x00,0x00,0x03,0xe0,0x00,0x00,0x00,0x07,0xf0,0x00,0x00,
    0x00,0x07,0xf0,0x00,0x00,0x00,0x07,0xf0,0x00,0x00,0x00,0x07,0xf0,0x00,0x00,0x00,0x07,0xf0,0x00,0x00,0x00,0x03,0xe0,0x00,
    0x00,0x00,0x00,0x00,0x07,0xe0,0x00,0x00,0x00,0x07,0xe0,0x00,0x00,0x00,0x0f,0xe0,0x00,0x00,0x00,0x0f,0xe0,0x1f,0xc0,0x1f,
    0xcf,0xc0,0x1f,0xc0,0x1f,0xdf,0xc0,0x1f,0xc0,0x1f,0xff,0x80,0x1f,0xc0,0x1f,0xff,0x80,0x1f,0xc0,0x1f,0xff,0x00,0x1f,0xc0,
    0x1f,0xfc,0x00,0x1f,0xc0,0x1f,0xe0,0x00,0x1f,0xc0,0x1f,0xc0,0x00,0x1f,0xc0,0x1f,0xc0,0x00,0x1f,0xc0,0x1f,0xc0,0x00,0x1f,
    0xc0,0x1f,0xc0,0x00,0x1f,0xc0,0x1f,0xc0,0x00,0x1f,0xc0,0x1f,0xc0,0x00,0x1f,0xc0,0x1f,0xc0,0x00,0x1f,0xc0,0x1f,0xc0,0x00,
    0x1f,0xc0,0x3f,0xc0,0x00,0x1f,0xc0,0x3f,0xc0,0x00,0x1f,0xc0,0x3f,0xc0,0x00,0x1f,0xe0,0x7f,0xc0,0x00,0x0f,0xfb,0xff,0xc0,
    0x00,0x0f,0xff,0xff,0xc0,0x00,0x0f,0xff,0xef,0xc0,0x00,0x07,0xff,0xcf,0xc0,0x00,0x03,0xff,0x8f,0xc0,0x00,0x00,0xfe,0x0f,
    0xc0,0x00,0x00,0x00,0x00,0x00,0x00,0x00,0x00,0x00,0x00,0x00,0x00,0x0f,0x00,0x00,0x00,0x00,0x1f,0x80,0x00,0x00,0x00,0x3f,
    0xc0,0x00,0x00,0x00,0x3f,0xc0,0x00,0x00,0x00,0x3f,0xc0,0x00,0x00,0x00,0x1f,0x80,0x00,0x00,0x00,0x0f,0x00,0x00,0x00,0x07,
    0xf8,0x00,0x00,0x03,0xfc,0x00,0x00,0x00,0xfe,0x00,0x00,0x00,0x7e,0x00,0x00,0x00,0x3f,0x00,0x00,0x00,0x1f,0x80,0x00,0x00,
    0x07,0xc0,0x00,0x00,0x00,0x00,0x00,0x00,0x00,0x00,0x00,0xff,0x00,0x0f,0xe0,0x7f,0x00,0x1f,0xe0,0x7f,0x80,0x1f,0xc0,0x3f,
    0x80,0x3f,0xc0,0x3f,0xc0,0x3f,0x80,0x1f,0xc0,0x7f,0x80,0x1f,0xe0,0x7f,0x00,0x0f,0xe0,0xff,0x00,0x0f,0xf0,0xfe,0x00,0x07,
    0xf1,0xfc,0x00,0x07,0xf9,0xfc,0x00,0x03,0xfb,0xf8,0x00,0x03,0xff,0xf8,0x00,0x01,0xff,0xf0,0x00,0x00,0xff,0xf0,0x00,0x00,
    0xff,0xe0,0x00,0x00,0x7f,0xe0,0x00,0x00,0x7f,0xc0,0x00,0x00,0x3f,0xc0,0x00,0x00,0x3f,0x80,0x00,0x00,0x3f,0x80,0x00,0x00,
    0x3f,0x80,0x00,0x00,0x3f,0x80,0x00,0x00,0x3f,0x80,0x00,0x00,0x3f,0x80,0x00,0x00,0x3f,0x80,0x00,0x00,0x3f,0x80,0x00,0x00,
    0x3f,0x80,0x00,0x00,0x3f,0x80,0x00,0x00,0x3f,0x80,0x00,0x00,0x3f,0x80,0x00,0x00,0x3f,0x80,0x00,0x0f,0xf0,0x00,0x00,0x07,
    0xf8,0x00,0x00,0x03,0xf8,0x00,0x00,0x00,0xfc,0x00,0x00,0x00,0x7e,0x00,0x00,0x00,0x3f,0x00,0x00,0x00,0x1f,0x80,0x00,0x00,
    0x00,0x00,0x00,0x00,0x00,0x00,0x00,0xfe,0x00,0x3f,0x80,0xff,0x00,0x7f,0x80,0x7f,0x00,0x7f,0x00,0x7f,0x00,0x7f,0x00,0x3f,
    0x80,0x7e,0x00,0x3f,0x80,0xfe,0x00,0x3f,0x80,0xfe,0x00,0x1f,0xc0,0xfc,0x00,0x1f,0xc1,0xfc,0x00,0x0f,0xc1,0xfc,0x00,0x0f,
    0xe1,0xf8,0x00,0x0f,0xe3,0xf8,0x00,0x07,0xe3,0xf8,0x00,0x07,0xf3,0xf0,0x00,0x07,0xf7,0xf0,0x00,0x03,0xf7,0xf0,0x00,0x03,
    0xf7,0xe0,0x00,0x01,0xff,0xe0,0x00,0x01,0xff,0xc0,0x00,0x01,0xff,0xc0,0x00,0x00,0xff,0xc0,0x00,0x00,0xff,0x80,0x00,0x00,
    0x7f,0x80,0x00,0x00,0x7f,0x80,0x00,0x00,0x7f,0x00,0x00,0x00,0x7f,0x00,0x00,0x00,0x7f,0x00,0x00,0x00,0x7e,0x00,0x00,0x00,
    0xfe,0x00,0x00,0x01,0xfc,0x00,0x00,0x27,0xfc,0x00,0x00,0x7f,0xf8,0x00,0x00,0x7f,0xf8,0x00,0x00,0x7f,0xf0,0x00,0x00,0x7f,
    0xc0,0x00,0x00,0x3f,0x00,0x00,0x00,0xff,0x00,0x0f,0xe0,0x7f,0x00,0x1f,0xe0,0x7f,0x80,0x1f,0xc0,0x3f,0x80,0x3f,0xc0,0x3f,
    0xc0,0x3f,0x80,0x1f,0xc0,0x7f,0x80,0x1f,0xe0,0x7f,0x00,0x0f,0xe0,0xff,0x00,0x0f,0xf0,0xfe,0x00,0x07,0xf1,0xfc,0x00,0x07,
    0xf9,0xfc,0x00,0x03,0xfb,0xf8,0x00,0x03,0xff,0xf8,0x00,0x01,0xff,0xf0,0x00,0x00,0xff,0xf0,0x00,0x00,0xff,0xe0,0x00,0x00,
    0x7f,0xe0,0x00,0x00,0x7f,0xc0,0x00,0x00,0x3f,0xc0,0x00,0x00,0x3f,0x80,0x00,0x00,0x3f,0x80,0x00,0x00,0x3f,0x80,0x00,0x00,
    0x3f,0x80,0x00,0x00,0x3f,0x80,0x00,0x00,0x3f,0x80,0x00,0x00,0x3f,0x80,0x00,0x00,0x3f,0x80,0x00,0x00,0x3f,0x80,0x00,0x00,
    0x3f,0x80,0x00,0x00,0x3f,0x80,0x00,0x00,0x3f,0x80,0x00,0x00,0x3f,0x80,0x00,0x00,0x00,0x00,0x00,0x00,0x00,0x00,0x00,0x00,
    0x0f,0x00,0x00,0x00,0x3f,0x80,0x00,0x00,0x3f,0x80,0x00,0x00,0x3f,0x80,0x00,0x00,0x3f,0x80,0x00,0x00,0x3f,0x80,0x00,0x00,
    0x0f,0x00,0x00,0xfe,0x00,0x3f,0x80,0xff,0x00,0x7f,0x80,0x7f,0x00,0x7f,0x00,0x7f,0x00,0x7f,0x00,0x3f,0x80,0x7e,0x00,0x3f,
    0x80,0xfe,0x00,0x3f,0x80,0xfe,0x00,0x1f,0xc0,0xfc,0x00,0x1f,0xc1,0xfc,0x00,0x0f,0xc1,0xfc,0x00,0x0f,0xe1,0xf8,0x00,0x0f,
    0xe3,0xf8,0x00,0x07,0xe3,0xf8,0x00,0x07,0xf3,0xf0,0x00,0x07,0xf7,0xf0,0x00,0x03,0xf7,0xf0,0x00,0x03,0xf7,0xe0,0x00,0x01,
    0xff,0xe0,0x00,0x01,0xff,0xc0,0x00,0x01,0xff,0xc0,0x00,0x00,0xff,0xc0,0x00,0x00,0xff,0x80,0x00,0x00,0x7f,0x80,0x00,0x00,
    0x7f,0x80,0x00,0x00,0x7f,0x00,0x00,0x00,0x7f,0x00,0x00,0x00,0x7f,0x00,0x00,0x00,0x7e,0x3c,0x00,0x00,0xfe,0x7e,0x00,0x01,
    0xfc,0xff,0x00,0x27,0xfc,0xff,0x00,0x7f,0xf8,0xff,0x00,0x7f,0xf8,0x7e,0x00,0x7f,0xf0,0x3c,0x00,0x7f,0xc0,0x00,0x00,0x3f,
    0x00,0x00,0x00,0x00,0x3f,0x00,0x00,0x00,0x7f,0xc0,0x00,0x00,0x7f,0xe0,0x00,0x00,0x7f,0xe0,0x00,0x00,0x07,0xe0,0x00,0x00,
    0x03,0xe0,0x00,0x00,0x03,0xe0,0x00,0x00,0x0f,0xc0,0x00,0x00,0x1f,0x80,0x00,0x00,0x1f,0x00,0x00,0x00,0x0f,0x00,0x00,0x00,
    0x00,0x00,0x00,0x00,0x00,0x00,0x00,0xff,0x00,0x0f,0xe0,0x7f,0x00,0x1f,0xe0,0x7f,0x80,0x1f,0xc0,0x3f,0x80,0x3f,0xc0,0x3f,
    0xc0,0x3f,0x80,0x1f,0xc0,0x7f,0x80,0x1f,0xe0,0x7f,0x00,0x0f,0xe0,0xff,0x00,0x0f,0xf0,0xfe,0x00,0x07,0xf1,0xfc,0x00,0x07,
    0xf9,0xfc,0x00,0x03,0xfb,0xf8,0x00,0x03,0xff,0xf8,0x00,0x01,0xff,0xf0,0x00,0x00,0xff,0xf0,0x00,0x00,0xff,0xe0,0x00,0x00,
    0x7f,0xe0,0x00,0x00,0x7f,0xc0,0x00,0x00,0x3f,0xc0,0x00,0x00,0x3f,0x80,0x00,0x00,0x3f,0x80,0x00,0x00,0x3f,0x80,0x00,0x00,
    0x3f,0x80,0x00,0x00,0x3f,0x80,0x00,0x00,0x3f,0x80,0x00,0x00,0x3f,0x80,0x00,0x00,0x3f,0x80,0x00,0x00,0x3f,0x80,0x00,0x00,
    0x3f,0x80,0x00,0x00,0x3f,0x80,0x00,0x00,0x3f,0x80,0x00,0x00,0x3f,0x80,0x00,0x00,0xfe,0x00,0x00,0x00,0xff,0x80,0x00,0x00,
    0xff,0xc0,0x00,0x00,0xff,0xc0,0x00,0x00,0x0f,0xc0,0x00,0x00,0x07,0xc0,0x00,0x00,0x0f,0x80,0x00,0x00,0x3f,0x80,0x00,0x00,
    0x3e,0x00,0x00,0x00,0x3c,0x00,0x00,0x00,0x00,0x00,0x00,0x00,0x00,0x00,0x00,0xfe,0x00,0x3f,0x80,0xff,0x00,0x7f,0x80,0x7f,
    0x00,0x7f,0x00,0x7f,0x00,0x7f,0x00,0x3f,0x80,0x7e,0x00,0x3f,0x80,0xfe,0x00,0x3f,0x80,0xfe,0x00,0x1f,0xc0,0xfc,0x00,0x1f,
    0xc1,0xfc,0x00,0x0f,0xc1,0xfc,0x00,0x0f,0xe1,0xf8,0x00,0x0f,0xe3,0xf8,0x00,0x07,0xe3,0xf8,0x00,0x07,0xf3,0xf0,0x00,0x07,
    0xf7,0xf0,0x00,0x03,0xf7,0xf0,0x00,0x03,0xf7,0xe0,0x00,0x01,0xff,0xe0,0x00,0x01,0xff,0xc0,0x00,0x01,0xff,0xc0,0x00,0x00,
    0xff,0xc0,0x00,0x00,0xff,0x80,0x00,0x00,0x7f,0x80,0x00,0x00,0x7f,0x80,0x00,0x00,0x7f,0x00,0x00,0x00,0x7f,0x00,0x00,0x00,
    0x7f,0x00,0x00,0x00,0x7e,0x00,0x00,0x00,0xfe,0x00,0x00,0x01,0xfc,0x00,0x00,0x27,0xfc,0x00,0x00,0x7f,0xf8,0x00,0x00,0x7f,
    0xf8,0x00,0x00,0x7f,0xf0,0x00,0x00,0x7f,0xc0,0x00,0x00,0x3f,0x00,0x00,0x00,0x00,0xf8,0x1e,0x00,0x01,0xfc,0x1c,0x00,0x03,
    0xff,0x3c,0x00,0x03,0xff,0xfc,0x00,0x07,0x8f,0xf8,0x00,0x07,0x87,0xf0,0x00,0x07,0x01,0xe0,0x00,0x00,0x00,0x00,0x00,0x00,
    0x00,0x00,0x00,0xff,0x00,0x0f,0xe0,0x7f,0x00,0x1f,0xe0,0x7f,0x80,0x1f,0xc0,0x3f,0x80,0x3f,0xc0,0x3f,0xc0,0x3f,0x80,0x1f,
    0xc0,0x7f,0x80,0x1f,0xe0,0x7f,0x00,0x0f,0xe0,0xff,0x00,0x0f,0xf0,0xfe,0x00,0x07,0xf1,0xfc,0x00,0x07,0xf9,0xfc,0x00,0x03,
    0xfb,0xf8,0x00,0x03,0xff,0xf8,0x00,0x01,0xff,0xf0,0x00,0x00,0xff,0xf0,0x00,0x00,0xff,0xe0,0x00,0x00,0x7f,0xe0,0x00,0x00,
    0x7f,0xc0,0x00,0x00,0x3f,0xc0,0x00,0x00,0x3f,0x80,0x00,0x00,0x3f,0x80,0x00,0x00,0x3f,0x80,0x00,0x00,0x3f,0x80,0x00,0x00,
    0x3f,0x80,0x00,0x00,0x3f,0x80,0x00,0x00,0x3f,0x80,0x00,0x00,0x3f,0x80,0x00,0x00,0x3f,0x80,0x00,0x00,0x3f,0x80,0x00,0x00,
    0x3f,0x80,0x00,0x00,0x3f,0x80,0x00,0x00,0x3f,0x80,0x00,0x01,0xe0,0x38,0x00,0x03,0xf8,0x38,0x00,0x07,0xfe,0x78,0x00,0x0f,
    0xff,0xf8,0x00,0x0f,0x3f,0xf0,0x00,0x0e,0x0f,0xe0,0x00,0x0e,0x03,0xc0,0x00,0x00,0x00,0x00,0x00,0x00,0x00,0x00,0x00,0xfe,
    0x00,0x3f,0x80,0xff,0x00,0x7f,0x80,0x7f,0x00,0x7f,0x00,0x7f,0x00,0x7f,0x00,0x3f,0x80,0x7e,0x00,0x3f,0x80,0xfe,0x00,0x3f,
    0x80,0xfe,0x00,0x1f,0xc0,0xfc,0x00,0x1f,0xc1,0xfc,0x00,0x0f,0xc1,0xfc,0x00,0x0f,0xe1,0xf8,0x00,0x0f,0xe3,0xf8,0x00,0x07,
    0xe3,0xf8,0x00,0x07,0xf3,0xf0,0x00,0x07,0xf7,0xf0,0x00,0x03,0xf7,0xf0,0x00,0x03,0xf7,0xe0,0x00,0x01,0xff,0xe0,0x00,0x01,
    0xff,0xc0,0x00,0x01,0xff,0xc0,0x00,0x00,0xff,0xc0,0x00,0x00,0xff,0x80,0x00,0x00,0x7f,0x80,0x00,0x00,0x7f,0x80,0x00,0x00,
    0x7f,0x00,0x00,0x00,0x7f,0x00,0x00,0x00,0x7f,0x00,0x00,0x00,0x7e,0x00,0x00,0x00,0xfe,0x00,0x00,0x01,0xfc,0x00,0x00,0x27,
    0xfc,0x00,0x00,0x7f,0xf8,0x00,0x00,0x7f,0xf8,0x00,0x00,0x7f,0xf0,0x00,0x00,0x7f,0xc0,0x00,0x00,0x3f,0x00,0x00,0x00,0x00,
    0x00,0x00,0x3f,0xff,0xf0,0x3f,0xff,0xf0,0x3f,0xff,0xf0,0x3f,0xff,0xf0,0x3f,0xff,0xf0,0x00,0x00,0x00,0x00,0x00,0x00,0x00,
    0x00,0x00,0x00,0x00,0x00,0x00,0x00,0x00,0x00,0x00,0x00,0x00,0x00,0x00,0x00,0x00,0x00,0x00,0x00,0x00,0x00,0x00,0x00,0x00,
    0x00,0x00,0x00,0x00,0x00,0x3f,0xff,0xff,0xff,0xff,0xc0,0x3f,0xff,0xff,0xff,0xff,0xc0,0x3f,0xff,0xff,0xff,0xff,0xc0,0x3f,
    0xff,0xff,0xff,0xff,0xc0,0x3f,0xff,0xff,0xff,0xff,0xc0,0x00,0x00,0x00,0x00,0x00,0x00,0x00,0x00,0x00,0x00,0x00,0x00,0x00,
    0x00,0x00,0x00,0x00,0x00,0x00,0x00,0x00,0x00,0x00,0x00,0x00,0x00,0x00,0x00,0x00,0x00,0x00,0x00,0x00,0x00,0x00,0x00,0x00,
    0x00,0x00,0x00,0x00,0x00,0x00,0x00,0x00,0x00,0x00,0x00,0x00,0x00,0x00,0x00,0x00,0x00,0x00,0x00,0x00,0x00,0x00,0x00,0x0f,
    0x80,0x0f,0x80,0x1f,0x80,0x1f,0x00,0x3f,0x00,0x3f,0x00,0x3f,0x00,0x7f,0x00,0x7e,0x00,0x7e,0x00,0x7e,0x00,0x00,0x00,0x00,
    0x00,0x00,0x00,0x00,0x00,0x00,0x00,0x00,0x00,0x00,0x00,0x00,0x00,0x00,0x00,0x00,0x00,0x00,0x00,0x00,0x00,0x00,0x00,0x00,
    0x00,0x00,0x00,0x00,0x00,0x00,0x00,0x00,0x00,0x00,0x00,0x00,0x00,0x00,0x00,0x1f,0x80,0x3f,0x80,0x3f,0x80,0x3f,0x00,0x3f,
    0x00,0x3f,0x00,0x7e,0x00,0x7e,0x00,0x7c,0x00,0x7c,0x00,0x7c,0x00,0x00,0x00,0x00,0x00,0x00,0x00,0x00,0x00,0x00,0x00,0x00,
    0x00,0x00,0x00,0x00,0x00,0x00,0x00,0x00,0x00,0x00,0x00,0x00,0x00,0x00,0x00,0x00,0x00,0x00,0x00,0x00,0x00,0x00,0x00,0x00,
    0x00,0x00,0x00,0x00,0x00,0x00,0x00,0x0f,0x83,0xe0,0x0f,0x83,0xe0,0x1f,0x87,0xe0,0x1f,0x07,0xc0,0x3f,0x0f,0xc0,0x3f,0x0f,
    0xc0,0x3f,0x0f,0xc0,0x7f,0x1f,0xc0,0x7e,0x1f,0x80,0x7e,0x1f,0x80,0x7e,0x1f,0x80,0x00,0x00,0x00,0x00,0x00,0x00,0x00,0x00,
    0x00,0x00,0x00,0x00,0x00,0x00,0x00,0x00,0x00,0x00,0x00,0x00,0x00,0x00,0x00,0x00,0x00,0x00,0x00,0x00,0x00,0x00,0x00,0x00,
    0x00,0x00,0x00,0x00,0x00,0x00,0x00,0x00,0x00,0x00,0x00,0x00,0x00,0x00,0x00,0x00,0x00,0x00,0x00,0x00,0x00,0x00,0x00,0x00,
    0x00,0x00,0x00,0x00,0x00,0x00,0x00,0x1f,0x87,0xe0,0x3f,0x8f,0xe0,0x3f,0x8f,0xe0,0x3f,0x0f,0xc0,0x3f,0x0f,0xc0,0x3f,0x0f,
    0xc0,0x7e,0x1f,0x80,0x7e,0x1f,0x80,0x7c,0x1f,0x00,0x7c,0x1f,0x00,0x7c,0x1f,0x00,0x00,0x00,0x00,0x00,0x00,0x00,0x00,0x00,
    0x00,0x00,0x00,0x00,0x00,0x00,0x00,0x00,0x00,0x00,0x00,0x00,0x00,0x00,0x00,0x00,0x00,0x00,0x00,0x00,0x00,0x00,0x00,0x00,
    0x00,0x00,0x00,0x00,0x00,0x00,0x00,0x00,0x00,0x00,0x00,0x00,0x00,0x00,0x00,0x00,0x00,0x00,0x00,0x00,0x00,0x00,0x00,0x00,
    0x00,0x00,0x00,0x00,0x00,0x00,0x00,0x03,0xe0,0x00,0x0f,0xf8,0x00,0x1f,0xf8,0x00,0x1f,0xfc,0x00,0x3f,0xfc,0x00,0x3f,0xfc,
    0x00,0x3f,0xfc,0x00,0x3f,0xfc,0x00,0x3f,0xfc,0x00,0x3f,0xfc,0x00,0x1f,0xfc,0x00,0x1f,0xf8,0x00,0x0f,0xf0,0x00,0x03,0xe0,
    0x00,0x00,0x00,0x00,0x00,0x00,0x00,0x00,0x00,0x00,0x00,0x00,0x00,0x00,0x00,0x00,0x00,0x00,0x00,0x00,0x00,0x00,0x00,0x00,
    0x00,0x00,0x00,0x00,0x0f,0x00,0x78,0x07,0xc0,0x1f,0xc1,0xfc,0x0f,0xe0,0x1f,0xc1,0xfe,0x0f,0xe0,0x3f,0xc1,0xfe,0x0f,0xe0,
    0x1f,0xc1,0xfe,0x0f,0xe0,0x1f,0xc0,0xfc,0x0f,0xe0,0x0f,0x00,0x78,0x07,0xc0,0x00,0x00,0x00,0x00,0x0f,0xff,0xfc,0x00,0x0f,
    0xff,0xfc,0x00,0x0c,0x00,0x0c,0x00,0x0c,0x00,0x0c,0x00,0x0c,0x00,0x0c,0x00,0x0c,0x00,0x0c,0x00,0x0c,0x00,0x0c,0x00,0x0c,
    0x00,0x0c,0x00,0x0c,0x00,0x0c,0x00,0x0c,0x00,0x0c,0x00,0x0c,0x00,0x0c,0x00,0x0c,0x00,0x0c,0x00,0x0c,0x00,0x0c,0x00,0x0c,
    0x00,0x0c,0x00,0x0c,0x00,0x0c,0x00,0x0c,0x00,0x0c,0x00,0x0c,0x00,0x0c,0x00,0x0c,0x00,0x0c,0x00,0x0c,0x00,0x0c,0x00,0x0c,
    0x00,0x0c,0x00,0x0c,0x00,0x0c,0x00,0x0c,0x00,0x0c,0x00,0x0c,0x00,0x0c,0x00,0x0c,0x00,0x0c,0x00,0x0c,0x00,0x0c,0x00,0x0c,
    0x00,0x0c,0x00,0x0c,0x00,0x0c,0x00,0x0c,0x00,0x0c,0x00,0x0e,0x00,0x0c,0x00,0x0f,0xff,0xfc,0x00,0x0f,0xff,0xfc,0x00,0x00,
    0x00,0x00,0x00,0x0f,0xff,0xfc,0x00,0x0f,0xff,0xfc,0x00,0x0c,0x00,0x0c,0x00,0x0c,0x00,0x0c,0x00,0x0c,0x00,0x0c,0x00,0x0c,
    0x00,0x0c,0x00,0x0c,0x00,0x0c,0x00,0x0c,0x00,0x0c,0x00,0x0c,0x00,0x0c,0x00,0x0c,0x00,0x0c,0x00,0x0c,0x00,0x0c,0x00,0x0c,
    0x00,0x0c,0x00,0x0c,0x00,0x0c,0x00,0x0c,0x00,0x0c,0x00,0x0c,0x00,0x0c,0x00,0x0c,0x00,0x0c,0x00,0x0c,0x00,0x0c,0x00,0x0c,
    0x00,0x0c,0x00,0x0c,0x00,0x0c,0x00,0x0c,0x00,0x0c,0x00,0x0c,0x00,0x0c,0x00,0x0c,0x00,0x0c,0x00,0x0c,0x00,0x0c,0x00,0x0c,
    0x00,0x0c,0x00,0x0c,0x00,0x0c,0x00,0x0c,0x00,0x0c,0x00,0x0c,0x00,0x0c,0x00,0x0c,0x00,0x0c,0x00,0x0e,0x00,0x0c,0x00,0x0f,
    0xff,0xfc,0x00,0x0f,0xff,0xfc,0x00,0x00,0x00,0x00,0x00,0x0f,0xff,0xfc,0x00,0x0f,0xff,0xfc,0x00,0x0c,0x00,0x0c,0x00,0x0c,
    0x00,0x0c,0x00,0x0c,0x00,0x0c,0x00,0x0c,0x00,0x0c,0x00,0x0c,0x00,0x0c,0x00,0x0c,0x00,0x0c,0x00,0x0c,0x00,0x0c,0x00,0x0c,
    0x00,0x0c,0x00,0x0c,0x00,0x0c,0x00,0x0c,0x00,0x0c,0x00,0x0c,0x00,0x0c,0x00,0x0c,0x00,0x0c,0x00,0x0c,0x00,0x0c,0x00,0x0c,
    0x00,0x0c,0x00,0x0c,0x00,0x0c,0x00,0x0c,0x00,0x0c,0x00,0x0c,0x00,0x0c,0x00,0x0c,0x00,0x0c,0x00,0x0c,0x00,0x0c,0x00,0x0c,
    0x00,0x0c,0x00,0x0c,0x00,0x0c,0x00,0x0c,0x00,0x0c,0x00,0x0c,0x00,0x0c,0x00,0x0c,0x00,0x0c,0x00,0x0c,0x00,0x0c,0x00,0x0c,
    0x00,0x0c,0x00,0x0e,0x00,0x0c,0x00,0x0f,0xff,0xfc,0x00,0x0f,0xff,0xfc,0x00,0x00,0x00,0x00,0x00,0x0f,0xff,0xfc,0x00,0x0f,
    0xff,0xfc,0x00,0x0c,0x00,0x0c,0x00,0x0c,0x00,0x0c,0x00,0x0c,0x00,0x0c,0x00,0x0c,0x00,0x0c,0x00,0x0c,0x00,0x0c,0x00,0x0c,
    0x00,0x0c,0x00,0x0c,0x00,0x0c,0x00,0x0c,0x00,0x0c,0x00,0x0c,0x00,0x0c,0x00,0x0c,0x00,0x0c,0x00,0x0c,0x00,0x0c,0x00,0x0c,
    0x00,0x0c,0x00,0x0c,0x00,0x0c,0x00,0x0c,0x00,0x0c,0x00,0x0c,0x00,0x0c,0x00,0x0c,0x00,0x0c,0x00,0x0c,0x00,0x0c,0x00,0x0c,
    0x00,0x0c,0x00,0x0c,0x00,0x0c,0x00,0x0c,0x00,0x0c,0x00,0x0c,0x00,0x0c,0x00,0x0c,0x00,0x0c,0x00,0x0c,0x00,0x0c,0x00,0x0c,
    0x00,0x0c,0x00,0x0c,0x00,0x0c,0x00,0x0c,0x00,0x0c,0x00,0x0e,0x00,0x0c,0x00,0x0f,0xff,0xfc,0x00,0x0f,0xff,0xfc,0x00,0x00,
    0x00,0x00,0x00,0x0f,0xff,0xfc,0x00,0x0f,0xff,0xfc,0x00,0x0c,0x00,0x0c,0x00,0x0c,0x00,0x0c,0x00,0x0c,0x00,0x0c,0x00,0x0c,
    0x00,0x0c,0x00,0x0c,0x00,0x0c,0x00,0x0c,0x00,0x0c,0x00,0x0c,0x00,0x0c,0x00,0x0c,0x00,0x0c,0x00,0x0c,0x00,0x0c,0x00,0x0c,
    0x00,0x0c,0x00,0x0c,0x00,0x0c,0x00,0x0c,0x00,0x0c,0x00,0x0c,0x00,0x0c,0x00,0x0c,0x00,0x0c,0x00,0x0c,0x00,0x0c,0x00,0x0c,
    0x00,0x0c,0x00,0x0c,0x00,0x0c,0x00,0x0c,0x00,0x0c,0x00,0x0c,0x00,0x0c,0x00,0x0c,0x00,0x0c,0x00,0x0c,0x00,0x0c,0x00,0x0c,
    0x00,0x0c,0x00,0x0c,0x00,0x0c,0x00,0x0c,0x00,0x0c,0x00,0x0c,0x00,0x0c,0x00,0x0c,0x00,0x0c,0x00,0x0e,0x00,0x0c,0x00,0x0f,
    0xff,0xfc,0x00,0x0f,0xff,0xfc,0x00,0x00,0x00,0x00,0x00,0x0f,0xff,0xfc,0x00,0x0f,0xff,0xfc,0x00,0x0c,0x00,0x0c,0x00,0x0c,
    0x00,0x0c,0x00,0x0c,0x00,0x0c,0x00,0x0c,0x00,0x0c,0x00,0x0c,0x00,0x0c,0x00,0x0c,0x00,0x0c,0x00,0x0c,0x00,0x0c,0x00,0x0c,
    0x00,0x0c,0x00,0x0c,0x00,0x0c,0x00,0x0c,0x00,0x0c,0x00,0x0c,0x00,0x0c,0x00,0x0c,0x00,0x0c,0x00,0x0c,0x00,0x0c,0x00,0x0c,
    0x00,0x0c,0x00,0x0c,0x00,0x0c,0x00,0x0c,0x00,0x0c,0x00,0x0c,0x00,0x0c,0x00,0x0c,0x00,0x0c,0x00,0x0c,0x00,0x0c,0x00,0x0c,
    0x00,0x0c,0x00,0x0c,0x00,0x0c,0x00,0x0c,0x00,0x0c,0x00,0x0c,0x00,0x0c,0x00,0x0c,0x00,0x0c,0x00,0x0c,0x00,0x0c,0x00,0x0c,
    0x00,0x0c,0x00,0x0e,0x00,0x0c,0x00,0x0f,0xff,0xfc,0x00,0x0f,0xff,0xfc,0x00,0x00,0x00,0x00,0x00,0x0f,0xff,0xfc,0x00,0x0f,
    0xff,0xfc,0x00,0x0c,0x00,0x0c,0x00,0x0c,0x00,0x0c,0x00,0x0c,0x00,0x0c,0x00,0x0c,0x00,0x0c,0x00,0x0c,0x00,0x0c,0x00,0x0c,
    0x00,0x0c,0x00,0x0c,0x00,0x0c,0x00,0x0c,0x00,0x0c,0x00,0x0c,0x00,0x0c,0x00,0x0c,0x00,0x0c,0x00,0x0c,0x00,0x0c,0x00,0x0c,
    0x00,0x0c,0x00,0x0c,0x00,0x0c,0x00,0x0c,0x00,0x0c,0x00,0x0c,0x00,0x0c,0x00,0x0c,0x00,0x0c,0x00,0x0c,0x00,0x0c,0x00,0x0c,
    0x00,0x0c,0x00,0x0c,0x00,0x0c,0x00,0x0c,0x00,0x0c,0x00,0x0c,0x00,0x0c,0x00,0x0c,0x00,0x0c,0x00,0x0c,0x00,0x0c,0x00,0x0c,
    0x00,0x0c,0x00,0x0c,0x00,0x0c,0x00,0x0c,0x00,0x0c,0x00,0x0e,0x00,0x0c,0x00,0x0f,0xff,0xfc,0x00,0x0f,0xff,0xfc,0x00,0x00,
    0x00,0x00,0x00,0x0f,0xff,0xfc,0x00,0x0f,0xff,0xfc,0x00,0x0c,0x00,0x0c,0x00,0x0c,0x00,0x0c,0x00,0x0c,0x00,0x0c,0x00,0x0c,
    0x00,0x0c,0x00,0x0c,0x00,0x0c,0x00,0x0c,0x00,0x0c,0x00,0x0c,0x00,0x0c,0x00,0x0c,0x00,0x0c,0x00,0x0c,0x00,0x0c,0x00,0x0c,
    0x00,0x0c,0x00,0x0c,0x00,0x0c,0x00,0x0c,0x00,0x0c,0x00,0x0c,0x00,0x0c,0x00,0x0c,0x00,0x0c,0x00,0x0c,0x00,0x0c,0x00,0x0c,
    0x00,0x0c,0x00,0x0c,0x00,0x0c,0x00,0x0c,0x00,0x0c,0x00,0x0c,0x00,0x0c,0x00,0x0c,0x00,0x0c,0x00,0x0c,0x00,0x0c,0x00,0x0c,
    0x00,0x0c,0x00,0x0c,0x00,0x0c,0x00,0x0c,0x00,0x0c,0x00,0x0c,0x00,0x0c,0x00,0x0c,0x00,0x0c,0x00,0x0e,0x00,0x0c,0x00,0x0f,
    0xff,0xfc,0x00,0x0f,0xff,0xfc,0x00,0x00,0x00,0x00,0x00,0x0f,0xff,0xfc,0x00,0x0f,0xff,0xfc,0x00,0x0c,0x00,0x0c,0x00,0x0c,
    0x00,0x0c,0x00,0x0c,0x00,0x0c,0x00,0x0c,0x00,0x0c,0x00,0x0c,0x00,0x0c,0x00,0x0c,0x00,0x0c,0x00,0x0c,0x00,0x0c,0x00,0x0c,
    0x00,0x0c,0x00,0x0c,0x00,0x0c,0x00,0x0c,0x00,0x0c,0x00,0x0c,0x00,0x0c,0x00,0x0c,0x00,0x0c,0x00,0x0c,0x00,0x0c,0x00,0x0c,
    0x00,0x0c,0x00,0x0c,0x00,0x0c,0x00,0x0c,0x00,0x0c,0x00,0x0c,0x00,0x0c,0x00,0x0c,0x00,0x0c,0x00,0x0c,0x00,0x0c,0x00,0x0c,
    0x00,0x0c,0x00,0x0c,0x00,0x0c,0x00,0x0c,0x00,0x0c,0x00,0x0c,0x00,0x0c,0x00,0x0c,0x00,0x0c,0x00,0x0c,0x00,0x0c,0x00,0x0c,
    0x00,0x0c,0x00,0x0e,0x00,0x0c,0x00,0x0f,0xff,0xfc,0x00,0x0f,0xff,0xfc,0x00,0x00,0x00,0x00,0x00,0x0f,0xff,0xfc,0x00,0x0f,
    0xff,0xfc,0x00,0x0c,0x00,0x0c,0x00,0x0c,0x00,0x0c,0x00,0x0c,0x00,0x0c,0x00,0x0c,0x00,0x0c,0x00,0x0c,0x00,0x0c,0x00,0x0c,
    0x00,0x0c,0x00,0x0c,0x00,0x0c,0x00,0x0c,0x00,0x0c,0x00,0x0c,0x00,0x0c,0x00,0x0c,0x00,0x0c,0x00,0x0c,0x00,0x0c,0x00,0x0c,
    0x00,0x0c,0x00,0x0c,0x00,0x0c,0x00,0x0c,0x00,0x0c,0x00,0x0c,0x00,0x0c,0x00,0x0c,0x00,0x0c,0x00,0x0c,0x00,0x0c,0x00,0x0c,
    0x00,0x0c,0x00,0x0c,0x00,0x0c,0x00,0x0c,0x00,0x0c,0x00,0x0c,0x00,0x0c,0x00,0x0c,0x00,0x0c,0x00,0x0c,0x00,0x0c,0x00,0x0c,
    0x00,0x0c,0x00,0x0c,0x00,0x0c,0x00,0x0c,0x00,0x0c,0x00,0x0e,0x00,0x0c,0x00,0x0f,0xff,0xfc,0x00,0x0f,0xff,0xfc,0x00,
};
static const gfx_glyph_t font_large_glyphs[] = {
    {0x0020, 11, 0, 0, 0, 0, 0},
    {0x0021, 13, 13, 32, 0, 16, 0},
    {0x0022, 21, 21, 32, 0, 16, 64},
    {0x0023, 28, 28, 32, 0, 16, 160},
    {0x0024, 25, 25, 37, 0, 14, 288},
    {0x0025, 40, 40, 33, 0, 15, 436},
    {0x0026, 33, 33, 33, 0, 15, 601},
    {0x0027, 12, 12, 32, 0, 16, 766},
    {0x0028, 15, 15, 39, 0, 16, 830},
    {0x0029, 15, 15, 39, 0, 16, 908},
    {0x002a, 24, 24, 34, 0, 14, 986},
    {0x002b, 25, 25, 27, 0, 21, 1088},
    {0x002c, 13, 13, 11, 0, 43, 1196},
    {0x002d, 14, 14, 15, 0, 33, 1218},
    {0x002e, 13, 13, 7, 0, 41, 1248},
    {0x002f, 18, 18, 32, 0, 16, 1262},
    {0x0030, 25, 25, 33, 0, 15, 1358},
    {0x0031, 25, 25, 32, 0, 16, 1490},
    {0x0032, 25, 25, 33, 0, 15, 1618},
    {0x0033, 25, 25, 33, 0, 15, 1750},
    {0x0034, 25, 25, 32, 0, 16, 1882},
    {0x0035, 25, 25, 32, 0, 16, 2010},
    {0x0036, 25, 25, 33, 0, 15, 2138},
    {0x0037, 25, 25, 32, 0, 16, 2270},
    {0x0038, 25, 25, 33, 0, 15, 2398},
    {0x0039, 25, 25, 33, 0, 15, 2530},
    {0x003a, 13, 13, 25, 0, 23, 2662},
    {0x003b, 13, 13, 30, 0, 23, 2712},
    {0x003c, 25, 25, 28, 0, 20, 2772},
    {0x003d, 25, 25, 22, 0, 26, 2884},
    {0x003e, 25, 25, 28, 0, 20, 2972},
    {0x003f, 21, 21, 33, 0, 15, 3084},
    {0x0040, 39, 39, 36, 0, 16, 3183},
    {0x0041, 30, 31, 32, 0, 16, 3363},
    {0x0042, 30, 30, 32, 0, 16, 3491},
    {0x0043, 28, 28, 33, 0, 15, 3619},
    {0x0044, 33, 33, 32, 0, 16, 3751},
    {0x0045, 25, 25, 32, 0, 16, 3911},
    {0x0046, 24, 24, 32, 0, 16, 4039},
    {0x0047, 32, 32, 33, 0, 15, 4135},
    {0x0048, 34, 34, 32, 0, 16, 4267},
    {0x0049, 17, 17, 32, 0, 16, 4427},
    {0x004a, 15, 19, 42, -4, 16, 4523},
    {0x004b, 29, 30, 32, 0, 16, 4649},
    {0x004c, 25, 25, 32, 0, 16, 4777},
    {0x004d, 41, 41, 32, 0, 16, 4905},
    {0x004e, 36, 36, 32, 0, 16, 5097},
    {0x004f, 35, 35, 33, 0, 15, 5257},
    {0x0050, 28, 28, 32, 0, 16, 5422},
    {0x0051, 35, 35, 40, 0, 15, 5550},
    {0x0052, 29, 30, 32, 0, 16, 5750},
    {0x0053, 24, 24, 33, 0, 15, 5878},
    {0x0054, 25, 25, 32, 0, 16, 5977},
    {0x0055, 33, 33, 32, 0, 16, 6105},
    {0x0056, 29, 29, 32, 0, 16, 6265},
    {0x0057, 43, 43, 32, 0, 16, 6393},
    {0x0058, 29, 30, 32, 0, 16, 6585},
    {0x0059, 27, 28, 32, 0, 16, 6713},
    {0x005a, 25, 25, 32, 0, 16, 6841},
    {0x005b, 15, 15, 40, 0, 16, 6969},
    {0x005c, 18, 18, 32, 0, 16, 7049},
    {0x005d, 15, 15, 40, 0, 16, 7145},
    {0x005e, 25, 25, 32, 0, 16, 7225},
    {0x005f, 18, 20, 7, -1, 48, 7353},
    {0x0060, 16, 16, 34, 0, 14, 7374},
    {0x0061, 27, 27, 25, 0, 23, 7442},
    {0x0062, 28, 28, 34, 0, 14, 7542},
    {0x0063, 23, 23, 25, 0, 23, 7678},
    {0x0064, 28, 28, 34, 0, 14, 7753},
    {0x0065, 26, 26, 25, 0, 23, 7889},
    {0x0066, 17, 20, 34, 0, 14, 7989},
    {0x0067, 28, 28, 36, 0, 23, 8091},
    {0x0068, 29, 29, 34, 0, 14, 8235},
    {0x0069, 13, 13, 34, 0, 14, 8371},
    {0x006a, 13, 16, 45, -3, 14, 8439},
    {0x006b, 27, 28, 34, 0, 14, 8529},
    {0x006c, 13, 13, 34, 0, 14, 8665},
    {0x006d, 43, 43, 25, 0, 23, 8733},
    {0x006e, 29, 29, 25, 0, 23, 8883},
    {0x006f, 27, 27, 25, 0, 23, 8983},
    {0x0070, 28, 28, 36, 0, 23, 9083},
    {0x0071, 28, 28, 36, 0, 23, 9227},
    {0x0072, 20, 20, 25, 0, 23, 9371},
    {0x0073, 22, 22, 25, 0, 23, 9446},
    {0x0074, 19, 19, 30, 0, 18, 9521},
    {0x0075, 29, 29, 25, 0, 23, 9611},
    {0x0076, 25, 26, 25, 0, 23, 9711},
    {0x0077, 38, 38, 25, 0, 23, 9811},
    {0x0078, 25, 26, 25, 0, 23, 9936},
    {0x0079, 25, 26, 36, 0, 23, 10036},
    {0x007a, 21, 21, 25, 0, 23, 10180},
    {0x007b, 17, 17, 40, 0, 16, 10255},
    {0x007c, 24, 24, 44, 0, 14, 10375},
    {0x007d, 17, 17, 40, 0, 16, 10507},
    {0x007e, 25, 25, 21, 0, 27, 10627},
    {0x00a0, 11, 0, 0, 0, 0, 10711},
    {0x00a1, 13, 13, 32, 0, 23, 10711},
    {0x00a2, 25, 25, 32, 0, 16, 10775},
    {0x00a3, 25, 25, 33, 0, 15, 10903},
    {0x00a4, 25, 25, 27, 0, 21, 11035},
    {0x00a5, 25, 25, 32, 0, 16, 11143},
    {0x00a6, 24, 24, 44, 0, 14, 11271},
    {0x00a7, 21, 21, 34, 0, 14, 11403},
    {0x00a8, 27, 27, 34, 0, 14, 11505},
    {0x00a9, 37, 37, 33, 0, 15, 11641},
    {0x00aa, 17, 17, 32, 0, 16, 11806},
    {0x00ab, 27, 27, 23, 0, 25, 11902},
    {0x00ac, 25, 25, 19, 0, 29, 11994},
    {0x00ad, 0, 0, 0, 0, 0, 12070},
    {0x00ae, 37, 37, 33, 0, 15, 12070},
    {0x00af, 22, 24, 38, -1, 10, 12235},
    {0x00b0, 19, 19, 32, 0, 16, 12349},
    {0x00b1, 25, 25, 28, 0, 20, 12445},
    {0x00b2, 17, 17, 38, 0, 10, 12557},
    {0x00b3, 17, 17, 38, 0, 10, 12671},
    {0x00b4, 16, 16, 34, 0, 14, 12785},
    {0x00b5, 29, 29, 36, 0, 23, 12853},
    {0x00b6, 29, 29, 40, 0, 14, 12997},
    {0x00b7, 13, 13, 19, 0, 29, 13157},
    {0x00b8, 9, 10, 11, -1, 48, 13195},
    {0x00b9, 17, 17, 37, 0, 11, 13217},
    {0x00ba, 17, 17, 32, 0, 16, 13328},
    {0x00bb, 27, 27, 23, 0, 25, 13424},
    {0x00bc, 37, 37, 32, 0, 16, 13516},
    {0x00bd, 38, 38, 32, 0, 16, 13676},
    {0x00be, 37, 37, 33, 0, 15, 13836},
    {0x00bf, 21, 21, 33, 0, 25, 14001},
    {0x00c0, 30, 31, 41, 0, 7, 14100},
    {0x00c1, 30, 31, 41, 0, 7, 14264},
    {0x00c2, 30, 31, 41, 0, 7, 14428},
    {0x00c3, 30, 31, 41, 0, 7, 14592},
    {0x00c4, 30, 31, 41, 0, 7, 14756},
    {0x00c5, 30, 31, 39, 0, 9, 14920},
    {0x00c6, 42, 42, 32, 0, 16, 15076},
    {0x00c7, 28, 28, 44, 0, 15, 15268},
    {0x00c8, 25, 25, 41, 0, 7, 15444},
    {0x00c9, 25, 25, 41, 0, 7, 15608},
    {0x00ca, 25, 25, 41, 0, 7, 15772},
    {0x00cb, 25, 25, 41, 0, 7, 15936},
    {0x00cc, 17, 17, 41, 0, 7, 16100},
    {0x00cd, 17, 18, 41, 0, 7, 16223},
    {0x00ce, 17, 19, 41, -1, 7, 16346},
    {0x00cf, 17, 17, 41, 0, 7, 16469},
    {0x00d0, 33, 33, 32, 0, 16, 16592},
    {0x00d1, 36, 36, 41, 0, 7, 16752},
    {0x00d2, 35, 35, 41, 0, 7, 16957},
    {0x00d3, 35, 35, 41, 0, 7, 17162},
    {0x00d4, 35, 35, 41, 0, 7, 17367},
    {0x00d5, 35, 35, 41, 0, 7, 17572},
    {0x00d6, 35, 35, 41, 0, 7, 17777},
    {0x00d7, 25, 25, 26, 0, 22, 17982},
    {0x00d8, 35, 35, 36, 0, 14, 18086},
    {0x00d9, 33, 33, 41, 0, 7, 18266},
    {0x00da, 33, 33, 41, 0, 7, 18471},
    {0x00db, 33, 33, 41, 0, 7, 18676},
    {0x00dc, 33, 33, 41, 0, 7, 18881},
    {0x00dd, 27, 28, 41, 0, 7, 19086},
    {0x00de, 28, 28, 32, 0, 16, 19250},
    {0x00df, 31, 31, 34, 0, 14, 19378},
    {0x00e0, 27, 27, 34, 0, 14, 19514},
    {0x00e1, 27, 27, 34, 0, 14, 19650},
    {0x00e2, 27, 27, 34, 0, 14, 19786},
    {0x00e3, 27, 27, 34, 0, 14, 19922},
    {0x00e4, 27, 27, 34, 0, 14, 20058},
    {0x00e5, 27, 27, 37, 0, 11, 20194},
    {0x00e6, 40, 40, 25, 0, 23, 20342},
    {0x00e7, 23, 23, 36, 0, 23, 20467},
    {0x00e8, 26, 26, 34, 0, 14, 20575},
    {0x00e9, 26, 26, 34, 0, 14, 20711},
    {0x00ea, 26, 26, 34, 0, 14, 20847},
    {0x00eb, 26, 26, 34, 0, 14, 20983},
    {0x00ec, 13, 15, 34, -2, 14, 21119},
    {0x00ed, 13, 16, 34, 0, 14, 21187},
    {0x00ee, 13, 20, 34, -3, 14, 21255},
    {0x00ef, 13, 16, 34, -1, 14, 21357},
    {0x00f0, 27, 27, 35, 0, 13, 21425},
    {0x00f1, 29, 29, 34, 0, 14, 21565},
    {0x00f2, 27, 27, 34, 0, 14, 21701},
    {0x00f3, 27, 27, 34, 0, 14, 21837},
    {0x00f4, 27, 27, 34, 0, 14, 21973},
    {0x00f5, 27, 27, 34, 0, 14, 22109},
    {0x00f6, 27, 27, 34, 0, 14, 22245},
    {0x00f7, 25, 25, 27, 0, 21, 22381},
    {0x00f8, 27, 27, 28, 0, 22, 22489},
    {0x00f9, 29, 29, 34, 0, 14, 22601},
    {0x00fa, 29, 29, 34, 0, 14, 22737},
    {0x00fb, 29, 29, 34, 0, 14, 22873},
    {0x00fc, 29, 29, 34, 0, 14, 23009},
    {0x00fd, 25, 26, 45, 0, 14, 23145},
    {0x00fe, 28, 28, 45, 0, 14, 23325},
    {0x00ff, 25, 26, 45, 0, 14, 23505},
    {0x0102, 30, 31, 42, 0, 6, 23685},
    {0x0103, 27, 27, 35, 0, 13, 23853},
    {0x0110, 33, 33, 32, 0, 16, 23993},
    {0x0111, 29, 29, 34, 0, 14, 24153},
    {0x0128, 17, 19, 41, -1, 7, 24289},
    {0x0129, 13, 19, 34, -3, 14, 24412},
    {0x0168, 33, 33, 41, 0, 7, 24514},
    {0x0169, 29, 29, 34, 0, 14, 24719},
    {0x01a0, 36, 38, 34, 0, 14, 24855},
    {0x01a1, 30, 32, 29, 0, 19, 25025},
    {0x01a2, 50, 50, 33, 0, 15, 25141},
    {0x01a3, 41, 41, 36, 0, 23, 25372},
    {0x01a4, 33, 33, 32, 0, 16, 25588},
    {0x01a5, 28, 28, 45, 0, 14, 25748},
    {0x01a6, 29, 30, 37, 0, 16, 25928},
    {0x01a7, 24, 24, 33, 0, 15, 26076},
    {0x01a8, 22, 22, 25, 0, 23, 26175},
    {0x01a9, 26, 26, 32, 0, 16, 26250},
    {0x01aa, 18, 22, 45, -1, 14, 26378},
    {0x01ab, 19, 19, 41, 0, 18, 26513},
    {0x01ac, 27, 27, 32, 0, 16, 26636},
    {0x01ad, 19, 19, 34, 0, 14, 26764},
    {0x01ae, 25, 25, 43, 0, 16, 26866},
    {0x01af, 39, 40, 34, 0, 14, 27038},
    {0x01b0, 33, 36, 29, 0, 19, 27208},
    {0x1ea0, 30, 31, 41, 0, 16, 27353},
    {0x1ea1, 27, 27, 34, 0, 23, 27517},
    {0x1ea2, 30, 31, 45, 0, 3, 27653},
    {0x1ea3, 27, 27, 38, 0, 10, 27833},
    {0x1ea4, 30, 31, 44, 0, 4, 27985},
    {0x1ea5, 27, 28, 37, 0, 11, 28161},
    {0x1ea6, 30, 31, 44, 0, 4, 28309},
    {0x1ea7, 27, 28, 37, -1, 11, 28485},
    {0x1ea8, 30, 31, 47, 0, 1, 28633},
    {0x1ea9, 27, 27, 40, 0, 8, 28821},
    {0x1eaa, 30, 31, 47, 0, 1, 28981},
    {0x1eab, 27, 27, 40, 0, 8, 29169},
    {0x1eac, 30, 31, 50, 0, 7, 29329},
    {0x1ead, 27, 27, 43, 0, 14, 29529},
    {0x1eae, 30, 31, 46, 0, 2, 29701},
    {0x1eaf, 27, 27, 39, 0, 9, 29885},
    {0x1eb0, 30, 31, 46, 0, 2, 30041},
    {0x1eb1, 27, 27, 39, 0, 9, 30225},
    {0x1eb2, 30, 31, 47, 0, 1, 30381},
    {0x1eb3, 27, 27, 40, 0, 8, 30569},
    {0x1eb4, 30, 31, 47, 0, 1, 30729},
    {0x1eb5, 27, 27, 40, 0, 8, 30917},
    {0x1eb6, 30, 31, 51, 0, 6, 31077},
    {0x1eb7, 27, 27, 44, 0, 13, 31281},
    {0x1eb8, 25, 25, 41, 0, 16, 31457},
    {0x1eb9, 26, 26, 34, 0, 23, 31621},
    {0x1eba, 25, 25, 45, 0, 3, 31757},
    {0x1ebb, 26, 26, 38, 0, 10, 31937},
    {0x1ebc, 25, 25, 41, 0, 7, 32089},
    {0x1ebd, 26, 26, 34, 0, 14, 32253},
    {0x1ebe, 25, 28, 44, 0, 4, 32389},
    {0x1ebf, 26, 28, 37, 0, 11, 32565},
    {0x1ec0, 25, 27, 44, -2, 4, 32713},
    {0x1ec1, 26, 27, 37, -1, 11, 32889},
    {0x1ec2, 25, 26, 47, 0, 1, 33037},
    {0x1ec3, 26, 26, 40, 0, 8, 33225},
    {0x1ec4, 25, 25, 47, 0, 1, 33385},
    {0x1ec5, 26, 26, 40, 0, 8, 33573},
    {0x1ec6, 25, 25, 50, 0, 7, 33733},
    {0x1ec7, 26, 26, 43, 0, 14, 33933},
    {0x1ec8, 17, 17, 45, 0, 3, 34105},
    {0x1ec9, 13, 13, 37, 0, 11, 34240},
    {0x1eca, 17, 17, 41, 0, 16, 34314},
    {0x1ecb, 13, 13, 43, 0, 14, 34437},
    {0x1ecc, 35, 35, 42, 0, 15, 34523},
    {0x1ecd, 27, 27, 34, 0, 23, 34733},
    {0x1ece, 35, 35, 45, 0, 3, 34869},
    {0x1ecf, 27, 27, 38, 0, 10, 35094},
    {0x1ed0, 35, 35, 45, 0, 3, 35246},
    {0x1ed1, 27, 28, 37, 0, 11, 35471},
    {0x1ed2, 35, 35, 45, 0, 3, 35619},
    {0x1ed3, 27, 28, 37, -1, 11, 35844},
    {0x1ed4, 35, 35, 47, 0, 1, 35992},
    {0x1ed5, 27, 27, 40, 0, 8, 36227},
    {0x1ed6, 35, 35, 48, 0, 0, 36387},
    {0x1ed7, 27, 27, 40, 0, 8, 36627},
    {0x1ed8, 35, 35, 50, 0, 7, 36787},
    {0x1ed9, 27, 27, 43, 0, 14, 37037},
    {0x1eda, 36, 38, 41, 0, 7, 37209},
    {0x1edb, 30, 32, 34, 0, 14, 37414},
    {0x1edc, 36, 38, 41, 0, 7, 37550},
    {0x1edd, 30, 32, 34, 0, 14, 37755},
    {0x1ede, 36, 38, 45, 0, 3, 37891},
    {0x1edf, 30, 32, 38, 0, 10, 38116},
    {0x1ee0, 36, 38, 41, 0, 7, 38268},
    {0x1ee1, 30, 32, 34, 0, 14, 38473},
    {0x1ee2, 36, 38, 43, 0, 14, 38609},
    {0x1ee3, 30, 32, 38, 0, 19, 38824},
    {0x1ee4, 33, 33, 41, 0, 16, 38976},
    {0x1ee5, 29, 29, 34, 0, 23, 39181},
    {0x1ee6, 33, 33, 45, 0, 3, 39317},
    {0x1ee7, 29, 29, 38, 0, 10, 39542},
    {0x1ee8, 39, 40, 41, 0, 7, 39694},
    {0x1ee9, 33, 36, 34, 0, 14, 39899},
    {0x1eea, 39, 40, 41, 0, 7, 40069},
    {0x1eeb, 33, 36, 34, 0, 14, 40274},
    {0x1eec, 39, 40, 45, 0, 3, 40444},
    {0x1eed, 33, 36, 38, 0, 10, 40669},
    {0x1eee, 39, 40, 41, 0, 7, 40859},
    {0x1eef, 33, 36, 34, 0, 14, 41064},
    {0x1ef0, 39, 40, 43, 0, 14, 41234},
    {0x1ef1, 33, 36, 38, 0, 19, 41449},
    {0x1ef2, 27, 28, 41, 0, 7, 41639},
    {0x1ef3, 25, 26, 45, 0, 14, 41803},
    {0x1ef4, 27, 28, 41, 0, 16, 41983},
    {0x1ef5, 25, 26, 36, 0, 23, 42147},
    {0x1ef6, 27, 28, 45, 0, 3, 42291},
    {0x1ef7, 25, 26, 48, 0, 11, 42471},
    {0x1ef8, 27, 28, 41, 0, 7, 42663},
    {0x1ef9, 25, 26, 45, 0, 14, 42827},
    {0x2013, 22, 22, 16, 0, 32, 43007},
    {0x2014, 44, 44, 16, 0, 32, 43055},
    {0x2018, 10, 10, 32, 0, 16, 43151},
    {0x2019, 10, 10, 32, 0, 16, 43215},
    {0x201c, 20, 20, 32, 0, 16, 43279},
    {0x201d, 20, 20, 32, 0, 16, 43375},
    {0x2022, 17, 17, 23, 0, 25, 43471},
    {0x2026, 38, 38, 7, 0, 41, 43540},
    {0x2190, 26, 26, 32, 0, 16, 43575},
    {0x2191, 26, 26, 32, 0, 16, 43703},
    {0x2192, 26, 26, 32, 0, 16, 43831},
    {0x2193, 26, 26, 32, 0, 16, 43959},
    {0x2196, 26, 26, 32, 0, 16, 44087},
    {0x2197, 26, 26, 32, 0, 16, 44215},
    {0x2198, 26, 26, 32, 0, 16, 44343},
    {0x2199, 26, 26, 32, 0, 16, 44471},
    {0x21a9, 26, 26, 32, 0, 16, 44599},
    {0x21aa, 26, 26, 32, 0, 16, 44727},
};
const gfx_font_t font_large = {61, 48, 324, font_large_glyphs, font_large_bits};
